Date,Adj Close,Close,High,Low,Open,Volume,daily_return,next_open_return
2010-01-04,5232.2001953125,5232.2001953125,5238.4501953125,5167.10009765625,5200.89990234375,0,,0.008590976138780126
2010-01-05,5277.89990234375,5277.89990234375,5288.35009765625,5242.39990234375,5277.14990234375,0,0.008734319277804437,4.736732500165708e-05
2010-01-06,5281.7998046875,5281.7998046875,5310.85009765625,5260.0498046875,5278.14990234375,0,0.0007389117671630085,0.0
2010-01-07,5263.10009765625,5263.10009765625,5302.5498046875,5244.75,5281.7998046875,0,-0.0035404043550939512,0.00021848384458089676
2010-01-08,5244.75,5244.75,5276.75,5234.7001953125,5264.25,0,-0.003486556842120736,0.003632166392583125
2010-01-11,5249.39990234375,5249.39990234375,5287.2001953125,5227.7998046875,5263.7998046875,0,0.0008865822667905032,0.00032388374750058624
2010-01-12,5210.39990234375,5210.39990234375,5300.5,5200.9501953125,5251.10009765625,0,-0.007429420643412454,0.00042226995120087096
2010-01-13,5233.9501953125,5233.9501953125,5239.2001953125,5169.5498046875,5212.60009765625,0,0.0045198628531673,0.00010504583860826422
2010-01-14,5259.89990234375,5259.89990234375,5272.85009765625,5232.5,5234.5,0,0.004957958341768487,0.0
2010-01-15,5252.2001953125,5252.2001953125,5279.85009765625,5242.4501953125,5259.89990234375,0,-0.0014638504865499558,0.00027601899724682966
2010-01-18,5274.85009765625,5274.85009765625,5292.5,5228.9501953125,5253.64990234375,0,0.004312459826638859,-0.00012320773703855536
2010-01-19,5225.64990234375,5225.64990234375,5287.7998046875,5218.64990234375,5274.2001953125,0,-0.009327316303142097,8.615106654930038e-05
2010-01-20,5221.7001953125,5221.7001953125,5256.7001953125,5201.39990234375,5226.10009765625,0,-0.0007558307780011209,-0.0002872627580853271
2010-01-21,5094.14990234375,5094.14990234375,5220.35009765625,5085.4501953125,5220.2001953125,0,-0.024426965968527115,0.0
2010-01-22,5036.0,5036.0,5094.14990234375,4954.85009765625,5094.14990234375,0,-0.011415035571881393,-0.0002879657093923793
2010-01-25,5007.89990234375,5007.89990234375,5035.7001953125,4983.0498046875,5034.5498046875,0,-0.005579844649771681,0.00011983020187145144
2010-01-27,4853.10009765625,4853.10009765625,5008.5,4833.0498046875,5008.5,0,-0.030911121968522637,0.0020399130750530237
2010-01-28,4867.25,4867.25,4929.89990234375,4824.9501953125,4863.0,0,0.0029156419729696736,-0.00022602037213004245
2010-01-29,4882.0498046875,4882.0498046875,4893.7001953125,4766.0,4866.14990234375,0,0.0030406912912834816,0.0
2010-02-01,4899.7001953125,4899.7001953125,4918.7998046875,4827.14990234375,4882.0498046875,0,0.0036153647199692607,0.0016633471475555606
2010-02-02,4830.10009765625,4830.10009765625,4951.14990234375,4814.10009765625,4907.85009765625,0,-0.014204970688377228,0.0001863113238971259
2010-02-03,4931.85009765625,4931.85009765625,4949.14990234375,4831.0,4831.0,0,0.02106581601680957,-0.00011157941905237667
2010-02-04,4845.35009765625,4845.35009765625,4931.2998046875,4832.35009765625,4931.2998046875,0,-0.017539057004410386,-0.005304094605038223
2010-02-05,4718.64990234375,4718.64990234375,4827.0,4692.35009765625,4819.64990234375,0,-0.026148821603992345,0.007777689820613887
2010-02-08,4760.39990234375,4760.39990234375,4799.0498046875,4675.39990234375,4755.35009765625,0,0.008847869806840825,3.1489443497401126e-05
2010-02-09,4792.64990234375,4792.64990234375,4810.39990234375,4739.35009765625,4760.5498046875,0,0.006774640925465425,7.304886928594101e-05
2010-02-10,4757.2001953125,4757.2001953125,4826.85009765625,4748.10009765625,4793.0,0,-0.0073966819512341075,1.0469327641260406e-05
2010-02-11,4826.85009765625,4826.85009765625,4843.7998046875,4757.25,4757.25,0,0.014640944144494794,0.00021749270564863643
2010-02-15,4801.9501953125,4801.9501953125,4845.60009765625,4783.89990234375,4827.89990234375,0,-0.005158623499793458,-3.131865573002823e-05
2010-02-16,4855.75,4855.75,4880.0,4791.35009765625,4801.7998046875,0,0.011203740667701467,0.0005972099765740868
2010-02-17,4914.0,4914.0,4929.7001953125,4857.60009765625,4858.64990234375,0,0.011996087113216314,0.00022387009691704485
2010-02-18,4887.75,4887.75,4922.0498046875,4873.7001953125,4915.10009765625,0,-0.005341880341880323,-9.210686154159653e-05
2010-02-19,4844.89990234375,4844.89990234375,4887.2998046875,4805.5498046875,4887.2998046875,0,-0.008766834976471793,0.0009185319412579052
2010-02-22,4856.39990234375,4856.39990234375,4912.0498046875,4845.89990234375,4849.35009765625,0,0.0023736300505272645,4.12229875064174e-05
2010-02-23,4870.0498046875,4870.0498046875,4884.10009765625,4833.14990234375,4856.60009765625,0,0.002810703940827164,-0.00010266835454508794
2010-02-24,4858.60009765625,4858.60009765625,4880.5498046875,4834.64990234375,4869.5498046875,0,-0.0023510451618440342,8.230814138077136e-05
2010-02-25,4859.75,4859.75,4880.14990234375,4835.60009765625,4859.0,0,0.00023667359334722526,-0.0002572148773084537
2010-02-26,4922.2998046875,4922.2998046875,4992.0,4858.4501953125,4858.5,0,0.012870992270692883,0.0027020485335094158
2010-03-02,5017.0,5017.0,5029.4501953125,4935.35009765625,4935.60009765625,0,0.01923901409302964,-0.000239225695136569
2010-03-03,5088.10009765625,5088.10009765625,5093.25,5015.10009765625,5015.7998046875,0,0.014171835291259649,0.001739371766747766
2010-03-04,5080.25,5080.25,5096.9501953125,5049.0,5096.9501953125,0,-0.001542834752772615,5.9013766546822666e-05
2010-03-05,5088.7001953125,5088.7001953125,5118.64990234375,5068.0498046875,5080.5498046875,0,0.0016633424167118438,0.0006779151647462456
2010-03-08,5124.0,5124.0,5147.10009765625,5092.14990234375,5092.14990234375,0,0.0069369000594723396,-0.0005757602093091618
2010-03-09,5101.5,5101.5,5131.7998046875,5094.35009765625,5121.0498046875,0,-0.0043911007025760895,1.9621220474386192e-05
2010-03-10,5116.25,5116.25,5137.39990234375,5092.0498046875,5101.60009765625,0,0.002891306478486788,1.956465306629518e-05
2010-03-11,5133.39990234375,5133.39990234375,5152.60009765625,5102.10009765625,5116.35009765625,0,0.0033520454129001287,-0.0003117032934681907
2010-03-12,5137.0,5137.0,5158.10009765625,5122.10009765625,5131.7998046875,0,0.0007013086306808525,-0.0004963606555382638
2010-03-15,5128.89990234375,5128.89990234375,5151.0498046875,5101.2001953125,5134.4501953125,0,-0.0015768148055771425,9.805800406992304e-06
2010-03-16,5198.10009765625,5198.10009765625,5209.25,5125.7001953125,5128.9501953125,0,0.01349221014839408,6.735108013944391e-05
2010-03-17,5231.89990234375,5231.89990234375,5260.5,5177.14990234375,5198.4501953125,0,0.006502338172121647,0.00012421918535920895
2010-03-18,5245.89990234375,5245.89990234375,5255.64990234375,5214.39990234375,5232.5498046875,0,0.002675892173267469,0.0001715439410783226
2010-03-19,5262.7998046875,5262.7998046875,5269.9501953125,5237.10009765625,5246.7998046875,0,0.003221544950981592,-0.000351449692871153
2010-03-22,5205.2001953125,5205.2001953125,5260.9501953125,5187.0498046875,5260.9501953125,0,-0.010944670424988812,0.000124856358903358
2010-03-23,5225.2998046875,5225.2998046875,5243.60009765625,5193.39990234375,5205.85009765625,0,0.003861447902253623,0.0
2010-03-25,5260.39990234375,5260.39990234375,5267.2998046875,5202.9501953125,5225.2998046875,0,0.006717336606171909,2.8496377943332263e-05
2010-03-26,5282.0,5282.0,5293.75,5260.5498046875,5260.5498046875,0,0.004106170264094544,0.00035969374171718194
2010-03-29,5302.85009765625,5302.85009765625,5329.5498046875,5242.14990234375,5283.89990234375,0,0.003947386909551209,1.8876199478823352e-05
2010-03-30,5262.4501953125,5262.4501953125,5325.0,5251.35009765625,5302.9501953125,0,-0.007618526188701069,-0.000389608051887369
2010-03-31,5249.10009765625,5249.10009765625,5293.89990234375,5235.14990234375,5260.39990234375,0,-0.0025368596681716316,1.9069488938594503e-05
2010-04-01,5290.5,5290.5,5298.60009765625,5249.2001953125,5249.2001953125,0,0.007887047603118758,0.00017009778730736613
2010-04-05,5368.39990234375,5368.39990234375,5377.5498046875,5291.39990234375,5291.39990234375,0,0.014724487731547109,0.0002328440546044419
2010-04-06,5366.0,5366.0,5388.64990234375,5351.7001953125,5369.64990234375,0,-0.00044704239389881106,-5.587116800220837e-05
2010-04-07,5374.64990234375,5374.64990234375,5399.64990234375,5345.0498046875,5365.7001953125,0,0.0016119832917909083,0.00030697857046102506
2010-04-08,5304.4501953125,5304.4501953125,5383.64990234375,5290.25,5376.2998046875,0,-0.013061261348508935,-0.00038652318209375647
2010-04-09,5361.75,5361.75,5377.4501953125,5302.25,5302.39990234375,0,0.010802213722005627,-0.0014174658751806568
2010-04-12,5339.7001953125,5339.7001953125,5382.14990234375,5324.89990234375,5354.14990234375,0,-0.0041124268545716935,0.00021534960797220393
2010-04-13,5322.9501953125,5322.9501953125,5356.5,5301.7001953125,5340.85009765625,0,-0.0031368802343442193,6.567962542791683e-05
2010-04-15,5273.60009765625,5273.60009765625,5373.14990234375,5265.2998046875,5323.2998046875,0,-0.009271192824555907,-3.7961792474394684e-05
2010-04-16,5262.60009765625,5262.60009765625,5283.0498046875,5237.5498046875,5273.39990234375,0,-0.0020858616118595297,0.0031257756101543688
2010-04-19,5203.64990234375,5203.64990234375,5279.0498046875,5160.89990234375,5279.0498046875,0,-0.01120172428430466,0.0008935847781872397
2010-04-20,5230.10009765625,5230.10009765625,5257.25,5208.2998046875,5208.2998046875,0,0.0050830082363124696,3.818417000078789e-05
2010-04-21,5244.89990234375,5244.89990234375,5266.2998046875,5230.2998046875,5230.2998046875,0,0.0028297364125271507,0.0007054844480152145
2010-04-22,5269.35009765625,5269.35009765625,5331.7998046875,5221.10009765625,5248.60009765625,0,0.004661708663224351,5.6895951482394125e-05
2010-04-23,5304.10009765625,5304.10009765625,5311.0498046875,5269.64990234375,5269.64990234375,0,0.006594741164656526,-0.000895533627296885
2010-04-26,5322.4501953125,5322.4501953125,5342.35009765625,5299.35009765625,5299.35009765625,0,0.003459606213758848,-6.577753542125198e-05
2010-04-27,5308.35009765625,5308.35009765625,5330.5498046875,5301.39990234375,5322.10009765625,0,-0.0026491741846016437,-2.8238970865235302e-05
2010-04-28,5215.4501953125,5215.4501953125,5308.25,5202.4501953125,5308.2001953125,0,-0.017500711263329638,-3.838504922926145e-05
2010-04-29,5254.14990234375,5254.14990234375,5264.75,5214.7998046875,5215.25,0,0.0074202045043076925,9.572046798300704e-06
2010-04-30,5278.0,5278.0,5294.7998046875,5254.2001953125,5254.2001953125,0,0.0045392876296908025,7.576778017237551e-05
2010-05-03,5222.75,5222.75,5278.7001953125,5210.0498046875,5278.39990234375,0,-0.010467980295566504,0.00022017181441769118
2010-05-04,5148.5,5148.5,5250.14990234375,5134.85009765625,5223.89990234375,0,-0.014216648317457281,-2.9115731523754462e-05
2010-05-05,5124.89990234375,5124.89990234375,5148.35009765625,5056.5,5148.35009765625,0,-0.004583878344420755,-9.756288113482725e-05
2010-05-06,5090.85009765625,5090.85009765625,5124.89990234375,5037.75,5124.39990234375,0,-0.006643994094778005,-0.003643849772219876
2010-05-07,5018.0498046875,5018.0498046875,5085.64990234375,4984.60009765625,5072.2998046875,0,-0.014300223257853517,0.0017039075540388193
2010-05-10,5193.60009765625,5193.60009765625,5203.2998046875,5026.60009765625,5026.60009765625,0,0.034983768555816974,-0.0007413157701509077
2010-05-11,5136.14990234375,5136.14990234375,5206.7001953125,5126.5,5189.75,0,-0.011061728710769603,-0.0004672570679167265
2010-05-12,5156.64990234375,5156.64990234375,5172.85009765625,5098.7998046875,5133.75,0,0.003991316528874078,0.00017451298047999053
2010-05-13,5178.89990234375,5178.89990234375,5212.7001953125,5147.9501953125,5157.5498046875,0,0.004314816871684002,0.0003185816244495321
2010-05-14,5093.5,5093.5,5192.75,5070.9501953125,5180.5498046875,0,-0.01648996967581895,7.851228894661944e-05
2010-05-17,5059.89990234375,5059.89990234375,5094.5498046875,4966.25,5093.89990234375,0,-0.0065966619527338954,-6.919062886756588e-05
2010-05-18,5066.2001953125,5066.2001953125,5105.2001953125,5024.25,5059.5498046875,0,0.001245141819076645,-0.00021714452920118532
2010-05-19,4919.64990234375,4919.64990234375,5065.10009765625,4908.14990234375,5065.10009765625,0,-0.028927063147710874,0.0009451693588062859
2010-05-20,4947.60009765625,4947.60009765625,4980.25,4924.2998046875,4924.2998046875,0,0.005681338279617032,-0.00018188663715490438
2010-05-21,4931.14990234375,4931.14990234375,4946.7001953125,4842.2998046875,4946.7001953125,0,-0.003324883779570742,0.0026667009935146258
2010-05-24,4943.9501953125,4943.9501953125,5029.5498046875,4923.4501953125,4944.2998046875,0,0.0025958028496895214,0.0002729819924722765
2010-05-25,4806.75,4806.75,4946.60009765625,4786.4501953125,4945.2998046875,0,-0.027751128124750002,0.00011438179383160829
2010-05-26,4917.39990234375,4917.39990234375,4925.4501953125,4807.2998046875,4807.2998046875,0,0.02301969154704331,-0.00045755888166176817
2010-05-27,5003.10009765625,5003.10009765625,5016.60009765625,4897.60009765625,4915.14990234375,0,0.01742794912239165,0.000499690182327317
2010-05-28,5066.5498046875,5066.5498046875,5077.25,5005.60009765625,5005.60009765625,0,0.012682078270025654,0.0018849697204030846
2010-05-31,5086.2998046875,5086.2998046875,5097.60009765625,5038.5498046875,5076.10009765625,0,0.003898116225311332,-9.791929184821413e-06
2010-06-01,4970.2001953125,4970.2001953125,5086.9501953125,4961.0498046875,5086.25,0,-0.02282594692275186,0.00011062022974828167
2010-06-02,5019.85009765625,5019.85009765625,5031.2001953125,4967.0498046875,4970.75,0,0.009989517603451015,5.972383271757309e-05
2010-06-03,5110.5,5110.5,5125.7001953125,5020.14990234375,5020.14990234375,0,0.018058288709870807,0.0004109378057430835
2010-06-04,5135.5,5135.5,5147.89990234375,5091.60009765625,5112.60009765625,0,0.004891889247627512,-0.0004965056347969732
2010-06-07,5034.0,5034.0,5132.9501953125,5004.25,5132.9501953125,0,-0.01976438516210688,0.0005363915996225987
2010-06-08,4987.10009765625,4987.10009765625,5071.35009765625,4967.2998046875,5036.7001953125,0,-0.009316627402413569,-0.0004111192734458369
2010-06-09,5000.2998046875,5000.2998046875,5050.60009765625,4980.10009765625,4985.0498046875,0,0.0026467700212100542,-0.00013993301573522743
2010-06-10,5078.60009765625,5078.60009765625,5085.2001953125,4997.60009765625,4999.60009765625,0,0.01565911965825495,2.9516469276513746e-05
2010-06-11,5119.35009765625,5119.35009765625,5139.0498046875,5078.75,5078.75,0,0.008023864690351656,0.00015623168414791166
2010-06-14,5197.7001953125,5197.7001953125,5201.25,5120.14990234375,5120.14990234375,0,0.015304696135574059,0.0006925388613692185
2010-06-15,5222.35009765625,5222.35009765625,5231.4501953125,5171.0498046875,5201.2998046875,0,0.004742463285200671,0.0005169525176915712
2010-06-16,5233.35009765625,5233.35009765625,5255.64990234375,5214.89990234375,5225.0498046875,0,0.002106331401438677,5.7287336391764754e-05
2010-06-17,5274.85009765625,5274.85009765625,5285.5498046875,5206.5498046875,5233.64990234375,0,0.00792991090326356,1.897639826675679e-05
2010-06-18,5262.60009765625,5262.60009765625,5302.2998046875,5245.5,5274.9501953125,0,-0.0023223408766521736,0.0007410599839206
2010-06-21,5353.2998046875,5353.2998046875,5366.75,5266.5,5266.5,0,0.017234770901867202,0.00012149340569922451
2010-06-22,5316.5498046875,5316.5498046875,5354.35009765625,5311.0498046875,5353.9501953125,0,-0.006864924689594432,-7.521839509472272e-05
2010-06-23,5323.14990234375,5323.14990234375,5333.2998046875,5288.14990234375,5316.14990234375,0,0.0012414249651966358,1.880421518962727e-05
2010-06-24,5320.60009765625,5320.60009765625,5348.2998046875,5284.5498046875,5323.25,0,-0.00047900298399961017,-1.8813226781322356e-05
2010-06-25,5269.0498046875,5269.0498046875,5320.5,5259.89990234375,5320.5,0,-0.009688811792387453,0.00038912005859681464
2010-06-28,5333.5,5333.5,5339.4501953125,5270.75,5271.10009765625,0,0.012231844013917526,9.338087091137481e-06
2010-06-29,5256.14990234375,5256.14990234375,5334.14990234375,5235.7998046875,5333.5498046875,0,-0.014502690101481197,-0.00036146273965720344
2010-06-30,5312.5,5312.5,5320.35009765625,5210.0,5254.25,0,0.010720793490140546,-8.474264705882195e-05
2010-07-01,5251.39990234375,5251.39990234375,5312.5498046875,5232.10009765625,5312.0498046875,0,-0.01150119485294121,-2.8545215854380857e-05
2010-07-02,5237.10009765625,5237.10009765625,5277.25,5225.60009765625,5251.25,0,-0.002723046226420056,-1.9113183705399273e-05
2010-07-05,5235.89990234375,5235.89990234375,5252.75,5225.85009765625,5237.0,0,-0.0002291717343797517,3.823512982181754e-05
2010-07-06,5289.0498046875,5289.0498046875,5297.4501953125,5231.5,5236.10009765625,0,0.010151053942027977,0.0007657883964640178
2010-07-07,5241.10009765625,5241.10009765625,5296.75,5233.4501953125,5293.10009765625,0,-0.009065845246674309,0.000171701041190353
2010-07-08,5296.85009765625,5296.85009765625,5320.5,5242.0,5242.0,0,0.010637079804091343,6.609544347968566e-05
2010-07-09,5352.4501953125,5352.4501953125,5359.0498046875,5297.2001953125,5297.2001953125,0,0.010496822947821727,-3.7402554941112776e-05
2010-07-12,5383.0,5383.0,5402.7001953125,5351.60009765625,5352.25,0,0.00570762988402107,-0.002377819930800662
2010-07-13,5400.64990234375,5400.64990234375,5406.2001953125,5357.85009765625,5370.2001953125,0,0.0032788226534925524,0.00024998799786368764
2010-07-14,5386.14990234375,5386.14990234375,5453.4501953125,5371.7001953125,5402.0,0,-0.002684862055899462,0.0001764145687974672
2010-07-15,5378.75,5378.75,5399.2001953125,5360.60009765625,5387.10009765625,0,-0.001373876048368028,-0.0003904434406227786
2010-07-16,5393.89990234375,5393.89990234375,5401.35009765625,5374.39990234375,5376.64990234375,0,0.0028166213978619847,-0.0002224192241181422
2010-07-19,5386.4501953125,5386.4501953125,5409.10009765625,5361.5,5392.7001953125,0,-0.001381135572800063,0.00010207180379739889
2010-07-20,5368.0,5368.0,5416.4501953125,5353.60009765625,5387.0,0,-0.0034252976716568906,0.0001583639449049823
2010-07-21,5399.35009765625,5399.35009765625,5409.10009765625,5368.85009765625,5368.85009765625,0,0.0058401821267231036,-3.707766840066462e-05
2010-07-22,5441.9501953125,5441.9501953125,5447.14990234375,5372.2001953125,5399.14990234375,0,0.007889856535648887,-9.241717940255967e-06
2010-07-23,5449.10009765625,5449.10009765625,5477.5,5435.14990234375,5441.89990234375,0,0.0013138492796036516,-0.0004680209434667626
2010-07-26,5418.60009765625,5418.60009765625,5466.25,5409.2001953125,5446.5498046875,0,-0.0055972544921900624,0.0002952972405072529
2010-07-27,5430.60009765625,5430.60009765625,5450.9501953125,5407.2001953125,5420.2001953125,0,0.002214594135705017,0.0010127794168408588
2010-07-28,5397.5498046875,5397.5498046875,5447.85009765625,5386.25,5436.10009765625,0,-0.006085937534419772,5.56350528695404e-05
2010-07-29,5408.89990234375,5408.89990234375,5415.85009765625,5381.5498046875,5397.85009765625,0,0.0021028240714691115,-9.244023905552456e-05
2010-07-30,5367.60009765625,5367.60009765625,5413.25,5349.2001953125,5408.39990234375,0,-0.007635527636516981,0.0003632362686820656
2010-08-02,5431.64990234375,5431.64990234375,5438.85009765625,5351.2998046875,5369.5498046875,0,0.011932670750838481,0.00015650818287893387
2010-08-03,5439.5498046875,5439.5498046875,5459.2001953125,5426.39990234375,5432.5,0,0.0014544203852941973,0.0003309635968768987
2010-08-04,5467.85009765625,5467.85009765625,5481.89990234375,5428.39990234375,5441.35009765625,0,0.0052026902932964525,0.0004206049263284495
2010-08-05,5447.10009765625,5447.10009765625,5487.14990234375,5443.10009765625,5470.14990234375,0,-0.0037949101803090857,0.00021110358229781134
2010-08-06,5439.25,5439.25,5471.89990234375,5431.35009765625,5448.25,0,-0.0014411517166037502,0.00010108097393946025
2010-08-09,5486.14990234375,5486.14990234375,5492.2998046875,5433.25,5439.7998046875,0,0.008622494340901676,0.00011846237440082952
2010-08-10,5460.7001953125,5460.7001953125,5491.4501953125,5445.35009765625,5486.7998046875,0,-0.004638901139098928,0.0
2010-08-11,5420.60009765625,5420.60009765625,5474.60009765625,5412.0,5460.7001953125,0,-0.007343398506050924,-0.00035049668109099485
2010-08-12,5416.4501953125,5416.4501953125,5431.10009765625,5372.4501953125,5418.7001953125,0,-0.0007655798747345788,0.0007753615153489601
2010-08-13,5452.10009765625,5452.10009765625,5476.5,5415.5,5420.64990234375,0,0.006581783466707014,0.0
2010-08-16,5418.2998046875,5418.2998046875,5465.25,5397.39990234375,5452.10009765625,0,-0.0061994997089800385,0.0007105730201417693
2010-08-17,5414.14990234375,5414.14990234375,5443.5498046875,5408.7998046875,5422.14990234375,0,-0.0007659048951407232,0.00038789056345511774
2010-08-18,5479.14990234375,5479.14990234375,5487.9501953125,5416.25,5416.25,0,0.012005578192776367,-0.00016424123445957228
2010-08-19,5540.2001953125,5540.2001953125,5544.7001953125,5478.10009765625,5478.25,0,0.011142292884273042,0.00010822882817618229
2010-08-20,5530.64990234375,5530.64990234375,5546.60009765625,5513.35009765625,5540.7998046875,0,-0.001723817304802533,9.040528849757479e-05
2010-08-23,5543.5,5543.5,5549.7998046875,5519.39990234375,5531.14990234375,0,0.0023234335716684207,-0.00043292186231624896
2010-08-24,5505.10009765625,5505.10009765625,5547.25,5488.4501953125,5541.10009765625,0,-0.006927014042346857,3.627673025152767e-05
2010-08-25,5462.35009765625,5462.35009765625,5506.14990234375,5452.5498046875,5505.2998046875,0,-0.0077655263740255,-4.576784635379472e-05
2010-08-26,5477.89990234375,5477.89990234375,5486.5498046875,5454.7001953125,5462.10009765625,0,0.0028467242870742204,0.002135890673631069
2010-08-27,5408.7001953125,5408.7001953125,5495.2001953125,5391.9501953125,5489.60009765625,0,-0.012632524921027177,3.692329469906497e-05
2010-08-30,5415.4501953125,5415.4501953125,5469.0,5390.35009765625,5408.89990234375,0,0.0012479893054249125,-0.00035092015556614786
2010-08-31,5402.39990234375,5402.39990234375,5413.89990234375,5348.89990234375,5413.5498046875,0,-0.0024098260528822024,0.00012029882191200159
2010-09-01,5471.85009765625,5471.85009765625,5478.60009765625,5403.0498046875,5403.0498046875,0,0.012855433986360465,9.101983170500816e-06
2010-09-02,5486.14990234375,5486.14990234375,5513.9501953125,5471.85009765625,5471.89990234375,0,0.0026133399914638478,2.7323778317933645e-05
2010-09-03,5479.39990234375,5479.39990234375,5510.39990234375,5473.64990234375,5486.2998046875,0,-0.0012303710471193163,2.7357438117547872e-05
2010-09-06,5576.9501953125,5576.9501953125,5589.39990234375,5479.5498046875,5479.5498046875,0,0.01780309791351864,-0.00018832747863384292
2010-09-07,5604.0,5604.0,5625.5,5571.64990234375,5575.89990234375,0,0.004850286220995148,4.461099214836395e-05
2010-09-08,5607.85009765625,5607.85009765625,5625.2998046875,5567.75,5604.25,0,0.0006870267052552226,8.019241303158786e-05
2010-09-09,5640.0498046875,5640.0498046875,5647.4501953125,5608.10009765625,5608.2998046875,0,0.0057418986724890875,-0.00015063862987418908
2010-09-13,5760.0,5760.0,5770.60009765625,5639.2001953125,5639.2001953125,0,0.02126757732047113,5.204942491321418e-05
2010-09-14,5795.5498046875,5795.5498046875,5838.4501953125,5760.2998046875,5760.2998046875,0,0.006171841091579866,-5.1730154619233915e-05
2010-09-15,5860.9501953125,5860.9501953125,5869.4501953125,5792.2001953125,5795.25,0,0.011284587800816315,2.5576457528986296e-05
2010-09-16,5828.7001953125,5828.7001953125,5901.64990234375,5815.7998046875,5861.10009765625,0,-0.005502520739008032,0.0
2010-09-17,5884.9501953125,5884.9501953125,5898.39990234375,5828.7001953125,5828.7001953125,0,0.009650522091569691,1.6926120305793546e-05
2010-09-20,5980.4501953125,5980.4501953125,5989.5,5885.0498046875,5885.0498046875,0,0.01622783487208923,8.327916105610456e-06
2010-09-21,6009.0498046875,6009.0498046875,6032.7998046875,5961.85009765625,5980.5,0,0.004782183354259173,-0.00010815392863661177
2010-09-22,5991.0,5991.0,6037.39990234375,5946.4501953125,6008.39990234375,0,-0.0030037701923222304,8.313251126601529e-06
2010-09-23,5959.5498046875,5959.5498046875,6006.7998046875,5932.39990234375,5991.0498046875,0,-0.005249573579118705,-1.6714244911897325e-05
2010-09-24,6018.2998046875,6018.2998046875,6029.10009765625,5951.2001953125,5959.4501953125,0,0.00985812719507595,0.0
2010-09-27,6035.64990234375,6035.64990234375,6073.5,6018.2998046875,6018.2998046875,0,0.00288289022137711,6.62567163802752e-05
2010-09-28,6029.5,6029.5,6049.7998046875,5991.2998046875,6036.0498046875,0,-0.0010189296004995407,-5.806412741515832e-05
2010-09-29,5991.2998046875,5991.2998046875,6071.5498046875,5979.64990234375,6029.14990234375,0,-0.0063355494340326945,8.394333515182595e-06
2010-09-30,6029.9501953125,6029.9501953125,6048.4501953125,5963.60009765625,5991.35009765625,0,0.006451086055610178,5.7978816354387064e-05
2010-10-01,6143.39990234375,6143.39990234375,6153.10009765625,6030.2998046875,6030.2998046875,0,0.018814368834993322,0.00021165689836566415
2010-10-04,6159.4501953125,6159.4501953125,6222.10009765625,6144.7001953125,6144.7001953125,0,0.0026126075501982093,0.0
2010-10-05,6145.7998046875,6145.7998046875,6188.35009765625,6118.0498046875,6159.4501953125,0,-0.002216170306140075,0.0008380342329197266
2010-10-06,6186.4501953125,6186.4501953125,6223.39990234375,6148.60009765625,6150.9501953125,0,0.006614336932028841,6.4641649269781e-05
2010-10-07,6120.2998046875,6120.2998046875,6199.4501953125,6107.5,6186.85009765625,0,-0.01069278641815019,0.0001797457136669678
2010-10-08,6103.4501953125,6103.4501953125,6148.60009765625,6067.0,6121.39990234375,0,-0.0027530692797262946,0.0004096043909591618
2010-10-11,6135.85009765625,6135.85009765625,6187.75,6105.9501953125,6105.9501953125,0,0.005308456906657932,1.631357589526594e-05
2010-10-12,6090.89990234375,6090.89990234375,6144.9501953125,6057.9501953125,6135.9501953125,0,-0.007325830096414854,9.03467431041527e-05
2010-10-13,6233.89990234375,6233.89990234375,6240.25,6089.75,6091.4501953125,0,0.023477647357982967,6.414962543743741e-05
2010-10-14,6177.35009765625,6177.35009765625,6284.10009765625,6157.89990234375,6234.2998046875,0,-0.009071336654962847,-0.0002347600977076203
2010-10-15,6062.64990234375,6062.64990234375,6200.60009765625,6050.35009765625,6175.89990234375,0,-0.018567863808790497,0.008263729303729317
2010-10-18,6075.9501953125,6075.9501953125,6115.10009765625,5985.10009765625,6112.75,0,0.0021938085132719998,0.00633645746959921
2010-10-19,6027.2998046875,6027.2998046875,6127.0498046875,6008.14990234375,6114.4501953125,0,-0.008007042365576478,-0.004039886875390364
2010-10-20,5982.10009765625,5982.10009765625,6038.10009765625,5966.75,6002.9501953125,0,-0.007499163555145794,0.004479999373129928
2010-10-21,6101.5,6101.5,6113.5,5984.89990234375,6008.89990234375,0,0.01995952932825884,0.0019503240750224915
2010-10-22,6066.0498046875,6066.0498046875,6121.10009765625,6041.35009765625,6113.39990234375,0,-0.0058100787203966275,0.005802820030475164
2010-10-25,6105.7998046875,6105.7998046875,6151.2998046875,6094.60009765625,6101.25,0,0.006552864100997535,0.001719676428293404
2010-10-26,6082.0,6082.0,6120.25,6074.64990234375,6116.2998046875,0,-0.003897901249436453,-0.001076916259043048
2010-10-27,6012.64990234375,6012.64990234375,6075.9501953125,5987.5498046875,6075.4501953125,0,-0.011402515234503419,0.004540476064988974
2010-10-28,5987.7001953125,5987.7001953125,6071.10009765625,5968.10009765625,6039.9501953125,0,-0.004149535967747697,0.005586403116414562
2010-10-29,6017.7001953125,6017.7001953125,6032.64990234375,5937.10009765625,6021.14990234375,0,0.005010270892234381,0.012396697567803372
2010-11-01,6117.5498046875,6117.5498046875,6132.39990234375,6084.75,6092.2998046875,0,0.016592652696918675,0.0016346413710170982
2010-11-02,6119.0,6119.0,6138.10009765625,6094.39990234375,6127.5498046875,0,0.000237054925386726,0.005164258482799555
2010-11-03,6160.5,6160.5,6182.5,6146.7998046875,6150.60009765625,0,0.006782153946723213,0.007970148146457356
2010-11-04,6281.7998046875,6281.7998046875,6290.14990234375,6199.35009765625,6209.60009765625,0,0.019689928526499534,0.008508739051603431
2010-11-08,6273.2001953125,6273.2001953125,6335.89990234375,6265.35009765625,6335.25,0,-0.0013689722121649206,0.0012433533833859922
2010-11-09,6301.5498046875,6301.5498046875,6310.89990234375,6243.5498046875,6281.0,0,0.0045191622285836175,0.00026190233770306826
2010-11-10,6275.7001953125,6275.7001953125,6307.64990234375,6269.25,6303.2001953125,0,-0.004102103478698438,0.0016970062323411472
2010-11-11,6194.25,6194.25,6296.5498046875,6179.5,6286.35009765625,0,-0.012978662583871925,-0.0019292400714372437
2010-11-12,6071.64990234375,6071.64990234375,6202.5,6056.75,6182.2998046875,0,-0.019792565307543253,0.001358773995980167
2010-11-15,6121.60009765625,6121.60009765625,6128.75,6039.39990234375,6079.89990234375,0,0.008226791089060992,0.0035693441759803157
2010-11-16,5988.7001953125,5988.7001953125,6144.0498046875,5970.60009765625,6143.4501953125,0,-0.021709994155716394,0.014569104672879307
2010-11-18,5998.7998046875,5998.7998046875,6076.2001953125,5906.75,6075.9501953125,0,0.0016864443110551353,0.002083750151193886
2010-11-19,5890.2998046875,5890.2998046875,6013.25,5863.9501953125,6011.2998046875,0,-0.018086951312363708,0.005194998331307099
2010-11-22,6010.0,6010.0,6020.25,5905.14990234375,5920.89990234375,0,0.020321579424062985,-0.006397703047005043
2010-11-23,5934.75,5934.75,5973.35009765625,5824.9501953125,5971.5498046875,0,-0.012520798668885225,0.002030381176544971
2010-11-24,5865.75,5865.75,5976.64990234375,5833.60009765625,5946.7998046875,0,-0.01162643750789838,0.0031027908302434515
2010-11-25,5799.75,5799.75,5907.10009765625,5780.35009765625,5883.9501953125,0,-0.011251758087201136,0.004965697605500141
2010-11-26,5751.9501953125,5751.9501953125,5838.5,5690.35009765625,5828.5498046875,0,-0.008241700881503555,0.006606454977820864
2010-11-29,5830.0,5830.0,5843.14990234375,5754.7001953125,5789.9501953125,0,0.01356927686041276,-0.0031560724431818343
2010-11-30,5862.7001953125,5862.7001953125,5892.25,5768.35009765625,5811.60009765625,0,0.005608952883790819,0.0014156965921838793
2010-12-01,5960.89990234375,5960.89990234375,5971.0,5865.5498046875,5871.0,0,0.016749911092121872,0.010426261699062245
2010-12-02,6011.7001953125,6011.7001953125,6029.5,5980.60009765625,6023.0498046875,0,0.00852225231106063,0.00027444854037073085
2010-12-03,5992.7998046875,5992.7998046875,6025.39990234375,5964.25,6013.35009765625,0,-0.0031439343298818034,0.00681652966686741
2010-12-06,5992.25,5992.25,6069.4501953125,5981.7001953125,6033.64990234375,0,-9.174421062252414e-05,0.00046723762985512174
2010-12-07,5976.5498046875,5976.5498046875,6001.0,5939.7001953125,5995.0498046875,0,-0.0026200834932621486,-0.0037061353234900674
2010-12-08,5903.7001953125,5903.7001953125,5960.0,5878.60009765625,5954.39990234375,0,-0.012189241578454357,0.003480834732057847
2010-12-09,5766.5,5766.5,5927.2998046875,5742.2998046875,5924.25,0,-0.023239695576248276,-0.0009537847914680153
2010-12-10,5857.35009765625,5857.35009765625,5865.5,5721.14990234375,5761.0,0,0.015754807535983684,0.004319326020417291
2010-12-13,5907.64990234375,5907.64990234375,5913.7998046875,5795.89990234375,5882.64990234375,0,0.008587467685707617,0.003563226209528647
2010-12-14,5944.10009765625,5944.10009765625,5953.9501953125,5888.75,5928.7001953125,0,0.0061699992238941626,-0.0021786637337426473
2010-12-15,5892.2998046875,5892.2998046875,5942.75,5865.7998046875,5931.14990234375,0,-0.00871457278944121,0.0030972626317284924
2010-12-16,5948.75,5948.75,5956.14990234375,5855.0498046875,5910.5498046875,0,0.009580333177818368,-0.0036814292656019987
2010-12-20,5947.0498046875,5947.0498046875,5985.0,5900.25,5926.85009765625,0,-0.0002858071548644814,0.002244826946921963
2010-12-21,6000.64990234375,6000.64990234375,6007.4501953125,5960.0498046875,5960.39990234375,0,0.009012888645056005,0.003058018373823579
2010-12-22,5984.39990234375,5984.39990234375,6023.7998046875,5958.0,6019.0,0,-0.002708040006408785,0.003592674345105129
2010-12-23,5980.0,5980.0,6006.4501953125,5964.60009765625,6005.89990234375,0,-0.000735228663784171,-0.0066471571906354665
2010-12-24,6011.60009765625,6011.60009765625,6017.35009765625,5940.25,5940.25,0,0.005284297266931359,0.0002827378740499764
2010-12-27,5998.10009765625,5998.10009765625,6045.75,5991.10009765625,6013.2998046875,0,-0.0022456583572921796,0.0012087160737501712
2010-12-28,5996.0,5996.0,6010.89990234375,5982.25,6005.35009765625,0,-0.00035012714393856115,0.0015260010579969396
2010-12-29,6060.35009765625,6060.35009765625,6067.5498046875,6002.85009765625,6005.14990234375,0,0.010732171056746065,0.00033001393777132293
2010-12-30,6101.85009765625,6101.85009765625,6106.39990234375,6062.35009765625,6062.35009765625,0,0.0068477892087537295,0.0005326253428035166
2010-12-31,6134.5,6134.5,6147.2998046875,6103.5498046875,6105.10009765625,0,0.005350820131797551,0.007001417444371993
2011-01-03,6157.60009765625,6157.60009765625,6178.5498046875,6147.2001953125,6177.4501953125,0,0.0037656039866738045,0.002460358273268959
2011-01-04,6146.35009765625,6146.35009765625,6181.0498046875,6124.39990234375,6172.75,0,-0.001827010494605208,-0.0008134909207183627
2011-01-05,6079.7998046875,6079.7998046875,6141.35009765625,6062.35009765625,6141.35009765625,0,-0.010827611820245497,0.004473863644577358
2011-01-06,6048.25,6048.25,6116.14990234375,6022.2998046875,6107.0,0,-0.0051892834798894505,-0.0028686145010953235
2011-01-07,5904.60009765625,5904.60009765625,6051.2001953125,5883.60009765625,6030.89990234375,0,-0.02375065553569211,-0.0005589358998351335
2011-01-10,5762.85009765625,5762.85009765625,5907.25,5740.9501953125,5901.2998046875,0,-0.024006706238457354,0.0008849957173664436
2011-01-11,5754.10009765625,5754.10009765625,5842.60009765625,5698.2001953125,5767.9501953125,0,-0.0015183459315658565,0.007985559210199833
2011-01-12,5863.25,5863.25,5874.2001953125,5711.2998046875,5800.0498046875,0,0.01896906562126177,-0.002131923421310744
2011-01-13,5751.89990234375,5751.89990234375,5857.75,5736.7001953125,5850.75,0,-0.018991190492687493,3.480507587050319e-05
2011-01-14,5654.5498046875,5654.5498046875,5833.64990234375,5639.64990234375,5752.10009765625,0,-0.016924859491484257,-0.0010168802466349325
2011-01-17,5654.75,5654.75,5696.14990234375,5624.14990234375,5648.7998046875,0,3.540428847825794e-05,0.004916186336707984
2011-01-18,5724.0498046875,5724.0498046875,5730.5,5671.25,5682.5498046875,0,0.012255149155577127,0.002323580930036373
2011-01-19,5691.0498046875,5691.0498046875,5747.64990234375,5662.5498046875,5737.35009765625,0,-0.00576514899869951,-0.006158759084946119
2011-01-20,5711.60009765625,5711.60009765625,5729.4501953125,5634.5,5656.0,0,0.003610984558916286,-0.003422909978724298
2011-01-21,5696.5,5696.5,5717.5498046875,5674.5,5692.0498046875,0,-0.002643759611679841,0.003616272738742987
2011-01-24,5743.25,5743.25,5756.0,5697.75,5717.10009765625,0,0.008206793645220811,0.00349102070909324
2011-01-25,5687.39990234375,5687.39990234375,5801.5498046875,5680.64990234375,5763.2998046875,0,-0.009724476151351635,0.006663836374180665
2011-01-27,5604.2998046875,5604.2998046875,5726.10009765625,5594.9501953125,5725.2998046875,0,-0.014611263333532243,0.0017308487501661585
2011-01-28,5512.14990234375,5512.14990234375,5614.39990234375,5459.5498046875,5614.0,0,-0.0164427146218471,-0.010812495797857036
2011-01-31,5505.89990234375,5505.89990234375,5526.85009765625,5416.64990234375,5452.5498046875,0,-0.0011338588591980336,0.00570295553872735
2011-02-01,5417.2001953125,5417.2001953125,5539.14990234375,5402.0,5537.2998046875,0,-0.016109938176226635,0.009663591428704876
2011-02-02,5432.0,5432.0,5490.60009765625,5415.64990234375,5469.5498046875,0,0.0027320025389325764,-0.00028531014129229426
2011-02-03,5526.75,5526.75,5532.64990234375,5418.0,5430.4501953125,0,0.017442930780559696,-0.0012394440957614883
2011-02-04,5395.75,5395.75,5556.2998046875,5369.0498046875,5519.89990234375,0,-0.02370289953408422,0.006375369938145692
2011-02-07,5396.0,5396.0,5440.35009765625,5376.9501953125,5430.14990234375,0,4.633276189602853e-05,0.0067364895582375794
2011-02-08,5312.5498046875,5312.5498046875,5432.35009765625,5303.39990234375,5432.35009765625,0,-0.015465195573109658,-0.003670553823852063
2011-02-09,5253.5498046875,5253.5498046875,5339.4501953125,5225.64990234375,5293.0498046875,0,-0.011105778236270236,-0.0014276061480007485
2011-02-10,5225.7998046875,5225.7998046875,5272.60009765625,5196.7998046875,5246.0498046875,0,-0.005282142747602747,-0.0011768346614108305
2011-02-11,5310.0,5310.0,5319.4501953125,5177.7001953125,5219.64990234375,0,0.016112403547677623,0.00569679849340865
2011-02-14,5456.0,5456.0,5463.7998046875,5340.25,5340.25,0,0.027495291902071672,0.0021535923753666086
2011-02-15,5481.0,5481.0,5506.5,5408.35009765625,5467.75,0,0.004582111436950198,-0.0024447915241287976
2011-02-16,5481.7001953125,5481.7001953125,5504.7998046875,5460.35009765625,5467.60009765625,0,0.00012774955528183085,0.003648503071565612
2011-02-17,5546.4501953125,5546.4501953125,5553.0,5463.39990234375,5501.7001953125,0,0.011812028694194066,0.002001209599678866
2011-02-18,5458.9501953125,5458.9501953125,5599.25,5441.9501953125,5557.5498046875,0,-0.01577585607348453,-0.00043050358991514326
2011-02-21,5518.60009765625,5518.60009765625,5526.25,5413.10009765625,5456.60009765625,0,0.010926991492791194,-0.002573151716235178
2011-02-22,5469.2001953125,5469.2001953125,5519.4501953125,5437.2998046875,5504.39990234375,0,-0.00895152782763331,-0.0030626050248363512
2011-02-23,5437.35009765625,5437.35009765625,5495.2001953125,5427.5498046875,5452.4501953125,0,-0.005823538455137944,-0.00525993308184769
2011-02-24,5262.7001953125,5262.7001953125,5423.39990234375,5242.5,5408.75,0,-0.03212040777345426,0.01108738997273151
2011-02-25,5303.5498046875,5303.5498046875,5338.2001953125,5232.75,5321.0498046875,0,0.007762100795972504,0.005015527078248594
2011-02-28,5333.25,5333.25,5477.0,5308.60009765625,5330.14990234375,0,0.005600059659334189,0.009140767824497242
2011-03-01,5522.2998046875,5522.2998046875,5533.0498046875,5373.5498046875,5382.0,0,0.03544739224441007,-0.007940461569612589
2011-03-03,5536.2001953125,5536.2001953125,5570.75,5468.25,5478.4501953125,0,0.0025171379889952217,0.009031465307619335
2011-03-04,5538.75,5538.75,5608.2001953125,5524.10009765625,5586.2001953125,0,0.00046056945152717077,-0.00879263287068377
2011-03-07,5463.14990234375,5463.14990234375,5491.25,5408.4501953125,5490.0498046875,0,-0.013649306730986188,0.0005400172730449793
2011-03-08,5520.7998046875,5520.7998046875,5530.5498046875,5464.75,5466.10009765625,0,0.010552502379445494,0.003912494279888712
2011-03-09,5531.0,5531.0,5563.2998046875,5477.4501953125,5542.39990234375,0,0.0018475937678159582,-0.0026938894130807967
2011-03-10,5494.39990234375,5494.39990234375,5516.2998046875,5468.4501953125,5516.10009765625,0,-0.006617265893373747,-0.006961633787100907
2011-03-11,5445.4501953125,5445.4501953125,5502.7001953125,5411.5498046875,5456.14990234375,0,-0.00890901789117493,-0.001643609801115109
2011-03-14,5531.5,5531.5,5537.2998046875,5434.25,5436.5,0,0.015802147040399506,-0.02015728102684622
2011-03-15,5449.64990234375,5449.64990234375,5497.85009765625,5373.64990234375,5420.0,0,-0.014797088973379724,0.004826051845539414
2011-03-16,5511.14990234375,5511.14990234375,5535.10009765625,5475.9501953125,5475.9501953125,0,0.011285128604967998,-0.010115856216556751
2011-03-17,5446.64990234375,5446.64990234375,5510.0498046875,5435.2998046875,5455.39990234375,0,-0.011703546654132868,0.005269329923362598
2011-03-18,5373.7001953125,5373.7001953125,5483.0498046875,5366.39990234375,5475.35009765625,0,-0.013393500287187332,0.006522471186255263
2011-03-21,5364.75,5364.75,5413.2998046875,5348.2001953125,5408.75,0,-0.0016655553877581442,0.004865109773288578
2011-03-22,5413.85009765625,5413.85009765625,5428.14990234375,5376.14990234375,5390.85009765625,0,0.009152355218090324,-0.0004525790829637
2011-03-23,5480.25,5480.25,5484.9501953125,5401.9501953125,5411.39990234375,0,0.012264820995412373,0.003932266719127719
2011-03-24,5522.39990234375,5522.39990234375,5529.0,5496.10009765625,5501.7998046875,0,0.00769123714132558,0.011996595895180207
2011-03-25,5654.25,5654.25,5667.10009765625,5560.9501953125,5588.64990234375,0,0.023875507023729314,-0.001591723040191062
2011-03-28,5687.25,5687.25,5709.10009765625,5643.2001953125,5645.25,0,0.005836317814033709,-0.00013187392852431756
2011-03-29,5736.35009765625,5736.35009765625,5770.35009765625,5680.7001953125,5686.5,0,0.008633363691810558,0.0033906066924327405
2011-03-30,5787.64990234375,5787.64990234375,5803.14990234375,5753.89990234375,5755.7998046875,0,0.00894293476063468,0.0026608213357055543
2011-03-31,5833.75,5833.75,5872.0,5778.64990234375,5803.0498046875,0,0.00796525332978093,0.00021427040925647844
2011-04-01,5826.0498046875,5826.0498046875,5860.2001953125,5810.39990234375,5835.0,0,-0.0013199392007713362,0.0027377375489765488
2011-04-04,5908.4501953125,5908.4501953125,5918.7001953125,5833.2001953125,5842.0,0,0.014143440819661901,0.0026064199298772017
2011-04-05,5910.0498046875,5910.0498046875,5928.64990234375,5855.85009765625,5923.85009765625,0,0.0002707324801127786,-0.0003468337417180667
2011-04-06,5891.75,5891.75,5944.4501953125,5868.7998046875,5908.0,0,-0.003096387558863878,-0.0005431654962447796
2011-04-07,5885.7001953125,5885.7001953125,5906.10009765625,5866.25,5888.5498046875,0,-0.001026826441634543,0.00017836530109649473
2011-04-08,5842.0,5842.0,5926.9501953125,5822.0,5886.75,0,-0.007424808240709235,-0.006273519743880573
2011-04-11,5785.7001953125,5785.7001953125,5830.2998046875,5777.89990234375,5805.35009765625,0,-0.009637077146097184,-0.006524707248153794
2011-04-13,5911.5,5911.5,5923.60009765625,5735.5498046875,5747.9501953125,0,0.0217432290718107,-0.002156812991626511
2011-04-15,5824.5498046875,5824.5498046875,5907.35009765625,5806.4501953125,5898.75,0,-0.014708651833291064,-3.428711882402791e-05
2011-04-18,5729.10009765625,5729.10009765625,5897.89990234375,5722.25,5824.35009765625,0,-0.016387482334588976,-0.0022865890686059043
2011-04-19,5740.75,5740.75,5762.9501953125,5693.25,5716.0,0,0.002033461127431746,0.007890920992466244
2011-04-20,5851.64990234375,5851.64990234375,5857.35009765625,5759.64990234375,5786.0498046875,0,0.019318016346949518,0.005331862950311406
2011-04-21,5884.7001953125,5884.7001953125,5912.89990234375,5864.35009765625,5882.85009765625,0,0.005648029789942166,-0.004265314599415593
2011-04-25,5874.5,5874.5,5906.60009765625,5857.0,5859.60009765625,0,-0.0017333415422973175,0.00040005066920589805
2011-04-26,5868.39990234375,5868.39990234375,5893.2001953125,5791.5498046875,5876.85009765625,0,-0.0010384028693931624,0.0026924363083093983
2011-04-27,5833.89990234375,5833.89990234375,5892.35009765625,5819.9501953125,5884.2001953125,0,-0.00587894495503305,0.0029911715326980115
2011-04-28,5785.4501953125,5785.4501953125,5856.39990234375,5776.9501953125,5851.35009765625,0,-0.00830485744395193,-0.000509933576973931
2011-04-29,5749.5,5749.5,5804.2998046875,5706.0498046875,5782.5,0,-0.006213897639569588,0.0030263331322288867
2011-05-02,5701.2998046875,5701.2998046875,5775.25,5687.7001953125,5766.89990234375,0,-0.008383371651882743,-0.0020345552369414044
2011-05-03,5565.25,5565.25,5710.7998046875,5554.85009765625,5689.7001953125,0,-0.02386294517885945,0.0004402668905261198
2011-05-04,5537.14990234375,5537.14990234375,5578.7998046875,5503.0,5567.7001953125,0,-0.0050492067124118245,-0.0010022854330078435
2011-05-05,5459.85009765625,5459.85009765625,5560.2998046875,5443.64990234375,5531.60009765625,0,-0.0139602152823749,0.0032601269941716637
2011-05-06,5551.4501953125,5551.4501953125,5564.39990234375,5472.4501953125,5477.64990234375,0,0.016777035269809115,0.004278161410878445
2011-05-09,5551.10009765625,5551.10009765625,5586.0498046875,5502.39990234375,5575.2001953125,0,-6.306418033719119e-05,0.0008015901268163539
2011-05-10,5541.25,5541.25,5592.89990234375,5514.5498046875,5555.5498046875,0,-0.0017744406483336528,0.0010738001917436346
2011-05-11,5565.0498046875,5565.0498046875,5574.7001953125,5525.0,5547.2001953125,0,0.004295024531919767,-0.004896631828352538
2011-05-12,5486.14990234375,5486.14990234375,5572.5,5476.2998046875,5537.7998046875,0,-0.014177753140195093,0.0011301541924422231
2011-05-13,5544.75,5544.75,5605.0,5472.14990234375,5492.35009765625,0,0.010681461261424108,-0.0005500346611659879
2011-05-16,5499.0,5499.0,5541.7998046875,5487.64990234375,5541.7001953125,0,-0.00825104828892198,-0.0005273508535642568
2011-05-17,5438.9501953125,5438.9501953125,5523.85009765625,5421.0498046875,5496.10009765625,0,-0.010920131785324583,0.0017006958453069654
2011-05-18,5420.60009765625,5420.60009765625,5460.5,5401.25,5448.2001953125,0,-0.00337383079405007,0.005082427072864437
2011-05-19,5428.10009765625,5428.10009765625,5452.60009765625,5411.25,5448.14990234375,0,0.0013836106454787611,0.004154272080803434
2011-05-20,5486.35009765625,5486.35009765625,5517.5498046875,5432.75,5450.64990234375,0,0.010731194884403772,-0.00540430373854861
2011-05-23,5386.5498046875,5386.5498046875,5456.7001953125,5373.0,5456.7001953125,0,-0.018190653383819644,-0.00026913461934174876
2011-05-24,5394.85009765625,5394.85009765625,5422.60009765625,5367.4501953125,5385.10009765625,0,0.0015409294018828845,-0.001065831282781704
2011-05-25,5348.9501953125,5348.9501953125,5389.10009765625,5328.7001953125,5389.10009765625,0,-0.008508095964277262,0.004449434714938416
2011-05-26,5412.35009765625,5412.35009765625,5422.2001953125,5356.35009765625,5372.75,0,0.011852774849036685,0.00024944758411593604
2011-05-27,5476.10009765625,5476.10009765625,5485.7998046875,5413.60009765625,5413.7001953125,0,0.011778617208743736,0.003223078838771487
2011-05-30,5473.10009765625,5473.10009765625,5509.2998046875,5458.60009765625,5493.75,0,-0.0005478351283760841,0.016069449756439314
2011-06-01,5592.0,5592.0,5597.35009765625,5559.4501953125,5561.0498046875,0,0.021724415819594833,-0.01110516767815628
2011-06-02,5550.35009765625,5550.35009765625,5568.2001953125,5521.9501953125,5529.89990234375,0,-0.007448122736722129,0.0027656089050547283
2011-06-03,5516.75,5516.75,5604.9501953125,5507.2001953125,5565.7001953125,0,-0.0060536897790354205,-0.0022567988965424
2011-06-06,5532.0498046875,5532.0498046875,5542.64990234375,5479.85009765625,5504.2998046875,0,0.0027733365999003112,-0.004139496778273077
2011-06-07,5556.14990234375,5556.14990234375,5570.10009765625,5507.7998046875,5509.14990234375,0,0.004356449870684287,-0.0037615799989366705
2011-06-08,5526.85009765625,5526.85009765625,5556.60009765625,5514.89990234375,5535.25,0,-0.005273400682573426,-0.0005971381366304263
2011-06-09,5521.0498046875,5521.0498046875,5540.10009765625,5502.0498046875,5523.5498046875,0,-0.0010494753550869262,-0.0005433749207357508
2011-06-10,5485.7998046875,5485.7998046875,5521.4501953125,5457.4501953125,5518.0498046875,0,-0.0063846553186446275,-0.0029074533521294965
2011-06-13,5482.7998046875,5482.7998046875,5496.7001953125,5436.9501953125,5469.85009765625,0,-0.0005468664746818286,0.0005107414219931439
2011-06-14,5500.5,5500.5,5520.14990234375,5484.2001953125,5485.60009765625,0,0.003228313260200899,-0.0010998645009544505
2011-06-15,5447.5,5447.5,5499.35009765625,5438.9501953125,5494.4501953125,0,-0.009635487682937871,-0.005112454824460766
2011-06-16,5396.75,5396.75,5447.5,5389.7998046875,5419.64990234375,0,-0.009316200091785243,0.0029184231250289905
2011-06-17,5366.39990234375,5366.39990234375,5421.14990234375,5355.85009765625,5412.5,0,-0.005623773133135668,0.0010808536587474382
2011-06-20,5257.89990234375,5257.89990234375,5377.39990234375,5195.89990234375,5372.2001953125,0,-0.020218396313068876,0.004355332503295228
2011-06-21,5275.85009765625,5275.85009765625,5322.4501953125,5257.0,5280.7998046875,0,0.003413947706478515,0.0054587988958014755
2011-06-22,5278.2998046875,5278.2998046875,5310.5,5262.5,5304.64990234375,0,0.00046432460852874335,-0.001742929991032316
2011-06-23,5320.0,5320.0,5330.60009765625,5252.25,5269.10009765625,0,0.007900308215813556,0.004398477884163476
2011-06-24,5471.25,5471.25,5477.85009765625,5343.39990234375,5343.39990234375,0,0.0284304511278195,-0.0054923106579849446
2011-06-27,5526.60009765625,5526.60009765625,5552.64990234375,5434.25,5441.2001953125,0,0.010116536012108712,0.0040259833544742385
2011-06-28,5545.2998046875,5545.2998046875,5558.2998046875,5496.35009765625,5548.85009765625,0,0.0033835824378138923,0.003823092719816401
2011-06-29,5600.4501953125,5600.4501953125,5608.64990234375,5566.5,5566.5,0,0.009945429925787064,0.0025086920153776227
2011-06-30,5647.39990234375,5647.39990234375,5657.89990234375,5606.10009765625,5614.5,0,0.008383202313011706,0.010332205734542299
2011-07-01,5627.2001953125,5627.2001953125,5705.7998046875,5609.75,5705.75,0,-0.003576815416040713,0.009302958408802908
2011-07-04,5650.5,5650.5,5679.64990234375,5633.10009765625,5679.5498046875,0,0.0041405679341048884,0.00165473810392891
2011-07-05,5632.10009765625,5632.10009765625,5659.85009765625,5612.2998046875,5659.85009765625,0,-0.003256331712901517,-0.0016689870884328828
2011-07-06,5625.4501953125,5625.4501953125,5655.39990234375,5610.75,5622.7001953125,0,-0.001180714516511805,0.001404314689397168
2011-07-07,5728.9501953125,5728.9501953125,5737.14990234375,5632.9501953125,5633.35009765625,0,0.018398527478963977,0.0009948955457692588
2011-07-08,5660.64990234375,5660.64990234375,5740.39990234375,5651.0498046875,5734.64990234375,0,-0.011921956142092904,-0.002225910076338211
2011-07-11,5616.10009765625,5616.10009765625,5652.89990234375,5601.7001953125,5648.0498046875,0,-0.007870086554735423,-0.010541157437205517
2011-07-12,5526.14990234375,5526.14990234375,5580.25,5496.9501953125,5556.89990234375,0,-0.016016487197234697,0.002877211553202086
2011-07-13,5585.4501953125,5585.4501953125,5596.14990234375,5541.39990234375,5542.0498046875,0,0.01073085131903495,0.0031331404610297486
2011-07-15,5581.10009765625,5581.10009765625,5631.7001953125,5562.75,5602.9501953125,0,-0.0007788266843558045,0.00011644699653801105
2011-07-18,5567.0498046875,5567.0498046875,5596.60009765625,5550.9501953125,5581.75,0,-0.002517477329362028,0.0005030120201892085
2011-07-19,5613.5498046875,5613.5498046875,5627.64990234375,5557.2001953125,5569.85009765625,0,0.008352718519034408,0.005077001361277977
2011-07-20,5567.0498046875,5567.0498046875,5645.39990234375,5555.10009765625,5642.0498046875,0,-0.008283528536821905,-0.002236320397343561
2011-07-21,5541.60009765625,5541.60009765625,5578.89990234375,5532.7001953125,5554.60009765625,0,-0.004571489015568253,0.006379041618539194
2011-07-22,5633.9501953125,5633.9501953125,5642.2001953125,5567.10009765625,5576.9501953125,0,0.016664879462397142,-2.6693637640851087e-05
2011-07-25,5680.2998046875,5680.2998046875,5700.5498046875,5616.7001953125,5633.7998046875,0,0.008226840452647766,0.001434852191828595
2011-07-26,5574.85009765625,5574.85009765625,5702.25,5560.14990234375,5688.4501953125,0,-0.018564109405674434,0.0024574126283700704
2011-07-27,5546.7998046875,5546.7998046875,5591.7001953125,5521.5,5588.5498046875,0,-0.0050315779756199275,-0.009807439290990372
2011-07-28,5487.75,5487.75,5512.10009765625,5475.64990234375,5492.39990234375,0,-0.010645742908838685,-0.0015944603890483133
2011-07-29,5482.0,5482.0,5520.2998046875,5453.9501953125,5479.0,0,-0.0010477882556603202,0.008299890550893751
2011-08-01,5516.7998046875,5516.7998046875,5551.89990234375,5486.4501953125,5527.5,0,0.006348012529642455,-0.004277771572379296
2011-08-02,5456.5498046875,5456.5498046875,5496.2998046875,5433.64990234375,5493.2001953125,0,-0.010921186581540843,-0.009997123940963304
2011-08-03,5404.7998046875,5404.7998046875,5422.60009765625,5378.85009765625,5402.0,0,-0.009484014964097565,0.0014061756088834532
2011-08-04,5331.7998046875,5331.7998046875,5434.5,5323.14990234375,5412.39990234375,0,-0.01350651321750862,-0.02390369325554975
2011-08-05,5211.25,5211.25,5229.64990234375,5116.4501953125,5204.35009765625,0,-0.022609589463865043,-0.02444709087910768
2011-08-08,5118.5,5118.5,5204.2001953125,5054.0498046875,5083.85009765625,0,-0.017798033101463218,-0.033330096250122065
2011-08-09,5072.85009765625,5072.85009765625,5167.0,4946.4501953125,4947.89990234375,0,-0.008918609425368706,0.024384656485000766
2011-08-10,5161.0,5161.0,5197.9501953125,5123.35009765625,5196.5498046875,0,0.017376800151156946,-0.006394109668668824
2011-08-11,5138.2998046875,5138.2998046875,5184.9501953125,5121.0,5128.0,0,-0.00439841025237353,0.010918027322008639
2011-08-12,5072.9501953125,5072.9501953125,5194.4501953125,5053.35009765625,5194.39990234375,0,-0.012718138656561795,0.01040810626059141
2011-08-16,5035.7998046875,5035.7998046875,5132.2001953125,5015.39990234375,5125.75,0,-0.007323231885723591,-0.0010921800336225473
2011-08-17,5056.60009765625,5056.60009765625,5112.14990234375,5017.25,5030.2998046875,0,0.004130484486176034,0.004222223874525088
2011-08-18,4944.14990234375,4944.14990234375,5078.60009765625,4932.14990234375,5077.9501953125,0,-0.02223830106015723,-0.017161716236804847
2011-08-19,4845.64990234375,4845.64990234375,4893.60009765625,4796.10009765625,4859.2998046875,0,-0.019922535106248862,-0.00040236233952994915
2011-08-22,4898.7998046875,4898.7998046875,4910.0498046875,4808.75,4843.7001953125,0,0.010968580771393066,0.005378888443458463
2011-08-23,4948.89990234375,4948.89990234375,4965.7998046875,4863.7998046875,4925.14990234375,0,0.010227014708441562,-0.0029400078754087122
2011-08-24,4888.89990234375,4888.89990234375,4962.39990234375,4875.2998046875,4934.35009765625,0,-0.012123906561857245,0.0052670335892244236
2011-08-25,4839.60009765625,4839.60009765625,4915.85009765625,4825.0498046875,4914.64990234375,0,-0.010084028241990728,-7.234020356750026e-05
2011-08-26,4747.7998046875,4747.7998046875,4872.0,4720.0,4839.25,0,-0.01896856994717555,0.012300516666128525
2011-08-29,4919.60009765625,4919.60009765625,4934.39990234375,4806.0498046875,4806.2001953125,0,0.036185243699435654,0.010905338092279004
2011-08-30,5001.0,5001.0,5016.25,4927.5498046875,4973.25,0,0.016546040476446366,0.021755609815536925
2011-09-02,5040.0,5040.0,5113.7001953125,4993.35009765625,5109.7998046875,0,0.007798440311937549,-0.008154781281002
2011-09-05,5017.2001953125,5017.2001953125,5030.2998046875,4964.4501953125,4998.89990234375,0,-0.004523770771329372,-0.004753666732001838
2011-09-06,5064.2998046875,5064.2998046875,5072.89990234375,4942.89990234375,4993.35009765625,0,0.009387628067742737,0.003129770801005849
2011-09-07,5124.64990234375,5124.64990234375,5154.5,5076.2998046875,5080.14990234375,0,0.01191677033030114,0.0028392755107222722
2011-09-08,5153.25,5153.25,5169.25,5098.25,5139.2001953125,0,0.005580888099920633,0.001562083090767885
2011-09-09,5059.4501953125,5059.4501953125,5163.75,5046.7998046875,5161.2998046875,0,-0.018202067566584157,-0.015367282411838823
2011-09-12,4946.7998046875,4946.7998046875,4985.60009765625,4911.25,4981.7001953125,0,-0.022265342334898075,0.006266677695471845
2011-09-13,4940.9501953125,4940.9501953125,5030.14990234375,4911.0498046875,4977.7998046875,0,-0.0011825037612108735,0.004877525257765969
2011-09-14,5012.5498046875,5012.5498046875,5026.14990234375,4917.39990234375,4965.0498046875,0,0.014491060736237849,0.00993512182605727
2011-09-15,5075.7001953125,5075.7001953125,5091.4501953125,4967.4501953125,5062.35009765625,0,0.012598456491333954,0.009387848082074601
2011-09-16,5084.25,5084.25,5143.60009765625,5068.10009765625,5123.35009765625,0,0.0016844581749324572,-0.0031174898276540297
2011-09-19,5031.9501953125,5031.9501953125,5068.39990234375,5019.25,5068.39990234375,0,-0.010286631201750551,0.002106461503707635
2011-09-20,5140.2001953125,5140.2001953125,5149.89990234375,5035.25,5042.5498046875,0,0.021512534066978617,0.0026360461018339887
2011-09-21,5133.25,5133.25,5168.39990234375,5109.85009765625,5153.75,0,-0.0013521254130992588,-0.015350860505040642
2011-09-22,4923.64990234375,4923.64990234375,5059.85009765625,4907.75,5054.4501953125,0,-0.04083185070983297,-0.010134738117752229
2011-09-23,4867.75,4867.75,4930.25,4829.60009765625,4873.75,0,-0.011353346288317634,0.0022289759449951596
2011-09-26,4835.39990234375,4835.39990234375,4879.7998046875,4758.85009765625,4878.60009765625,0,-0.006645800966822435,0.014424866900086597
2011-09-27,4971.25,4971.25,4982.9501953125,4905.14990234375,4905.14990234375,0,0.02809490433054007,0.006889615287905437
2011-09-28,4945.89990234375,4945.89990234375,5006.0498046875,4918.4501953125,5005.5,0,-0.005099340740507885,-0.004387413303889698
2011-09-29,5015.4501953125,5015.4501953125,5034.25,4906.0,4924.2001953125,0,0.014062212002267094,-0.0050444709813679545
2011-09-30,4943.25,4943.25,5025.5498046875,4924.2998046875,4990.14990234375,0,-0.014395556231418527,-0.013928103506043565
2011-10-03,4849.5,4849.5,4879.14990234375,4823.89990234375,4874.39990234375,0,-0.018965255651646196,-0.00536137746159393
2011-10-04,4772.14990234375,4772.14990234375,4869.75,4728.2998046875,4823.5,0,-0.015950118085627407,0.004012845936449905
2011-10-05,4751.2998046875,4751.2998046875,4827.7998046875,4741.0,4791.2998046875,0,-0.0043691204347980905,0.027855555973478552
2011-10-07,4888.0498046875,4888.0498046875,4922.60009765625,4861.2001953125,4883.64990234375,0,0.02878159779879308,-0.00024543674454780007
2011-10-10,4979.60009765625,4979.60009765625,4991.14990234375,4882.0498046875,4886.85009765625,0,0.01872941083393953,0.008092980138398653
2011-10-11,4974.35009765625,4974.35009765625,5045.10009765625,4964.0,5019.89990234375,0,-0.0010543015296491376,0.007408022542203518
2011-10-12,5099.39990234375,5099.39990234375,5109.7998046875,4997.64990234375,5011.2001953125,0,0.02513892312212196,0.00615756813450119
2011-10-13,5077.85009765625,5077.85009765625,5136.9501953125,5067.64990234375,5130.7998046875,0,-0.004225949150917785,-0.004037141626032303
2011-10-14,5132.2998046875,5132.2998046875,5141.39990234375,5056.60009765625,5057.35009765625,0,0.010722984330786334,0.004656857848243989
2011-10-17,5118.25,5118.25,5160.2001953125,5084.5,5156.2001953125,0,-0.0027375261037299037,-0.013442056305866257
2011-10-18,5037.5,5037.5,5057.5,5011.0498046875,5049.4501953125,0,-0.015776876862208744,0.008526093362282827
2011-10-19,5139.14990234375,5139.14990234375,5148.0498046875,5075.2998046875,5080.4501953125,0,0.02017864066377162,-0.01023517481602576
2011-10-20,5091.89990234375,5091.89990234375,5099.0,5033.9501953125,5086.5498046875,0,-0.00919412760823557,0.0028869764909820184
2011-10-21,5049.9501953125,5049.9501953125,5120.75,5037.9501953125,5106.60009765625,0,-0.008238517613423868,0.01282190863191146
2011-10-24,5098.35009765625,5098.35009765625,5145.64990234375,5084.75,5114.7001953125,0,0.009584233600694825,0.00775737325408099
2011-10-25,5191.60009765625,5191.60009765625,5211.0,5085.5498046875,5137.89990234375,0,0.018290230802876284,0.02895057436248849
2011-10-28,5360.7001953125,5360.7001953125,5399.7001953125,5322.7998046875,5341.89990234375,0,0.03257186502723708,-0.0003358316830186503
2011-10-31,5326.60009765625,5326.60009765625,5360.25,5314.60009765625,5358.89990234375,0,-0.0063611275418961055,-0.009011376698078055
2011-11-01,5257.9501953125,5257.9501953125,5310.85009765625,5238.2998046875,5278.60009765625,0,-0.012888127714704267,-0.007835790333128312
2011-11-02,5258.4501953125,5258.4501953125,5300.10009765625,5204.9501953125,5216.75,0,9.509409207519859e-05,-0.003213948976842129
2011-11-03,5265.75,5265.75,5281.60009765625,5201.85009765625,5241.5498046875,0,0.0013882045881137284,0.011327902453354133
2011-11-04,5284.2001953125,5284.2001953125,5326.4501953125,5256.7998046875,5325.39990234375,0,0.0035038114822198985,0.0015233723912733144
2011-11-08,5289.35009765625,5289.35009765625,5304.25,5252.0,5292.25,0,0.0009745850182432125,0.0038473720363616515
2011-11-09,5221.0498046875,5221.0498046875,5317.5,5211.75,5309.7001953125,0,-0.012912794900646563,-0.01174089636771225
2011-11-11,5168.85009765625,5168.85009765625,5198.60009765625,5142.25,5159.75,0,-0.009997933171291495,0.00938313146709202
2011-11-14,5148.35009765625,5148.35009765625,5228.89990234375,5140.5498046875,5217.35009765625,0,-0.003966065877842984,-0.003331145321985307
2011-11-15,5068.5,5068.5,5158.75,5052.85009765625,5131.2001953125,0,-0.015509842209954106,-0.0018545728211009083
2011-11-16,5030.4501953125,5030.4501953125,5065.2001953125,4989.5,5059.10009765625,0,-0.0075071134827858765,-0.0006659637857804324
2011-11-17,4934.75,4934.75,5036.7998046875,4919.4501953125,5027.10009765625,0,-0.019024181056732425,-0.007214164376361465
2011-11-18,4905.7998046875,4905.7998046875,4915.89990234375,4837.9501953125,4899.14990234375,0,-0.0058665981686002455,-0.006522891531249186
2011-11-21,4778.35009765625,4778.35009765625,4873.7998046875,4764.7998046875,4873.7998046875,0,-0.025979394207947815,0.0034530747355856484
2011-11-22,4812.35009765625,4812.35009765625,4854.0,4782.5498046875,4794.85009765625,0,0.007115426727873464,-0.006826206944554825
2011-11-23,4706.4501953125,4706.4501953125,4779.5,4640.9501953125,4779.5,0,-0.022005859963373453,0.0052799048845242336
2011-11-25,4710.0498046875,4710.0498046875,4767.2998046875,4693.10009765625,4731.2998046875,0,0.0007648247034643951,0.0125794848158578
2011-11-28,4851.2998046875,4851.2998046875,4859.10009765625,4766.39990234375,4769.2998046875,0,0.02998906717704486,0.0026591616977651444
2011-11-29,4805.10009765625,4805.10009765625,4866.10009765625,4787.10009765625,4864.2001953125,0,-0.00952316057371061,-0.008106011221597376
2011-11-30,4832.0498046875,4832.0498046875,4851.5498046875,4754.7998046875,4766.14990234375,0,0.005608563085791829,0.02872493011849797
2011-12-01,4936.85009765625,4936.85009765625,5011.89990234375,4916.7001953125,4970.85009765625,0,0.021688578802951275,0.0008102332298682846
2011-12-02,5050.14990234375,5050.14990234375,5062.5498046875,4918.39990234375,4940.85009765625,0,0.022949816673852208,-0.002702870728137241
2011-12-05,5039.14990234375,5039.14990234375,5055.39990234375,5002.5498046875,5036.5,0,-0.0021781531662842246,0.0021730243244812986
2011-12-07,5062.60009765625,5062.60009765625,5099.25,5032.25,5050.10009765625,0,0.004653601454005729,-0.004977717936711312
2011-12-08,4943.64990234375,4943.64990234375,5049.0498046875,4921.4501953125,5037.39990234375,0,-0.023495870307348232,-0.01474617009371737
2011-12-09,4866.7001953125,4866.7001953125,4918.35009765625,4841.75,4870.75,0,-0.01556536335527492,0.008249923096232958
2011-12-12,4764.60009765625,4764.60009765625,4910.25,4755.5498046875,4906.85009765625,0,-0.02097932758516552,-0.006506317290982944
2011-12-13,4800.60009765625,4800.60009765625,4824.7001953125,4728.5,4733.60009765625,0,0.007555723305657569,-0.002478836416630492
2011-12-14,4763.25,4763.25,4839.5498046875,4750.39990234375,4788.7001953125,0,-0.0077802976495553455,-0.01059154890305991
2011-12-15,4746.35009765625,4746.35009765625,4768.64990234375,4673.85009765625,4712.7998046875,0,-0.003547977188631757,0.0012957119085645896
2011-12-16,4651.60009765625,4651.60009765625,4818.85009765625,4628.2001953125,4752.5,0,-0.01996270777555742,-0.006116216939378583
2011-12-19,4613.10009765625,4613.10009765625,4623.14990234375,4555.89990234375,4623.14990234375,0,-0.008276721814370669,0.004920705501877842
2011-12-20,4544.2001953125,4544.2001953125,4637.25,4531.14990234375,4635.7998046875,0,-0.014935705032447788,0.02030060209388651
2011-12-21,4693.14990234375,4693.14990234375,4707.35009765625,4601.9501953125,4636.4501953125,0,0.0327779808611639,-0.011985553662351323
2011-12-22,4733.85009765625,4733.85009765625,4740.60009765625,4632.9501953125,4636.89990234375,0,0.008672255555309372,0.006200047963238475
2011-12-23,4714.0,4714.0,4763.4501953125,4693.2001953125,4763.2001953125,0,-0.004193224805761786,0.014043316782456516
2011-12-27,4750.5,4750.5,4800.5,4723.64990234375,4780.2001953125,0,0.0077428935086973905,0.0011999148115988678
2011-12-28,4705.7998046875,4705.7998046875,4756.2001953125,4685.64990234375,4756.2001953125,0,-0.009409576952426058,-0.005238196133884765
2011-12-29,4646.25,4646.25,4701.7998046875,4639.0498046875,4681.14990234375,0,-0.012654555476028118,0.0029486565106269236
2011-12-30,4624.2998046875,4624.2998046875,4690.4501953125,4608.89990234375,4659.9501953125,0,-0.004724282015065917,0.011136821178375111
2012-01-03,4765.2998046875,4765.2998046875,4773.10009765625,4675.7998046875,4675.7998046875,0,0.030491102643706913,0.0020251381907823163
2012-01-04,4749.64990234375,4749.64990234375,4782.85009765625,4728.85009765625,4774.9501953125,0,-0.0032841380364684314,-0.0001368316311964879
2012-01-05,4749.9501953125,4749.9501953125,4779.7998046875,4730.14990234375,4749.0,0,6.322423229598861e-05,-0.005431697577421124
2012-01-06,4754.10009765625,4754.10009765625,4794.89990234375,4686.85009765625,4724.14990234375,0,0.0008736728119476123,-0.0013778197417381177
2012-01-09,4742.7998046875,4742.7998046875,4758.7001953125,4695.4501953125,4747.5498046875,0,-0.0023769573077186967,0.00612513581957197
2012-01-10,4849.5498046875,4849.5498046875,4855.89990234375,4768.25,4771.85009765625,0,0.022507802225701035,0.0028044041620325366
2012-01-11,4860.9501953125,4860.9501953125,4877.2001953125,4841.60009765625,4863.14990234375,0,0.002350814216606434,-0.004114421912671751
2012-01-12,4831.25,4831.25,4869.2001953125,4803.89990234375,4840.9501953125,0,-0.0061099567202190785,0.006354503557567837
2012-01-13,4866.0,4866.0,4898.85009765625,4834.2001953125,4861.9501953125,0,0.007192755498059533,-0.00452116728318952
2012-01-16,4873.89990234375,4873.89990234375,4880.7998046875,4827.0498046875,4844.0,0,0.0016234900007705555,0.006278359890307783
2012-01-17,4967.2998046875,4967.2998046875,4975.5498046875,4904.0,4904.5,0,0.019163278732670763,0.0021037979834916953
2012-01-18,4955.7998046875,4955.7998046875,4980.64990234375,4931.0498046875,4977.75,0,-0.0023151411133163213,0.007909963448366586
2012-01-19,5018.39990234375,5018.39990234375,5023.7998046875,4991.39990234375,4995.0,0,0.012631684112227148,0.005270643198471925
2012-01-20,5048.60009765625,5048.60009765625,5064.14990234375,5004.2998046875,5044.85009765625,0,0.006017893332573188,-0.004605237006352181
2012-01-23,5046.25,5046.25,5059.5498046875,5021.35009765625,5025.35009765625,0,-0.0004654949116174034,0.0036759583230121518
2012-01-24,5127.35009765625,5127.35009765625,5141.0498046875,5049.7998046875,5064.7998046875,0,0.016071359456279355,0.004710016262550409
2012-01-25,5158.2998046875,5158.2998046875,5174.14990234375,5130.25,5151.5,0,0.00603619929237853,0.011331290837222063
2012-01-27,5204.7001953125,5204.7001953125,5217.0,5162.39990234375,5216.75,0,0.008995287668784657,-0.007906390201314784
2012-01-30,5087.2998046875,5087.2998046875,5166.14990234375,5076.7001953125,5163.5498046875,0,-0.02255660964501549,0.007459791396121851
2012-01-31,5199.25,5199.25,5215.39990234375,5120.14990234375,5125.25,0,0.022005818333990845,-0.00021158775905183447
2012-02-01,5235.7001953125,5235.7001953125,5244.60009765625,5159.0,5198.14990234375,0,0.007010664098187291,0.0069522510812094485
2012-02-02,5269.89990234375,5269.89990234375,5289.9501953125,5225.75,5272.10009765625,0,0.0065320216504889395,0.0011765299962798181
2012-02-03,5325.85009765625,5325.85009765625,5334.85009765625,5255.5498046875,5276.10009765625,0,0.010616937010059058,0.010064139371823044
2012-02-06,5361.64990234375,5361.64990234375,5390.0498046875,5327.25,5379.4501953125,0,0.006721894914626825,0.00956800498039323
2012-02-07,5335.14990234375,5335.14990234375,5413.35009765625,5322.9501953125,5412.9501953125,0,-0.004942508459647055,0.0016213044623076822
2012-02-08,5368.14990234375,5368.14990234375,5396.89990234375,5325.2001953125,5343.7998046875,0,0.006185393213694601,-0.0046757445512636275
2012-02-09,5412.35009765625,5412.35009765625,5423.39990234375,5338.89990234375,5343.0498046875,0,0.008233785590302078,-0.002318825046846995
2012-02-10,5381.60009765625,5381.60009765625,5427.75,5341.0498046875,5399.7998046875,0,-0.00568145065362935,9.29091703074647e-05
2012-02-13,5390.2001953125,5390.2001953125,5421.0498046875,5351.39990234375,5382.10009765625,0,0.0015980558756112373,-0.0017439780127600502
2012-02-14,5416.0498046875,5416.0498046875,5428.0498046875,5377.9501953125,5380.7998046875,0,0.004795667774543766,0.008225606221381687
2012-02-15,5531.9501953125,5531.9501953125,5542.10009765625,5460.60009765625,5460.60009765625,0,0.021399432206973046,-0.003290014311394529
2012-02-16,5521.9501953125,5521.9501953125,5531.39990234375,5483.75,5513.75,0,-0.0018076807720491805,0.009462236737367569
2012-02-17,5564.2998046875,5564.2998046875,5606.7001953125,5545.2001953125,5574.2001953125,0,0.007669321141460017,-0.0004313035652263597
2012-02-21,5607.14990234375,5607.14990234375,5621.5,5561.75,5561.89990234375,0,0.007700896637552246,0.0004637111012786299
2012-02-22,5505.35009765625,5505.35009765625,5629.9501953125,5491.35009765625,5609.75,0,-0.018155356368294795,-0.002779168026982304
2012-02-23,5483.2998046875,5483.2998046875,5537.39990234375,5460.7998046875,5490.0498046875,0,-0.004005248090968361,-0.0007568257238464993
2012-02-24,5429.2998046875,5429.2998046875,5521.39990234375,5405.89990234375,5479.14990234375,0,-0.00984808453366659,0.003462747250118303
2012-02-27,5281.2001953125,5281.2001953125,5449.7998046875,5268.14990234375,5448.10009765625,0,-0.027277846997348587,0.005547944331575572
2012-02-28,5375.5,5375.5,5391.10009765625,5306.4501953125,5310.5,0,0.01785575270772699,0.009199180599479106
2012-02-29,5385.2001953125,5385.2001953125,5458.7998046875,5352.25,5424.9501953125,0,0.001804519637708113,-0.0035653633321213185
2012-03-01,5339.75,5339.75,5372.4501953125,5297.5,5366.0,0,-0.008439833927076923,0.005562094725876765
2012-03-02,5359.35009765625,5359.35009765625,5392.5498046875,5315.0498046875,5369.4501953125,0,0.0036706021173744663,-0.0031347631079553517
2012-03-05,5280.35009765625,5280.35009765625,5344.5,5265.7001953125,5342.5498046875,0,-0.014740593273529279,-0.002717641328861764
2012-03-06,5222.39990234375,5222.39990234375,5382.0498046875,5206.39990234375,5266.0,0,-0.010974688087106554,-0.002939280396616284
2012-03-07,5220.4501953125,5220.4501953125,5243.85009765625,5171.4501953125,5207.0498046875,0,-0.0003733354526096466,0.014107959962893935
2012-03-09,5333.5498046875,5333.5498046875,5342.2998046875,5291.60009765625,5294.10009765625,0,0.02166472337511305,0.016227521282857982
2012-03-12,5359.5498046875,5359.5498046875,5421.89990234375,5327.2998046875,5420.10009765625,0,0.004874802139683609,0.005877359320823894
2012-03-13,5429.5,5429.5,5438.64990234375,5390.7998046875,5391.0498046875,0,0.013051505790900864,0.011244093321208126
2012-03-14,5463.89990234375,5463.89990234375,5499.39990234375,5437.7998046875,5490.5498046875,0,0.006335740370890575,-0.00025620936854087173
2012-03-15,5380.5,5380.5,5462.5,5362.2998046875,5462.5,0,-0.015263804944152692,-2.786029992563055e-05
2012-03-16,5317.89990234375,5317.89990234375,5445.64990234375,5305.0,5380.35009765625,0,-0.011634624599247245,0.0036574955658581487
2012-03-19,5257.0498046875,5257.0498046875,5340.7001953125,5238.5498046875,5337.35009765625,0,-0.011442505269689596,1.904065207081196e-05
2012-03-20,5274.85009765625,5274.85009765625,5297.35009765625,5233.25,5257.14990234375,0,0.003385985225568655,-0.001450259666554099
2012-03-21,5364.9501953125,5364.9501953125,5372.35009765625,5256.0,5267.2001953125,0,0.01708107263489511,-0.0007176390303891278
2012-03-22,5228.4501953125,5228.4501953125,5385.9501953125,5205.64990234375,5361.10009765625,0,-0.025442920256606216,0.005202250383036233
2012-03-23,5278.2001953125,5278.2001953125,5312.0,5220.0,5255.64990234375,0,0.009515247949497985,-0.0007294338058017047
2012-03-26,5184.25,5184.25,5274.9501953125,5174.89990234375,5274.35009765625,0,-0.01779966500625274,0.011322794099918099
2012-03-27,5243.14990234375,5243.14990234375,5277.9501953125,5184.64990234375,5242.9501953125,0,0.011361315975068731,-0.0021837458864435444
2012-03-28,5194.75,5194.75,5236.5498046875,5169.60009765625,5231.7001953125,0,-0.009231073542664614,-0.009394062214254761
2012-03-29,5178.85009765625,5178.85009765625,5194.2998046875,5135.9501953125,5145.9501953125,0,-0.0030607637217864303,0.005358332347282779
2012-03-30,5295.5498046875,5295.5498046875,5307.10009765625,5203.64990234375,5206.60009765625,0,0.022533903246989784,0.0001511255673662948
2012-04-02,5317.89990234375,5317.89990234375,5331.5498046875,5278.7998046875,5296.35009765625,0,0.004220543377094987,0.006638013805636334
2012-04-03,5358.5,5358.5,5378.75,5344.4501953125,5353.2001953125,0,0.0076346111062295385,-0.005570607008724471
2012-04-04,5322.89990234375,5322.89990234375,5338.39990234375,5305.2998046875,5328.64990234375,0,-0.006643668499813349,-0.007589829432253947
2012-04-09,5234.39990234375,5234.39990234375,5287.89990234375,5228.0,5282.5,0,-0.016626275455796646,0.0037636014977913135
2012-04-10,5243.60009765625,5243.60009765625,5255.7998046875,5211.85009765625,5254.10009765625,0,0.001757640891820289,-0.006512682452465057
2012-04-11,5226.85009765625,5226.85009765625,5263.64990234375,5190.7998046875,5209.4501953125,0,-0.0031943702204687563,0.0038072456588478243
2012-04-12,5276.85009765625,5276.85009765625,5290.60009765625,5246.75,5246.75,0,0.00956599081010956,-0.0040080544173775046
2012-04-13,5207.4501953125,5207.4501953125,5306.75,5185.39990234375,5255.7001953125,0,-0.01315176687974795,-0.0032357674148122406
2012-04-16,5226.2001953125,5226.2001953125,5233.5,5183.5,5190.60009765625,0,0.003600610528522674,0.007730263065694576
2012-04-17,5289.7001953125,5289.7001953125,5298.2001953125,5208.35009765625,5266.60009765625,0,0.01215031908975761,0.005860445555585736
2012-04-18,5300.0,5300.0,5342.0,5293.4501953125,5320.7001953125,0,0.0019471433743309952,0.0038868108785377053
2012-04-19,5332.39990234375,5332.39990234375,5342.4501953125,5291.2998046875,5320.60009765625,0,0.0061131891214623035,-0.0034599256186957916
2012-04-20,5290.85009765625,5290.85009765625,5336.14990234375,5245.4501953125,5313.9501953125,0,-0.0077919521132009395,-0.0025421614795811953
2012-04-23,5200.60009765625,5200.60009765625,5310.5498046875,5187.14990234375,5277.39990234375,0,-0.01705775033013679,0.0029419306234284015
2012-04-24,5222.64990234375,5222.64990234375,5232.35009765625,5180.35009765625,5215.89990234375,0,0.004239857761306753,-8.610706052658568e-05
2012-04-25,5202.0,5202.0,5236.10009765625,5160.64990234375,5222.2001953125,0,-0.003953912808607574,0.002450980392156854
2012-04-26,5189.0,5189.0,5215.60009765625,5179.0498046875,5214.75,0,-0.002499038831218714,0.0
2012-04-27,5190.60009765625,5190.60009765625,5223.0498046875,5154.2998046875,5189.0,0,0.0003083633949219067,0.0020903358864323707
2012-04-30,5248.14990234375,5248.14990234375,5262.14990234375,5201.4501953125,5201.4501953125,0,0.011087312373281533,0.0011718229201120867
2012-05-02,5239.14990234375,5239.14990234375,5279.60009765625,5226.4501953125,5254.2998046875,0,-0.0017148900407705225,-0.005334779029465553
2012-05-03,5188.39990234375,5188.39990234375,5217.2998046875,5180.64990234375,5211.2001953125,0,-0.009686685997912892,-0.004192043868895823
2012-05-04,5086.85009765625,5086.85009765625,5177.2001953125,5070.60009765625,5166.64990234375,0,-0.019572470626565863,-0.013574273203089793
2012-05-07,5114.14990234375,5114.14990234375,5124.75,4988.0,5017.7998046875,0,0.005366740549338722,0.00010760204124982131
2012-05-08,4999.9501953125,4999.9501953125,5119.9501953125,4983.60009765625,5114.7001953125,0,-0.02233014464024874,-0.006410122444579058
2012-05-09,4974.7998046875,4974.7998046875,5016.25,4956.4501953125,4967.89990234375,0,-0.005030128229792874,0.001879492245585368
2012-05-10,4965.7001953125,4965.7001953125,5039.2998046875,4950.2998046875,4984.14990234375,0,-0.0018291408161642542,-0.005407112109103163
2012-05-11,4928.89990234375,4928.89990234375,4976.25,4906.14990234375,4938.85009765625,0,-0.00741089705808029,0.0011057630344468716
2012-05-14,4907.7998046875,4907.7998046875,4957.2001953125,4874.5,4934.35009765625,0,-0.004280893926495999,-0.007732529553264089
2012-05-15,4942.7998046875,4942.7998046875,4955.2001953125,4868.5498046875,4869.85009765625,0,0.007131505235109747,-0.013656227779240915
2012-05-16,4858.25,4858.25,4882.25,4837.0498046875,4875.2998046875,0,-0.017105650244486403,0.004188771194617358
2012-05-17,4870.2001953125,4870.2001953125,4922.25,4850.2001953125,4878.60009765625,0,0.002459773645345553,-0.015153441338978557
2012-05-18,4891.4501953125,4891.4501953125,4908.5,4788.9501953125,4796.39990234375,0,0.004363270327255364,0.012930725546508315
2012-05-22,4860.5,4860.5,4956.35009765625,4849.89990234375,4954.7001953125,0,-0.00632740681734012,-0.0036004526283304195
2012-05-23,4835.64990234375,4835.64990234375,4853.75,4803.9501953125,4843.0,0,-0.00511266282404077,0.005738628842123283
2012-05-24,4921.39990234375,4921.39990234375,4931.89990234375,4830.14990234375,4863.39990234375,0,0.017732880115749916,-0.003139291124034105
2012-05-25,4920.39990234375,4920.39990234375,4935.7998046875,4889.35009765625,4905.9501953125,0,-0.0002031942170608314,0.0022966208424171075
2012-05-28,4985.64990234375,4985.64990234375,4994.9501953125,4931.2998046875,4931.7001953125,0,0.013261117245555454,0.003951379599124838
2012-05-29,4990.10009765625,4990.10009765625,5020.14990234375,4982.14990234375,5005.35009765625,0,0.0008926008443568278,-0.005180276377299786
2012-05-30,4950.75,4950.75,4982.25,4944.89990234375,4964.25,0,-0.007885632930435982,-0.011038711779780885
2012-05-31,4924.25,4924.25,4924.25,4894.4501953125,4896.10009765625,0,-0.005352724334696801,-0.002721206751028049
2012-06-01,4841.60009765625,4841.60009765625,4925.0,4831.75,4910.85009765625,0,-0.016784262038635367,-0.009149928138467156
2012-06-04,4848.14990234375,4848.14990234375,4858.2998046875,4770.35009765625,4797.2998046875,0,0.001352818191380667,0.004393488938626344
2012-06-05,4863.2998046875,4863.2998046875,4898.9501953125,4847.7001953125,4869.4501953125,0,0.0031248832335868393,0.004801286902720747
2012-06-06,4997.10009765625,4997.10009765625,5010.4501953125,4886.14990234375,4886.64990234375,0,0.02751224443119593,0.007654439425365922
2012-06-07,5049.64990234375,5049.64990234375,5059.64990234375,5007.75,5035.35009765625,0,0.010516060046935394,-0.0010693617276801293
2012-06-08,5068.35009765625,5068.35009765625,5084.4501953125,4994.7998046875,5044.25,0,0.003703265706365144,0.005593555518068838
2012-06-11,5054.10009765625,5054.10009765625,5124.4501953125,5040.7001953125,5096.7001953125,0,-0.002811565840053043,-0.007637382899113976
2012-06-12,5115.89990234375,5115.89990234375,5128.89990234375,5015.14990234375,5015.5,0,0.01222765744512233,0.00032250481347273485
2012-06-13,5121.4501953125,5121.4501953125,5144.89990234375,5095.4501953125,5117.5498046875,0,0.00108491039205183,-0.0031924742080309265
2012-06-14,5054.75,5054.75,5130.0,5047.60009765625,5105.10009765625,0,-0.013023693049587504,0.002927900427815322
2012-06-15,5139.0498046875,5139.0498046875,5146.2001953125,5069.14990234375,5069.5498046875,0,0.016677344020475715,0.006800906128720641
2012-06-18,5064.25,5064.25,5190.2001953125,5041.7001953125,5174.0,0,-0.014555181897492497,-0.0026559106111467834
2012-06-19,5103.85009765625,5103.85009765625,5113.60009765625,5048.10009765625,5050.7998046875,0,0.00781953846201322,0.002096399154858375
2012-06-20,5120.5498046875,5120.5498046875,5141.7001953125,5100.7001953125,5114.5498046875,0,0.0032719822705840063,-0.004530706255412742
2012-06-21,5165.0,5165.0,5170.39990234375,5093.4501953125,5097.35009765625,0,0.008680746601040568,-0.01224588576960306
2012-06-22,5146.0498046875,5146.0498046875,5159.7998046875,5094.0,5101.75,0,-0.0036689632744433265,0.0024193693774900993
2012-06-25,5114.64990234375,5114.64990234375,5194.60009765625,5105.64990234375,5158.5,0,-0.00610174862962809,-0.0014076637049880159
2012-06-26,5120.7998046875,5120.7998046875,5134.5498046875,5095.5,5107.4501953125,0,0.0012024092481739412,0.005594905428400798
2012-06-27,5141.89990234375,5141.89990234375,5160.10009765625,5129.25,5149.4501953125,0,0.004120469157363971,0.001371145510929983
2012-06-28,5149.14990234375,5149.14990234375,5159.0498046875,5125.2998046875,5148.9501953125,0,0.0014099846628081725,0.008176125856636407
2012-06-29,5278.89990234375,5278.89990234375,5286.25,5189.0,5191.25,0,0.02519833418346229,0.000937732369257871
2012-07-02,5278.60009765625,5278.60009765625,5302.14990234375,5263.35009765625,5283.85009765625,0,-5.679302374472783e-05,0.0038362443877859587
2012-07-03,5287.9501953125,5287.9501953125,5317.0,5265.9501953125,5298.85009765625,0,0.0017713214646439823,0.0042454460049852205
2012-07-04,5302.5498046875,5302.5498046875,5317.64990234375,5273.2998046875,5310.39990234375,0,0.0027609203634220147,-0.0010372368393669618
2012-07-05,5327.2998046875,5327.2998046875,5333.64990234375,5288.85009765625,5297.0498046875,0,0.004667565777151328,-0.00048797880170226016
2012-07-06,5316.9501953125,5316.9501953125,5327.2001953125,5287.75,5324.7001953125,0,-0.0019427495644028792,-0.006253585002416129
2012-07-09,5275.14990234375,5275.14990234375,5300.60009765625,5257.75,5283.7001953125,0,-0.007861704818224902,0.0021705914570149254
2012-07-10,5345.35009765625,5345.35009765625,5348.5498046875,5284.5498046875,5286.60009765625,0,0.013307715726013747,-0.005631080678784373
2012-07-11,5306.2998046875,5306.2998046875,5336.4501953125,5300.25,5315.25,0,-0.00730546966154233,-0.012494545564299187
2012-07-12,5235.25,5235.25,5261.75,5217.7001953125,5240.0,0,-0.013389707951430796,0.00143259634210402
2012-07-13,5227.25,5227.25,5267.14990234375,5216.85009765625,5242.75,0,-0.001528102764910888,0.00097567509804386
2012-07-16,5197.25,5197.25,5246.85009765625,5190.4501953125,5232.35009765625,0,-0.005739155387632144,0.005926173396988865
2012-07-17,5192.85009765625,5192.85009765625,5236.7001953125,5181.7001953125,5228.0498046875,0,-0.0008465827781518609,0.0012035779740340313
2012-07-18,5216.2998046875,5216.2998046875,5222.85009765625,5169.0498046875,5199.10009765625,0,0.004515768140858523,0.006431818381796406
2012-07-19,5242.7001953125,5242.7001953125,5257.75,5233.14990234375,5249.85009765625,0,0.005061133679715946,-0.0017453583619336799
2012-07-20,5205.10009765625,5205.10009765625,5238.7001953125,5197.5,5233.5498046875,0,-0.007171895446142051,-0.008040209961590272
2012-07-23,5117.9501953125,5117.9501953125,5164.2001953125,5108.10009765625,5163.25,0,-0.016743175099167007,0.002119913043494792
2012-07-24,5128.2001953125,5128.2001953125,5144.0,5103.25,5128.7998046875,0,0.0020027549329002525,-0.00191105896718069
2012-07-25,5109.60009765625,5109.60009765625,5121.60009765625,5076.60009765625,5118.39990234375,0,-0.003627022531852764,0.0032683002019884277
2012-07-26,5043.0,5043.0,5126.2998046875,5032.39990234375,5126.2998046875,0,-0.013034307261501565,0.016121317606087704
2012-07-27,5099.85009765625,5099.85009765625,5149.9501953125,5077.5,5124.2998046875,0,0.01127307111962117,0.005862898275674988
2012-07-30,5199.7998046875,5199.7998046875,5206.60009765625,5129.75,5129.75,0,0.01959855782372588,0.002894398541109622
2012-07-31,5229.0,5229.0,5234.5498046875,5154.0498046875,5214.85009765625,0,0.005615638372495901,-0.0015872642355134747
2012-08-01,5240.5,5240.5,5246.35009765625,5212.64990234375,5220.7001953125,0,0.002199273283610692,-0.0014120603651845975
2012-08-02,5227.75,5227.75,5236.89990234375,5209.9501953125,5233.10009765625,0,-0.0024329739528671235,-0.006149854592080728
2012-08-03,5215.7001953125,5215.7001953125,5220.2001953125,5164.64990234375,5195.60009765625,0,-0.0023049695734302933,0.008656537119278385
2012-08-06,5282.5498046875,5282.5498046875,5293.2001953125,5260.85009765625,5260.85009765625,0,0.012816996159993987,0.0024325558927711377
2012-08-07,5336.7001953125,5336.7001953125,5350.10009765625,5281.64990234375,5295.39990234375,0,0.010250805506263116,0.001602077009124514
2012-08-08,5338.0,5338.0,5377.60009765625,5331.0498046875,5345.25,0,0.00024355962297484268,0.0019295250444923973
2012-08-09,5322.9501953125,5322.9501953125,5368.2001953125,5312.10009765625,5348.2998046875,0,-0.0028193714289059812,-0.002771019727554336
2012-08-10,5320.39990234375,5320.39990234375,5330.10009765625,5294.10009765625,5308.2001953125,0,-0.0004791126866067197,-0.0007611842646858547
2012-08-13,5347.89990234375,5347.89990234375,5352.4501953125,5309.0498046875,5316.35009765625,0,0.00516878439680557,-0.0008694819328447512
2012-08-14,5380.35009765625,5380.35009765625,5387.0498046875,5328.7998046875,5343.25,0,0.006067838947074966,0.0010408426133254878
2012-08-16,5362.9501953125,5362.9501953125,5390.64990234375,5356.64990234375,5385.9501953125,0,-0.0032339721445505676,0.0010535063981553794
2012-08-17,5366.2998046875,5366.2998046875,5399.9501953125,5341.7001953125,5368.60009765625,0,0.0006245833455489347,0.00044730833392936376
2012-08-21,5421.0,5421.0,5425.14990234375,5368.7001953125,5368.7001953125,0,0.010193279783719644,-0.004657812211769086
2012-08-22,5412.85009765625,5412.85009765625,5433.35009765625,5394.7998046875,5395.75,0,-0.0015033946400572207,0.002457079809629059
2012-08-23,5415.35009765625,5415.35009765625,5448.60009765625,5393.85009765625,5426.14990234375,0,0.00046186388961388936,-0.004201021095542101
2012-08-24,5386.7001953125,5386.7001953125,5399.64990234375,5371.0,5392.60009765625,0,-0.0052904986431348,0.0002134706410337195
2012-08-27,5350.25,5350.25,5399.14990234375,5346.64990234375,5387.85009765625,0,-0.006766702060793883,-0.0011961875321246929
2012-08-29,5287.7998046875,5287.7998046875,5345.5,5282.7001953125,5343.85009765625,0,-0.011672388264567068,-0.0036309443890500948
2012-08-30,5315.0498046875,5315.0498046875,5342.7998046875,5255.0498046875,5268.60009765625,0,0.00515337210305189,-0.003170169611607321
2012-08-31,5258.5,5258.5,5303.25,5238.89990234375,5298.2001953125,0,-0.010639562518798384,0.0034230293810022516
2012-09-03,5253.75,5253.75,5295.7998046875,5243.14990234375,5276.5,0,-0.0009032994199866806,-0.0008755836604805722
2012-09-04,5274.0,5274.0,5278.35009765625,5233.2001953125,5249.14990234375,0,0.003854389721627438,-0.0057072615958001505
2012-09-05,5225.7001953125,5225.7001953125,5259.5,5215.7001953125,5243.89990234375,0,-0.00915809721037164,-0.0015405194840628633
2012-09-06,5238.39990234375,5238.39990234375,5260.60009765625,5217.64990234375,5217.64990234375,0,0.0024302402657239153,0.013563357951530408
2012-09-07,5342.10009765625,5342.10009765625,5347.14990234375,5309.2001953125,5309.4501953125,0,0.01979615860677275,0.0037063709637688014
2012-09-10,5363.4501953125,5363.4501953125,5375.4501953125,5349.10009765625,5361.89990234375,0,0.0039965738690701524,-0.005099347744508376
2012-09-11,5390.0,5390.0,5393.35009765625,5332.10009765625,5336.10009765625,0,0.00495013540178002,0.002680926774118797
2012-09-12,5431.0,5431.0,5435.5498046875,5393.9501953125,5404.4501953125,0,0.007606679035250474,0.0007733742059472526
2012-09-13,5435.35009765625,5435.35009765625,5447.4501953125,5421.85009765625,5435.2001953125,0,0.0008009754476616671,0.017110213386273276
2012-09-14,5577.64990234375,5577.64990234375,5586.64990234375,5526.9501953125,5528.35009765625,0,0.026180430355141393,0.009699443063559299
2012-09-17,5610.0,5610.0,5652.2001953125,5585.14990234375,5631.75,0,0.005799951273861126,-0.0013547411151960675
2012-09-18,5600.0498046875,5600.0498046875,5620.5498046875,5586.4501953125,5602.39990234375,0,-0.0017736533533868615,-0.011267687177028751
2012-09-20,5554.25,5554.25,5581.35009765625,5534.89990234375,5536.9501953125,0,-0.008178463814583092,0.0040959625511995945
2012-09-21,5691.14990234375,5691.14990234375,5720.0,5575.4501953125,5577.0,0,0.024647774648917542,0.00014062060962771739
2012-09-24,5669.60009765625,5669.60009765625,5709.85009765625,5662.75,5691.9501953125,0,-0.0037865466658373315,0.0009347757507078835
2012-09-25,5673.89990234375,5673.89990234375,5702.7001953125,5652.4501953125,5674.89990234375,0,0.0007583964677293498,-0.003613035187936986
2012-09-26,5663.4501953125,5663.4501953125,5672.7998046875,5638.64990234375,5653.39990234375,0,-0.0018417150832945595,0.001818644877644493
2012-09-27,5649.5,5649.5,5693.7001953125,5639.7001953125,5673.75,0,-0.0024631973146062025,0.006248305989468017
2012-09-28,5703.2998046875,5703.2998046875,5735.14990234375,5683.4501953125,5684.7998046875,0,0.00952293206257182,0.0002542730282752981
2012-10-01,5718.7998046875,5718.7998046875,5722.9501953125,5694.0,5704.75,0,0.0027177249190477593,0.0015563389048354193
2012-10-03,5731.25,5731.25,5743.25,5715.7998046875,5727.7001953125,0,0.002177064373243942,0.003541950654307513
2012-10-04,5787.60009765625,5787.60009765625,5807.25,5751.35009765625,5751.5498046875,0,0.009832078107960829,0.004734242497999475
2012-10-05,5746.9501953125,5746.9501953125,5815.35009765625,4888.2001953125,5815.0,0,-0.007023619748747212,0.0008526091539380332
2012-10-08,5676.0,5676.0,5751.85009765625,5666.2001953125,5751.85009765625,0,-0.012345712578189838,0.0056641829358263784
2012-10-09,5704.60009765625,5704.60009765625,5728.64990234375,5677.89990234375,5708.14990234375,0,0.00503877689504062,-0.0058637230901151804
2012-10-10,5652.14990234375,5652.14990234375,5686.5,5647.0498046875,5671.14990234375,0,-0.009194368477125958,0.0020081027312357502
2012-10-11,5708.0498046875,5708.0498046875,5721.10009765625,5636.9501953125,5663.5,0,0.009890024735644376,-0.004616219247659981
2012-10-12,5676.0498046875,5676.0498046875,5725.0,5659.35009765625,5681.7001953125,0,-0.005606117867738569,-0.0003170875431737219
2012-10-15,5687.25,5687.25,5693.7001953125,5651.0498046875,5674.25,0,0.001973237673716488,0.003226532622313094
2012-10-16,5648.0,5648.0,5714.0,5635.60009765625,5705.60009765625,0,-0.006901402259440026,0.005860498876814724
2012-10-17,5660.25,5660.25,5684.35009765625,5633.89990234375,5681.10009765625,0,0.0021689093484418276,0.002658858652444751
2012-10-18,5718.7001953125,5718.7001953125,5722.5,5650.5498046875,5675.2998046875,0,0.010326433516629097,-0.0026929879341504037
2012-10-19,5684.25,5684.25,5711.7001953125,5660.0,5703.2998046875,0,-0.00602413033310234,-0.002929129145225806
2012-10-22,5717.14990234375,5717.14990234375,5721.5498046875,5658.0498046875,5667.60009765625,0,0.005787905588907849,-0.0002623684922771208
2012-10-23,5691.39990234375,5691.39990234375,5720.7998046875,5681.4501953125,5715.64990234375,0,-0.004503992450756611,-0.0004568467689608502
2012-10-25,5705.2998046875,5705.2998046875,5718.75,5685.7001953125,5688.7998046875,0,0.0024422642200956357,-0.007028484172217242
2012-10-29,5665.60009765625,5665.60009765625,5698.2998046875,5645.10009765625,5665.2001953125,0,-0.006958391038211942,-0.001632660237320005
2012-10-30,5597.89990234375,5597.89990234375,5689.89990234375,5589.89990234375,5656.35009765625,0,-0.01194934237248868,-0.00020541673910046132
2012-10-31,5619.7001953125,5619.7001953125,5624.39990234375,5583.0498046875,5596.75,0,0.0038943699153359823,-0.0017527799195526939
2012-11-01,5645.0498046875,5645.0498046875,5649.75,5601.9501953125,5609.85009765625,0,0.0045108472861496995,0.009087659939891246
2012-11-02,5697.7001953125,5697.7001953125,5711.2998046875,5682.5498046875,5696.35009765625,0,0.009326824819380741,-0.0008161873151601995
2012-11-05,5704.2001953125,5704.2001953125,5709.2001953125,5679.5,5693.0498046875,0,0.0011408111654149788,-0.0017706422128294097
2012-11-06,5724.39990234375,5724.39990234375,5730.7998046875,5693.64990234375,5694.10009765625,0,0.003541198825358416,-0.0010131725222630728
2012-11-07,5760.10009765625,5760.10009765625,5777.2998046875,5711.39990234375,5718.60009765625,0,0.0062364956888989465,-0.00887139056438313
2012-11-08,5738.75,5738.75,5744.5,5693.9501953125,5709.0,0,-0.0037065497637683853,-0.0013330258930516203
2012-11-09,5686.25,5686.25,5751.7001953125,5677.75,5731.10009765625,0,-0.009148333696362476,0.0003869325675973645
2012-11-12,5683.7001953125,5683.7001953125,5718.89990234375,5665.75,5688.4501953125,0,-0.00044841586062871475,-0.005867673612298341
2012-11-15,5631.0,5631.0,5651.64990234375,5603.5498046875,5650.35009765625,0,-0.009272163115845444,-0.001101082456490876
2012-11-16,5574.0498046875,5574.0498046875,5650.14990234375,5559.7998046875,5624.7998046875,0,-0.010113691229355348,0.000583059017030374
2012-11-19,5571.39990234375,5571.39990234375,5592.75,5549.25,5577.2998046875,0,-0.00047539983254574203,0.00599488511490609
2012-11-20,5571.5498046875,5571.5498046875,5613.7001953125,5548.35009765625,5604.7998046875,0,2.6905687327660743e-05,0.0019653769052350167
2012-11-21,5614.7998046875,5614.7998046875,5620.2001953125,5561.39990234375,5582.5,0,0.007762651598952397,0.002457842389541387
2012-11-22,5627.75,5627.75,5643.35009765625,5608.0,5628.60009765625,0,0.002306439367916191,0.0013682546865976253
2012-11-23,5626.60009765625,5626.60009765625,5637.75,5593.5498046875,5635.4501953125,0,-0.00020432719004037647,0.003918850514484706
2012-11-26,5635.89990234375,5635.89990234375,5649.2001953125,5623.4501953125,5648.64990234375,0,0.001652828444547394,0.0040100246718099974
2012-11-27,5727.4501953125,5727.4501953125,5733.2001953125,5658.0,5658.5,0,0.016244130405985047,0.0016150293210004385
2012-11-29,5825.0,5825.0,5833.5,5736.10009765625,5736.7001953125,0,0.0170319778192638,0.0018884120171673846
2012-11-30,5879.85009765625,5879.85009765625,5885.25,5827.85009765625,5836.0,0,0.009416325777896972,-0.0002721323893764005
2012-12-03,5870.9501953125,5870.9501953125,5899.14990234375,5854.60009765625,5878.25,0,-0.001513627421776853,-0.0007069367797249981
2012-12-04,5889.25,5889.25,5894.9501953125,5859.0,5866.7998046875,0,0.00311700901535672,0.002946062343464728
2012-12-05,5900.5,5900.5,5917.7998046875,5891.35009765625,5906.60009765625,0,0.001910260219892157,0.004372477703160849
2012-12-06,5930.89990234375,5930.89990234375,5942.5498046875,5838.89990234375,5926.2998046875,0,0.005152089203245502,0.0005227027444898447
2012-12-07,5907.39990234375,5907.39990234375,5949.85009765625,5888.64990234375,5934.0,0,-0.0039622992103969246,0.001464248651986244
2012-12-10,5908.89990234375,5908.89990234375,5919.9501953125,5888.10009765625,5916.0498046875,0,0.0002539188178889429,0.0025216034439574653
2012-12-11,5898.7998046875,5898.7998046875,5965.14990234375,5865.4501953125,5923.7998046875,0,-0.001709302547542535,0.0032209942071439457
2012-12-12,5888.0,5888.0,5924.60009765625,5874.25,5917.7998046875,0,-0.001830847807196001,0.002097502998683831
2012-12-13,5851.5,5851.5,5907.4501953125,5841.35009765625,5900.35009765625,0,-0.006199048913043459,-0.0007861399053661344
2012-12-14,5879.60009765625,5879.60009765625,5886.10009765625,5839.14990234375,5846.89990234375,0,0.004802204162394297,-0.003248536862883511
2012-12-17,5857.89990234375,5857.89990234375,5886.0498046875,5850.14990234375,5860.5,0,-0.0036907604177280895,0.0026801747339892934
2012-12-18,5896.7998046875,5896.7998046875,5905.7998046875,5823.14990234375,5873.60009765625,0,0.006640588434805084,0.003476461924941665
2012-12-19,5929.60009765625,5929.60009765625,5939.39990234375,5910.7998046875,5917.2998046875,0,0.00556238876257531,0.0008179468389726274
2012-12-20,5916.39990234375,5916.39990234375,5937.60009765625,5881.4501953125,5934.4501953125,0,-0.002226152707619833,-0.004800199920985682
2012-12-21,5847.7001953125,5847.7001953125,5888.0,5841.64990234375,5888.0,0,-0.011611741627545302,0.0036424241968788795
2012-12-24,5855.75,5855.75,5871.89990234375,5844.7001953125,5869.0,0,0.001376576161334686,0.0015711386777952363
2012-12-26,5905.60009765625,5905.60009765625,5917.2998046875,5859.5498046875,5864.9501953125,0,0.008513016719677191,0.004165554261964521
2012-12-27,5870.10009765625,5870.10009765625,5930.7998046875,5864.7001953125,5930.2001953125,0,-0.006011243466026217,0.0029045168572692237
2012-12-28,5908.35009765625,5908.35009765625,5915.75,5879.5,5887.14990234375,0,0.006516072871614487,-0.0012101351858933018
2012-12-31,5905.10009765625,5905.10009765625,5919.0,5897.14990234375,5901.2001953125,0,-0.0005500689610944409,0.013124248313887144
2013-01-02,5993.25,5993.25,6006.0498046875,5982.0,5982.60009765625,0,0.014927757512313233,0.0037625336315856295
2013-01-03,6009.5,6009.5,6017.0,5986.5498046875,6015.7998046875,0,0.0027113836399281777,0.0004077203282302211
2013-01-04,6016.14990234375,6016.14990234375,6020.75,5981.5498046875,6011.9501953125,0,0.0011065649960479984,0.004321700825618002
2013-01-07,5988.39990234375,5988.39990234375,6042.14990234375,5977.14990234375,6042.14990234375,0,-0.004612584535034436,-0.00082654918041003
2013-01-08,6001.7001953125,6001.7001953125,6007.0498046875,5964.39990234375,5983.4501953125,0,0.0022210094826073945,0.0007497875357911354
2013-01-09,5971.5,5971.5,6020.10009765625,5958.4501953125,6006.2001953125,0,-0.005031940005281732,0.004571682941890698
2013-01-10,5968.64990234375,5968.64990234375,6005.14990234375,5947.2998046875,5998.7998046875,0,-0.00047728337205898974,0.007329965857575393
2013-01-11,5951.2998046875,5951.2998046875,6018.85009765625,5940.60009765625,6012.39990234375,0,-0.0029068713930493484,0.0026717509026308317
2013-01-14,6024.0498046875,6024.0498046875,6036.89990234375,5962.14990234375,5967.2001953125,0,0.01222422031951731,0.0022908663467575696
2013-01-15,6056.60009765625,6056.60009765625,6068.5,6018.60009765625,6037.85009765625,0,0.005403390414106646,-0.0012548455459674424
2013-01-16,6001.85009765625,6001.85009765625,6055.9501953125,5992.0498046875,6049.0,0,-0.00903972511263984,-9.998544556855116e-05
2013-01-17,6039.2001953125,6039.2001953125,6053.2001953125,5988.10009765625,6001.25,0,0.0062230973863934835,0.0034193107822089175
2013-01-18,6064.39990234375,6064.39990234375,6083.39990234375,6048.2998046875,6059.85009765625,0,0.0041726894648748125,0.0035205622980105655
2013-01-21,6082.2998046875,6082.2998046875,6094.35009765625,6065.10009765625,6085.75,130900,0.002951636210011932,-0.0003534686570518808
2013-01-22,6048.5,6048.5,6101.2998046875,6040.5,6080.14990234375,129000,-0.00555707639755787,0.0007192027207159057
2013-01-23,6054.2998046875,6054.2998046875,6069.7998046875,6021.14990234375,6052.85009765625,137000,0.0009588831425146882,-0.0013378275996059896
2013-01-24,6019.35009765625,6019.35009765625,6065.2998046875,6007.85009765625,6046.2001953125,185200,-0.005772708349228162,0.0008555578692381882
2013-01-25,6074.64990234375,6074.64990234375,6080.5498046875,6014.4501953125,6024.5,147600,0.009187005871120979,0.001226440277591223
2013-01-28,6074.7998046875,6074.7998046875,6088.39990234375,6061.39990234375,6082.10009765625,113100,2.467670502159791e-05,-0.0016625419272593422
2013-01-29,6049.89990234375,6049.89990234375,6111.7998046875,6042.4501953125,6064.7001953125,157600,-0.004098884431473215,0.0024959252053740055
2013-01-30,6055.75,6055.75,6071.9501953125,6044.14990234375,6065.0,124200,0.0009669742889437671,-0.0016678524800809447
2013-01-31,6034.75,6034.75,6058.0498046875,6025.14990234375,6045.64990234375,168500,-0.003467778557569301,0.0010274154376734845
2013-02-01,5998.89990234375,5998.89990234375,6052.9501953125,5983.2001953125,6040.9501953125,159300,-0.005940610241724986,0.004384186000248924
2013-02-04,5987.25,5987.25,6038.5,5981.25,6025.2001953125,141700,-0.0019420064567502449,-0.006522160372040564
2013-02-05,5956.89990234375,5956.89990234375,5970.35009765625,5946.89990234375,5948.2001953125,136200,-0.00506912149254668,0.0052292136605307515
2013-02-06,5959.2001953125,5959.2001953125,5990.89990234375,5953.14990234375,5988.0498046875,157800,0.0003861560554081489,-0.003817626401928065
2013-02-07,5938.7998046875,5938.7998046875,5978.5,5927.60009765625,5936.4501953125,157600,-0.0034233437300943415,-0.001633277320376103
2013-02-08,5903.5,5903.5,5953.7001953125,5883.64990234375,5929.10009765625,192600,-0.005943929051058117,0.0028033886148046694
2013-02-11,5897.85009765625,5897.85009765625,5924.14990234375,5879.10009765625,5920.0498046875,122000,-0.0009570428294656264,-0.0005934365814741493
2013-02-12,5922.5,5922.5,5927.64990234375,5886.4501953125,5894.35009765625,142800,0.004179472508727411,0.003486686761291713
2013-02-13,5932.9501953125,5932.9501953125,5969.5,5922.9501953125,5943.14990234375,142600,0.0017644905550864287,4.213755244353301e-05
2013-02-14,5896.9501953125,5896.9501953125,5940.2001953125,5884.5498046875,5933.2001953125,143800,-0.006067807551872417,-0.004578637957882381
2013-02-15,5887.39990234375,5887.39990234375,5899.9501953125,5853.89990234375,5869.9501953125,125100,-0.0016195308850228685,0.00021231783482256184
2013-02-18,5898.2001953125,5898.2001953125,5911.0,5878.4501953125,5888.64990234375,114300,0.0018344758548591855,0.00033908648973790534
2013-02-19,5939.7001953125,5939.7001953125,5947.5498046875,5883.14990234375,5900.2001953125,101000,0.007036044662061647,0.004478274744572408
2013-02-20,5943.0498046875,5943.0498046875,5971.0,5937.5498046875,5966.2998046875,135400,0.0005639357652500454,-0.005619993680249236
2013-02-21,5852.25,5852.25,5921.14990234375,5844.39990234375,5909.64990234375,159400,-0.015278317980085387,-0.002443471261053487
2013-02-22,5850.2998046875,5850.2998046875,5873.7998046875,5835.7998046875,5837.9501953125,157000,-0.0003332385514118741,0.003461361071406044
2013-02-25,5854.75,5854.75,5878.39990234375,5825.0,5870.5498046875,125100,0.0007606781636959603,-0.00280971780391992
2013-02-26,5761.35009765625,5761.35009765625,5838.85009765625,5748.60009765625,5838.2998046875,157400,-0.01595284211003889,0.0040875496694916524
2013-02-27,5796.89990234375,5796.89990234375,5818.2001953125,5749.7001953125,5784.89990234375,175200,0.006170394800684376,0.006460383298555472
2013-02-28,5693.0498046875,5693.0498046875,5849.89990234375,5671.89990234375,5834.35009765625,334900,-0.017914764685562745,0.001651204705298781
2013-03-01,5719.7001953125,5719.7001953125,5739.4501953125,5679.89990234375,5702.4501953125,174500,0.004681215084936907,-0.0026225150773274697
2013-03-04,5698.5,5698.5,5712.0,5663.60009765625,5704.7001953125,144900,-0.0037065221232879253,0.004202894676230695
2013-03-05,5784.25,5784.25,5790.10009765625,5722.39990234375,5722.4501953125,154400,0.01504781960164947,0.005558179944461283
2013-03-06,5818.60009765625,5818.60009765625,5828.7001953125,5795.0498046875,5816.39990234375,156900,0.005938556883995361,-0.0029732741000225715
2013-03-07,5863.2998046875,5863.2998046875,5878.0,5801.2998046875,5801.2998046875,134700,0.007682209858219213,0.0034707585035955724
2013-03-08,5945.7001953125,5945.7001953125,5952.85009765625,5883.0,5883.64990234375,150800,0.014053586439350063,6.725908313787166e-05
2013-03-11,5942.35009765625,5942.35009765625,5971.2001953125,5930.35009765625,5946.10009765625,125400,-0.0005634488026979856,0.0003786380746713114
2013-03-12,5914.10009765625,5914.10009765625,5952.0,5893.64990234375,5944.60009765625,115900,-0.00475401138198539,-0.004954311304328773
2013-03-13,5851.2001953125,5851.2001953125,5893.85009765625,5842.25,5884.7998046875,116700,-0.01063558298052436,-0.0008972518158250065
2013-03-14,5908.9501953125,5908.9501953125,5920.14990234375,5791.75,5845.9501953125,149000,0.009869769974075515,0.0010068974749473103
2013-03-15,5872.60009765625,5872.60009765625,5945.64990234375,5861.0,5914.89990234375,152200,-0.006151701479069183,-0.00951028449537028
2013-03-18,5835.25,5835.25,5850.2001953125,5814.35009765625,5816.75,102700,-0.0063600614779059095,0.004155777387429893
2013-03-19,5745.9501953125,5745.9501953125,5863.60009765625,5724.2998046875,5859.5,182300,-0.015303509650400615,-0.0009398603262181782
2013-03-20,5694.39990234375,5694.39990234375,5745.2998046875,5682.2998046875,5740.5498046875,187600,-0.008971587155559457,0.002019527991925285
2013-03-21,5658.75,5658.75,5757.75,5647.9501953125,5705.89990234375,179200,-0.00626051962544405,0.0001855188314556777
2013-03-22,5651.35009765625,5651.35009765625,5691.4501953125,5631.7998046875,5659.7998046875,165300,-0.0013076920421912774,0.009900237299836245
2013-03-25,5633.85009765625,5633.85009765625,5718.39990234375,5624.39990234375,5707.2998046875,150400,-0.003096605182407286,-0.0035677373923406197
2013-03-26,5641.60009765625,5641.60009765625,5655.2998046875,5612.0498046875,5613.75,126500,0.0013756134553923882,0.0010900989501727576
2013-03-28,5682.5498046875,5682.5498046875,5692.9501953125,5604.85009765625,5647.75,209700,0.007258527070761689,0.002604516190344963
2013-04-01,5704.39990234375,5704.39990234375,5720.9501953125,5675.89990234375,5697.35009765625,97800,0.0038451220679536213,-0.00047326749131682
2013-04-02,5748.10009765625,5748.10009765625,5754.60009765625,5687.14990234375,5701.7001953125,106400,0.007660787472937303,-0.0013743501695405724
2013-04-03,5672.89990234375,5672.89990234375,5744.9501953125,5650.10009765625,5740.2001953125,140700,-0.013082617566656962,-0.00568492315309066
2013-04-04,5574.75,5574.75,5644.4501953125,5565.64990234375,5640.64990234375,134600,-0.017301539606436434,-0.0011928610868200407
2013-04-05,5553.25,5553.25,5577.2998046875,5534.7001953125,5568.10009765625,137500,-0.003856675187228098,-0.0004952055102868114
2013-04-08,5542.9501953125,5542.9501953125,5569.2001953125,5537.0498046875,5550.5,97000,-0.001854734558591864,0.004654525799152598
2013-04-09,5495.10009765625,5495.10009765625,5603.0498046875,5487.0,5568.75,138200,-0.008632604654596254,0.007488471840813471
2013-04-10,5558.7001953125,5558.7001953125,5569.25,5477.2001953125,5536.25,128600,0.01157396526468668,0.00772657375324326
2013-04-11,5594.0,5594.0,5610.64990234375,5542.85009765625,5601.64990234375,146800,0.006350370310898912,-0.013103290076421192
2013-04-12,5528.5498046875,5528.5498046875,5544.5,5494.89990234375,5520.7001953125,127300,-0.011700070667232776,-0.0036265938439227208
2013-04-15,5568.39990234375,5568.39990234375,5592.85009765625,5500.2998046875,5508.5,142900,0.007208056192685941,-0.0010684769656622572
2013-04-16,5688.9501953125,5688.9501953125,5699.25,5555.85009765625,5562.4501953125,142700,0.0216490006254777,0.0034628018096347635
2013-04-17,5688.7001953125,5688.7001953125,5732.14990234375,5669.0,5708.64990234375,154600,-4.394483892755652e-05,-0.0010547224838713953
2013-04-18,5783.10009765625,5783.10009765625,5794.35009765625,5681.85009765625,5682.7001953125,149900,0.0165942832462036,0.0011671940457567143
2013-04-22,5834.39990234375,5834.39990234375,5844.85009765625,5789.7998046875,5789.85009765625,135100,0.008870640974775856,0.0014911894039015827
2013-04-23,5836.89990234375,5836.89990234375,5844.2998046875,5791.5498046875,5843.10009765625,132200,0.0004284930827240796,0.0032894508444096804
2013-04-25,5916.2998046875,5916.2998046875,5924.60009765625,5853.2998046875,5856.10009765625,199600,0.013603094737305366,-0.00279732353563078
2013-04-26,5871.4501953125,5871.4501953125,5907.0498046875,5860.5,5899.75,141300,-0.007580685708230228,0.0010474247654626012
2013-04-29,5904.10009765625,5904.10009765625,5918.64990234375,5868.7998046875,5877.60009765625,118900,0.005560790138323224,0.004827153931775907
2013-04-30,5930.2001953125,5930.2001953125,5962.2998046875,5867.7998046875,5932.60009765625,153200,0.004420673298985989,-0.0031702627819564233
2013-05-02,5999.35009765625,5999.35009765625,6019.4501953125,5910.9501953125,5911.39990234375,162400,0.011660635402900743,-0.00097512189837623
2013-05-03,5944.0,5944.0,6000.2998046875,5930.14990234375,5993.5,145800,-0.009226015610903193,0.00015139676038855576
2013-05-06,5971.0498046875,5971.0498046875,5976.5,5928.4501953125,5944.89990234375,110200,0.004550774678246938,0.002076752167644802
2013-05-07,6043.5498046875,6043.5498046875,6050.5,5982.9501953125,5983.4501953125,136400,0.012141918485269576,0.0034086089007279163
2013-05-08,6069.2998046875,6069.2998046875,6083.5498046875,6024.9501953125,6064.14990234375,122300,0.004260740927464202,0.0014911593198543294
2013-05-09,6050.14990234375,6050.14990234375,6084.7001953125,6040.4501953125,6078.35009765625,110000,-0.0031552078427498076,-0.0006445959863307094
2013-05-10,6094.75,6094.75,6105.2998046875,6045.60009765625,6046.25,111400,0.007371734316693912,0.0005660930001230025
2013-05-13,5980.4501953125,5980.4501953125,6104.9501953125,5972.89990234375,6098.2001953125,107900,-0.01875381347676275,0.0015467063010157212
2013-05-14,5995.39990234375,5995.39990234375,6026.2001953125,5970.0498046875,5989.7001953125,119300,0.002499762817683493,0.003911364661985717
2013-05-15,6146.75,6146.75,6157.10009765625,6018.85009765625,6018.85009765625,153900,0.025244370704460284,-0.0030097205840484698
2013-05-16,6169.89990234375,6169.89990234375,6187.2998046875,6128.25,6128.25,158600,0.0037662020325781587,0.0004943828938928085
2013-05-17,6187.2998046875,6187.2998046875,6199.9501953125,6146.14990234375,6172.9501953125,147300,0.0028201271688605978,0.0017293804487046316
2013-05-20,6156.89990234375,6156.89990234375,6229.4501953125,6146.0498046875,6198.0,122300,-0.004913274498306808,-0.0007389765563295958
2013-05-21,6114.10009765625,6114.10009765625,6180.25,6102.35009765625,6152.35009765625,130600,-0.006951518680887947,0.0021180070369168913
2013-05-22,6094.5,6094.5,6147.60009765625,6074.4501953125,6127.0498046875,133800,-0.0032057207672742116,-0.0072360485119780105
2013-05-23,5967.0498046875,5967.0498046875,6081.4501953125,5955.7001953125,6050.39990234375,198900,-0.020912330020920522,0.007315238192030726
2013-05-24,5983.5498046875,5983.5498046875,6015.2998046875,5936.7998046875,6010.7001953125,161600,0.0027651855674202253,0.0009776968266674846
2013-05-27,6083.14990234375,6083.14990234375,6099.89990234375,5975.5498046875,5989.39990234375,115100,0.016645653651653936,0.0005260753661959772
2013-05-28,6111.25,6111.25,6127.64990234375,6055.39990234375,6086.35009765625,139700,0.004619333422216654,0.0015054522908570789
2013-05-29,6104.2998046875,6104.2998046875,6125.0498046875,6069.7998046875,6120.4501953125,120200,-0.0011372788402536083,-0.00526676332624787
2013-05-30,6124.0498046875,6124.0498046875,6133.75,6072.14990234375,6072.14990234375,194100,0.0032354243126841986,-0.004139353888924391
2013-05-31,5985.9501953125,5985.9501953125,6106.25,5975.5498046875,6098.7001953125,175300,-0.022550373328005135,0.0019044432332024908
2013-06-03,5939.2998046875,5939.2998046875,6011.0,5916.35009765625,5997.35009765625,112100,-0.007793314194550316,0.00030311535500016085
2013-06-04,5919.4501953125,5919.4501953125,5981.60009765625,5910.25,5941.10009765625,114500,-0.0033420790375549014,-0.0018836868724446676
2013-06-05,5923.85009765625,5923.85009765625,5935.2001953125,5883.7001953125,5908.2998046875,110200,0.0007432957789279548,-0.004870159977151456
2013-06-06,5921.39990234375,5921.39990234375,5956.5498046875,5869.5,5895.0,114200,-0.0004136153467944048,-0.0036055828027760084
2013-06-07,5881.0,5881.0,5972.7001953125,5871.2998046875,5900.0498046875,118300,-0.006822694465840606,0.004574035426585521
2013-06-10,5878.0,5878.0,5931.64990234375,5857.39990234375,5907.89990234375,100100,-0.0005101173269852488,-0.00497618237495745
2013-06-11,5788.7998046875,5788.7998046875,5868.0498046875,5780.35009765625,5848.75,180900,-0.01517526289766924,-0.0029453090904428825
2013-06-12,5760.2001953125,5760.2001953125,5792.89990234375,5738.60009765625,5771.75,140400,-0.004940507590509791,-0.008827835132818929
2013-06-13,5699.10009765625,5699.10009765625,5729.85009765625,5683.10009765625,5709.35009765625,142000,-0.010607287174840163,0.008747012125081
2013-06-14,5808.39990234375,5808.39990234375,5819.39990234375,5739.39990234375,5748.9501953125,124400,0.019178432176063964,0.002065973452543668
2013-06-17,5850.0498046875,5850.0498046875,5854.89990234375,5770.25,5820.39990234375,107200,0.007170632711935632,-0.001393133839171723
2013-06-18,5813.60009765625,5813.60009765625,5863.39990234375,5804.2998046875,5841.89990234375,117500,-0.006230666105106253,-0.0013502988723655962
2013-06-19,5822.25,5822.25,5828.39990234375,5777.89990234375,5805.75,115500,0.0014878736408507898,-0.011696525854480666
2013-06-20,5655.89990234375,5655.89990234375,5755.0,5645.64990234375,5754.14990234375,198400,-0.028571445344368618,-0.0028289043788363166
2013-06-21,5667.64990234375,5667.64990234375,5686.14990234375,5616.85009765625,5639.89990234375,182400,0.002077476653207899,-0.005222640453498961
2013-06-24,5590.25,5590.25,5640.0,5566.25,5638.0498046875,193500,-0.013656436737869537,0.0029873789745538115
2013-06-25,5609.10009765625,5609.10009765625,5666.25,5570.25,5606.9501953125,196600,0.0033719596898618143,0.0033606277884266067
2013-06-26,5588.7001953125,5588.7001953125,5635.25,5579.35009765625,5627.9501953125,160100,-0.003636929630169039,0.010601749589232767
2013-06-27,5682.35009765625,5682.35009765625,5699.35009765625,5630.9501953125,5647.9501953125,239000,0.01675700951400083,0.011817276512309016
2013-06-28,5842.2001953125,5842.2001953125,5852.9501953125,5749.5,5749.5,214400,0.02813098364392963,-0.001386480672598167
2013-07-01,5898.85009765625,5898.85009765625,5904.35009765625,5822.2001953125,5834.10009765625,144800,0.009696672563395348,-0.002263169505113294
2013-07-02,5857.5498046875,5857.5498046875,5898.7998046875,5852.2998046875,5885.5,145700,-0.007001414222266744,-0.007784758285539262
2013-07-03,5770.89990234375,5770.89990234375,5815.0,5760.39990234375,5811.9501953125,160500,-0.01479285797525931,0.004132821234096307
2013-07-04,5836.9501953125,5836.9501953125,5848.2001953125,5786.0498046875,5794.75,151900,0.011445406104154454,0.009080084329409432
2013-07-05,5867.89990234375,5867.89990234375,5900.4501953125,5858.4501953125,5889.9501953125,123600,0.005302376411589815,-0.005922050576581905
2013-07-08,5811.5498046875,5811.5498046875,5833.85009765625,5775.5498046875,5833.14990234375,127600,-0.009603111606205639,0.003966290188231358
2013-07-09,5859.0,5859.0,5864.9501953125,5834.60009765625,5834.60009765625,110400,0.008164809200159828,0.001860369063620082
2013-07-10,5816.7001953125,5816.7001953125,5879.35009765625,5802.85009765625,5869.89990234375,117500,-0.007219628722904936,0.013375247490011066
2013-07-11,5935.10009765625,5935.10009765625,5948.85009765625,5887.9501953125,5894.5,120200,0.02035516673855131,0.011019174279735644
2013-07-12,6009.0,6009.0,6019.0,5951.14990234375,6000.5,127700,0.012451332096813816,-0.002962190828340816
2013-07-15,6030.7998046875,6030.7998046875,6038.2001953125,5980.9501953125,5991.2001953125,116300,0.0036278589927609683,-0.01658154859033356
2013-07-16,5955.25,5955.25,5966.0498046875,5910.9501953125,5930.7998046875,151200,-0.012527327574159974,0.002854624071197742
2013-07-17,5973.2998046875,5973.2998046875,5989.7998046875,5926.75,5972.25,191500,0.003030906290667934,0.0019085582505089516
2013-07-18,6038.0498046875,6038.0498046875,6051.10009765625,5974.5498046875,5984.7001953125,171700,0.010839904594975858,0.0031716185265866503
2013-07-19,6029.2001953125,6029.2001953125,6066.85009765625,6020.25,6057.2001953125,163300,-0.0014656403410467922,-0.003225999250716871
2013-07-22,6031.7998046875,6031.7998046875,6064.14990234375,6004.25,6009.75,115200,0.00043116985516933326,0.005388109859803869
2013-07-23,6077.7998046875,6077.7998046875,6093.35009765625,6061.2998046875,6064.2998046875,126500,0.007626247801568509,-0.007502650768429597
2013-07-24,5990.5,5990.5,6047.25,5962.60009765625,6032.2001953125,151900,-0.014363718367322642,-0.0033553288801018155
2013-07-25,5907.5,5907.5,5990.64990234375,5896.39990234375,5970.39990234375,237100,-0.013855270845505419,0.005154497725349039
2013-07-26,5886.2001953125,5886.2001953125,5944.5,5869.5,5937.9501953125,174500,-0.003605553057553945,-0.0027606944141894685
2013-07-29,5831.64990234375,5831.64990234375,5886.0,5825.7998046875,5869.9501953125,173400,-0.009267488559460024,0.0007544867091526797
2013-07-30,5755.0498046875,5755.0498046875,5861.2998046875,5747.60009765625,5836.0498046875,181500,-0.013135235986211136,-0.00290174848142033
2013-07-31,5742.0,5742.0,5752.10009765625,5675.75,5738.35009765625,235500,-0.0022675398355147536,0.006078004587904973
2013-08-01,5727.85009765625,5727.85009765625,5808.5,5676.85009765625,5776.89990234375,216800,-0.0024642811465952486,0.003875748605979279
2013-08-02,5677.89990234375,5677.89990234375,5761.85009765625,5649.0,5750.0498046875,222500,-0.008720583545463012,0.0007925465537252929
2013-08-05,5685.39990234375,5685.39990234375,5721.0,5661.5,5682.39990234375,197200,0.0013209109228755622,-0.003605727011665283
2013-08-06,5542.25,5542.25,5664.89990234375,5521.7998046875,5664.89990234375,216200,-0.025178510712102753,0.0012720113108395381
2013-08-07,5519.10009765625,5519.10009765625,5561.4501953125,5486.85009765625,5549.2998046875,245000,-0.00417698630407326,-0.0016398131595027898
2013-08-08,5565.64990234375,5565.64990234375,5577.60009765625,5510.0498046875,5510.0498046875,204900,0.008434310641922904,0.007375651305602915
2013-08-12,5612.39990234375,5612.39990234375,5644.10009765625,5557.10009765625,5606.7001953125,195700,0.008399737824025477,-0.0021648318999286653
2013-08-13,5699.2998046875,5699.2998046875,5704.75,5578.89990234375,5600.25,223000,0.01548355495969922,0.0028249255536632045
2013-08-14,5742.2998046875,5742.2998046875,5754.5498046875,5690.2001953125,5715.39990234375,223700,0.007544786460370823,-0.006417221431893716
2013-08-16,5507.85009765625,5507.85009765625,5716.60009765625,5496.0498046875,5705.4501953125,248100,-0.04082853821736476,-0.0018701113476441433
2013-08-19,5414.75,5414.75,5499.64990234375,5360.64990234375,5497.5498046875,219700,-0.016903164756765454,-0.011320892873632249
2013-08-20,5401.4501953125,5401.4501953125,5417.7998046875,5306.35009765625,5353.4501953125,261100,-0.002456217680871675,0.017217598355476316
2013-08-21,5302.5498046875,5302.5498046875,5504.10009765625,5268.4501953125,5494.4501953125,255000,-0.018309969924526603,-0.003724623195908605
2013-08-22,5408.4501953125,5408.4501953125,5418.9501953125,5254.0498046875,5282.7998046875,284500,0.01997159753810962,0.003753349657373839
2013-08-23,5471.75,5471.75,5478.7998046875,5377.7998046875,5428.75,251500,0.011703871238818442,0.005053210096175764
2013-08-26,5476.5,5476.5,5528.7001953125,5454.4501953125,5499.39990234375,242000,0.0008680952163384603,-0.009129918743723153
2013-08-27,5287.4501953125,5287.4501953125,5427.39990234375,5274.25,5426.5,306000,-0.03452018710627225,-0.010212862155727254
2013-08-28,5285.0,5285.0,5317.7001953125,5118.85009765625,5233.4501953125,336000,-0.00046339827742913897,0.00596026490066226
2013-08-29,5409.0498046875,5409.0498046875,5428.89990234375,5303.0,5316.5,326500,0.023472053867076736,-0.00029572835022040334
2013-08-30,5471.7998046875,5471.7998046875,5493.2998046875,5360.2001953125,5407.4501953125,336400,0.011600928493137763,0.0015443173387412745
2013-09-02,5550.75,5550.75,5564.89990234375,5478.85009765625,5480.25,214200,0.014428560643769517,0.004314767430076971
2013-09-03,5341.4501953125,5341.4501953125,5580.9501953125,5323.75,5574.7001953125,250300,-0.03770658103634639,0.003220044445297665
2013-09-04,5448.10009765625,5448.10009765625,5460.25,5318.89990234375,5358.64990234375,237200,0.01996646948750791,0.019392063370715196
2013-09-05,5592.9501953125,5592.9501953125,5625.75,5552.7001953125,5553.75,274900,0.026587268049381718,0.004380514602210006
2013-09-06,5680.39990234375,5680.39990234375,5688.60009765625,5566.14990234375,5617.4501953125,253000,0.015635702800382845,0.01022817031460721
2013-09-10,5896.75,5896.75,5904.85009765625,5738.2001953125,5738.5,275200,0.03808712438836981,-0.0016110569381438955
2013-09-11,5913.14990234375,5913.14990234375,5924.35009765625,5832.7001953125,5887.25,265000,0.0027811764690295337,0.0030440628594357033
2013-09-12,5850.7001953125,5850.7001953125,5932.0,5815.7998046875,5931.14990234375,273000,-0.01056115743091468,-0.00387991087471673
2013-09-13,5850.60009765625,5850.60009765625,5884.2998046875,5822.89990234375,5828.0,190800,-1.7108662708431588e-05,0.013622484138537727
2013-09-16,5840.5498046875,5840.5498046875,5957.25,5798.14990234375,5930.2998046875,219500,-0.0017178225824691085,-0.0027993271047663804
2013-09-17,5850.2001953125,5850.2001953125,5857.7998046875,5804.89990234375,5824.2001953125,157900,0.0016523085921216207,0.003854535560264827
2013-09-18,5899.4501953125,5899.4501953125,5916.89990234375,5840.2001953125,5872.75,153600,0.008418515325246734,0.024527659737889396
2013-09-19,6115.5498046875,6115.5498046875,6142.5,6040.14990234375,6044.14990234375,287200,0.03663046592828345,-0.0017986935518975455
2013-09-20,6012.10009765625,6012.10009765625,6130.9501953125,5932.85009765625,6104.5498046875,318600,-0.01691584736207319,-0.011027809233348673
2013-09-23,5889.75,5889.75,5989.39990234375,5871.39990234375,5945.7998046875,188300,-0.020350642149811637,-0.005900080648584383
2013-09-24,5892.4501953125,5892.4501953125,5938.39990234375,5854.5498046875,5855.0,187600,0.00045845669383259846,0.0015442827810812076
2013-09-25,5873.85009765625,5873.85009765625,5910.5498046875,5811.10009765625,5901.5498046875,200200,-0.0031565981959502665,-0.00017880826907190617
2013-09-26,5882.25,5882.25,5917.64990234375,5864.10009765625,5872.7998046875,220600,0.0014300505127124996,0.003961036115007088
2013-09-27,5833.2001953125,5833.2001953125,5909.2001953125,5819.2998046875,5905.5498046875,163100,-0.008338612722597616,-0.005511621331089511
2013-09-30,5735.2998046875,5735.2998046875,5810.2001953125,5718.5,5801.0498046875,155700,-0.016783307163651173,0.0036267141521963975
2013-10-01,5780.0498046875,5780.0498046875,5786.4501953125,5700.9501953125,5756.10009765625,159200,0.007802556365654301,0.006756047834930667
2013-10-03,5909.7001953125,5909.7001953125,5917.60009765625,5802.7001953125,5819.10009765625,199800,0.022430670150948462,-0.003113591217299816
2013-10-04,5907.2998046875,5907.2998046875,5950.4501953125,5885.0,5891.2998046875,191500,-0.00040617807091192226,-0.003089397965804652
2013-10-07,5906.14990234375,5906.14990234375,5912.0,5825.85009765625,5889.0498046875,156400,-0.00019465786091266146,0.011657356957521126
2013-10-08,5928.39990234375,5928.39990234375,5981.7001953125,5913.0,5975.0,158500,0.003767259613774776,-0.005929070731185648
2013-10-09,6007.4501953125,6007.4501953125,6015.5,5877.10009765625,5893.25,192000,0.013334170142182522,-0.0010654088534922668
2013-10-10,6020.9501953125,6020.9501953125,6033.9501953125,5979.7998046875,6001.0498046875,159600,0.0022472096415437903,0.013934661410929472
2013-10-11,6096.2001953125,6096.2001953125,6107.60009765625,6046.39990234375,6104.85009765625,180800,0.012498027314456817,-0.000524949183092871
2013-10-14,6112.7001953125,6112.7001953125,6124.10009765625,6082.89990234375,6093.0,142200,0.002706604027322923,0.005701180863037392
2013-10-15,6089.0498046875,6089.0498046875,6156.2998046875,6056.5498046875,6147.5498046875,218300,-0.0038690578417597266,0.0015519983602736431
2013-10-17,6045.85009765625,6045.85009765625,6110.75,6032.5498046875,6098.5,230600,-0.007094654899684638,0.004143305620033733
2013-10-18,6189.35009765625,6189.35009765625,6201.4501953125,6070.89990234375,6070.89990234375,250300,0.02373528911271383,0.002043817548556648
2013-10-21,6204.9501953125,6204.9501953125,6218.9501953125,6163.2998046875,6202.0,197000,0.002520474267913464,-0.0020387578025294895
2013-10-22,6202.7998046875,6202.7998046875,6220.10009765625,6181.7998046875,6192.2998046875,161900,-0.0003465604972340275,0.0010882182582934163
2013-10-23,6178.35009765625,6178.35009765625,6217.9501953125,6116.60009765625,6209.5498046875,188300,-0.003941721126123232,-0.002516900583968029
2013-10-24,6164.35009765625,6164.35009765625,6252.4501953125,6142.9501953125,6162.7998046875,148900,-0.0022659771263707773,-0.0016790249567728566
2013-10-25,6144.89990234375,6144.89990234375,6174.75,6125.9501953125,6154.0,144500,-0.0031552710349620483,0.0016599449095353602
2013-10-28,6101.10009765625,6101.10009765625,6168.75,6094.10009765625,6155.10009765625,146300,-0.007127830458360185,0.0010571383730826334
2013-10-29,6220.89990234375,6220.89990234375,6228.0498046875,6079.2001953125,6107.5498046875,197300,0.019635771052751938,0.0015913939300036262
2013-10-30,6251.7001953125,6251.7001953125,6269.2001953125,6222.60009765625,6230.7998046875,177600,0.004951099270564585,-0.002327413745729534
2013-10-31,6299.14990234375,6299.14990234375,6309.0498046875,6235.89990234375,6237.14990234375,239600,0.0075898884381608855,-0.001492249349432484
2013-11-01,6307.2001953125,6307.2001953125,6332.60009765625,6286.9501953125,6289.75,191600,0.0012779967286942195,-0.003971697772867211
2013-11-05,6253.14990234375,6253.14990234375,6304.75,6244.2998046875,6282.14990234375,181100,-0.008569617468131119,0.001183387965955518
2013-11-06,6215.14990234375,6215.14990234375,6269.7001953125,6208.7001953125,6260.5498046875,157100,-0.00607693731854364,0.002212336020216421
2013-11-07,6187.25,6187.25,6288.9501953125,6180.7998046875,6228.89990234375,168800,-0.004489015193861801,-0.0027637638136894793
2013-11-08,6140.75,6140.75,6185.14990234375,6120.9501953125,6170.14990234375,150100,-0.007515455169905816,-0.004942408933151454
2013-11-11,6078.7998046875,6078.7998046875,6141.64990234375,6067.75,6110.39990234375,146100,-0.010088376063591586,0.001390109163651676
2013-11-12,6018.0498046875,6018.0498046875,6108.7001953125,6011.75,6087.25,153800,-0.009993749087304105,-0.003190353628561682
2013-11-13,5989.60009765625,5989.60009765625,6042.25,5972.4501953125,5998.85009765625,162500,-0.004727396408233497,0.007913700676327018
2013-11-14,6056.14990234375,6056.14990234375,6101.64990234375,6036.64990234375,6037.0,154900,0.011110892814620632,0.009065149183725474
2013-11-18,6189.0,6189.0,6196.7998046875,6110.39990234375,6111.0498046875,164000,0.02193639520132029,0.0013330101793505023
2013-11-19,6203.35009765625,6203.35009765625,6212.39990234375,6180.2001953125,6197.25,161500,0.0023186456061157212,-0.002659853101993126
2013-11-20,6122.89990234375,6122.89990234375,6204.35009765625,6106.9501953125,6186.85009765625,155800,-0.01296883039744856,-0.004311666492154198
2013-11-21,5999.0498046875,5999.0498046875,6097.35009765625,5985.39990234375,6096.5,137200,-0.020227359524339406,0.0047174625799299985
2013-11-22,5995.4501953125,5995.4501953125,6049.60009765625,5972.7998046875,6027.35009765625,134800,-0.0006000299201028847,0.00675512241460452
2013-11-25,6115.35009765625,6115.35009765625,6123.5,6035.9501953125,6035.9501953125,127200,0.019998481921756683,-0.00263273523169516
2013-11-26,6059.10009765625,6059.10009765625,6112.7001953125,6047.75,6099.25,150700,-0.009198165125747781,0.0005941637533999344
2013-11-27,6057.10009765625,6057.10009765625,6074.0,6030.2998046875,6062.7001953125,124900,-0.00033008202006323817,0.005761817005014436
2013-11-28,6091.85009765625,6091.85009765625,6112.9501953125,6068.2998046875,6092.0,195300,0.00573706880185898,0.001978020551118842
2013-11-29,6176.10009765625,6176.10009765625,6182.5,6103.7998046875,6103.89990234375,190700,0.01382995291240241,-0.000801508271276008
2013-12-02,6217.85009765625,6217.85009765625,6228.7001953125,6171.14990234375,6171.14990234375,145900,0.006759929298400413,-0.0021872668917148896
2013-12-03,6201.85009765625,6201.85009765625,6225.39990234375,6191.39990234375,6204.25,156900,-0.0025732366893230774,-0.002241250937200623
2013-12-04,6160.9501953125,6160.9501953125,6209.14990234375,6149.89990234375,6187.9501953125,186200,-0.006594790538263173,0.016474731458992364
2013-12-05,6241.10009765625,6241.10009765625,6300.5498046875,6232.0,6262.4501953125,186100,0.013009341059879276,-0.0010735599826409148
2013-12-06,6259.89990234375,6259.89990234375,6275.35009765625,6230.75,6234.39990234375,158500,0.0030122581585512176,0.024776769609076155
2013-12-09,6363.89990234375,6363.89990234375,6415.25,6345.0,6415.0,198300,0.01661368418384157,-0.0014456083804620379
2013-12-10,6332.85009765625,6332.85009765625,6362.25,6307.5498046875,6354.7001953125,242400,-0.004879052965001018,-0.004050293619494161
2013-12-11,6307.89990234375,6307.89990234375,6326.60009765625,6280.25,6307.2001953125,148200,-0.003939805131615848,-0.004938236628037829
2013-12-12,6237.0498046875,6237.0498046875,6286.85009765625,6230.5498046875,6276.75,148500,-0.011231962896228742,-0.005731876627493304
2013-12-13,6168.39990234375,6168.39990234375,6208.60009765625,6161.39990234375,6201.2998046875,169700,-0.011006790789477972,-8.074166443217123e-06
2013-12-16,6154.7001953125,6154.7001953125,6183.25,6146.0498046875,6168.35009765625,146500,-0.0022209498813532402,0.0038182201007772587
2013-12-17,6139.0498046875,6139.0498046875,6190.5498046875,6133.0,6178.2001953125,154200,-0.0025428355774208544,-0.0014822504564226957
2013-12-18,6217.14990234375,6217.14990234375,6236.0,6129.9501953125,6129.9501953125,243300,0.012721854381539055,0.005911068669286257
2013-12-19,6166.64990234375,6166.64990234375,6263.75,6150.7001953125,6253.89990234375,437000,-0.00812269300133206,0.0021568101285749375
2013-12-20,6274.25,6274.25,6284.5,6170.35009765625,6179.9501953125,172000,0.017448711919798576,-0.0011236091465115505
2013-12-23,6284.5,6284.5,6317.5,6266.9501953125,6267.2001953125,131200,0.001633661393792174,0.0019015347780253489
2013-12-24,6268.39990234375,6268.39990234375,6301.5,6262.0,6296.4501953125,107600,-0.0025618740800780193,0.00027123274503670913
2013-12-26,6278.89990234375,6278.89990234375,6302.75,6259.4501953125,6270.10009765625,182300,0.001675068624143572,0.002213748038659036
2013-12-27,6313.7998046875,6313.7998046875,6324.89990234375,6289.39990234375,6292.7998046875,96900,0.0055582829614344575,0.003579476441345486
2013-12-30,6291.10009765625,6291.10009765625,6344.0498046875,6273.14990234375,6336.39990234375,101300,-0.0035952528957914343,0.0025830140591871498
2013-12-31,6304.0,6304.0,6317.2998046875,6287.2998046875,6307.35009765625,103400,0.00205050025329534,-0.00043623096446698817
2014-01-02,6221.14990234375,6221.14990234375,6358.2998046875,6211.2998046875,6301.25,158100,-0.013142464729735126,-0.004275752565651714
2014-01-03,6211.14990234375,6211.14990234375,6221.7001953125,6171.25,6194.5498046875,139000,-0.001607419875260141,0.0015617390443014578
2014-01-06,6191.4501953125,6191.4501953125,6224.7001953125,6170.25,6220.85009765625,118300,-0.0031716682644893357,0.002010790144233887
2014-01-07,6162.25,6162.25,6221.5,6144.75,6203.89990234375,138600,-0.00471621258208732,0.002563966844496779
2014-01-08,6174.60009765625,6174.60009765625,6192.10009765625,6160.35009765625,6178.0498046875,146900,0.0020041539464075164,0.0011498878541049695
2014-01-09,6168.35009765625,6168.35009765625,6188.0498046875,6148.25,6181.7001953125,150100,-0.0010122113013233403,0.0017022380107754032
2014-01-10,6171.4501953125,6171.4501953125,6239.10009765625,6139.60009765625,6178.85009765625,159900,0.0005025813397698808,0.0029327967985137704
2014-01-13,6272.75,6272.75,6288.2001953125,6189.5498046875,6189.5498046875,135000,0.01641426269054902,-0.001992746403092771
2014-01-14,6241.85009765625,6241.85009765625,6280.35009765625,6234.14990234375,6260.25,110200,-0.004926053540113995,0.003861050374359243
2014-01-15,6320.89990234375,6320.89990234375,6325.2001953125,6265.2998046875,6265.9501953125,145900,0.012664483037998941,0.003235329720205904
2014-01-16,6318.89990234375,6318.89990234375,6346.5,6299.85009765625,6341.35009765625,153400,-0.0003164106426141178,-0.0020019152920998096
2014-01-17,6261.64990234375,6261.64990234375,6327.10009765625,6246.35009765625,6306.25,167700,-0.00906012136365153,1.598582766693113e-05
2014-01-20,6303.9501953125,6303.9501953125,6307.4501953125,6243.35009765625,6261.75,122100,0.006755454812783057,0.002569770783293235
2014-01-21,6313.7998046875,6313.7998046875,6330.2998046875,6297.89990234375,6320.14990234375,141700,0.0015624503794975375,-0.0007523203375047194
2014-01-22,6338.9501953125,6338.9501953125,6349.9501953125,6287.4501953125,6309.0498046875,137500,0.003983400076500443,-0.0020508127685895383
2014-01-23,6345.64990234375,6345.64990234375,6355.60009765625,6316.39990234375,6325.9501953125,120100,0.0010569111327305425,-0.006933883948395669
2014-01-24,6266.75,6266.75,6331.4501953125,6263.89990234375,6301.64990234375,160300,-0.012433699236166218,-0.012837626411217884
2014-01-27,6135.85009765625,6135.85009765625,6188.5498046875,6130.25,6186.2998046875,190400,-0.020888004522878645,-0.0006519064084580251
2014-01-28,6126.25,6126.25,6163.60009765625,6085.9501953125,6131.85009765625,184100,-0.0015645912959830754,0.005672311773107452
2014-01-29,6120.25,6120.25,6170.4501953125,6109.7998046875,6161.0,146700,-0.0009793919608243051,-0.008700624974469995
2014-01-30,6073.7001953125,6073.7001953125,6082.85009765625,6027.25,6067.0,208100,-0.00760586653935702,0.001489998583480423
2014-01-31,6089.5,6089.5,6097.85009765625,6067.35009765625,6082.75,146700,0.0026013474783779245,-0.005041496890138775
2014-02-03,6001.7998046875,6001.7998046875,6074.85009765625,5994.4501953125,6058.7998046875,134900,-0.014401871305115388,-0.00903057562648446
2014-02-04,6000.89990234375,6000.89990234375,6017.7998046875,5933.2998046875,5947.60009765625,183300,-0.0001499387472150282,0.0005582658785796557
2014-02-05,6022.39990234375,6022.39990234375,6028.0498046875,5962.0498046875,6004.25,166600,0.003582795972251196,0.000988010661693961
2014-02-06,6036.2998046875,6036.2998046875,6048.35009765625,5965.39990234375,6028.35009765625,185500,0.0023080337687870767,0.006850239218426424
2014-02-07,6063.2001953125,6063.2001953125,6079.9501953125,6030.89990234375,6077.64990234375,181900,0.00445643713788213,0.001583257861487386
2014-02-10,6053.4501953125,6053.4501953125,6083.0498046875,6046.39990234375,6072.7998046875,133100,-0.0016080616977710571,0.003138705925872287
2014-02-11,6062.7001953125,6062.7001953125,6081.85009765625,6053.25,6072.4501953125,150500,0.0015280542007536368,0.003735942998016384
2014-02-12,6084.0,6084.0,6106.60009765625,6077.39990234375,6085.35009765625,138500,0.0035132538310187478,0.0005834655962360102
2014-02-13,6001.10009765625,6001.10009765625,6094.39990234375,5991.10009765625,6087.5498046875,153700,-0.013625887959196281,0.00377429170904775
2014-02-14,6048.35009765625,6048.35009765625,6056.39990234375,5984.60009765625,6023.75,140200,0.007873556386512215,0.003794374773401943
2014-02-18,6127.10009765625,6127.10009765625,6141.7001953125,6066.7998046875,6071.2998046875,126600,0.013020079646268501,0.000807838447611342
2014-02-19,6152.75,6152.75,6160.35009765625,6125.75,6132.0498046875,95200,0.004186303787261814,-0.004160757003981996
2014-02-20,6091.4501953125,6091.4501953125,6129.10009765625,6086.4501953125,6127.14990234375,132100,-0.009962992919832603,0.0027661080423782014
2014-02-21,6155.4501953125,6155.4501953125,6159.64990234375,6108.0,6108.2998046875,112600,0.01050652930713425,-0.0023556359876069077
2014-02-24,6186.10009765625,6186.10009765625,6191.85009765625,6130.7998046875,6140.9501953125,144900,0.00497931123983264,0.0031684093931290125
2014-02-25,6200.0498046875,6200.0498046875,6216.85009765625,6176.60009765625,6205.7001953125,146300,0.0022550082945691496,0.0003871566681907801
2014-02-26,6238.7998046875,6238.7998046875,6245.9501953125,6202.10009765625,6202.4501953125,181700,0.006249949794065124,-0.0016589103191327892
2014-02-28,6276.9501953125,6276.9501953125,6282.7001953125,6228.10009765625,6228.4501953125,180600,0.006115020808383109,-0.002007359826697308
2014-03-03,6221.4501953125,6221.4501953125,6277.75,6212.25,6264.35009765625,144600,-0.008841873564879643,-0.0007554822693978114
2014-03-04,6297.9501953125,6297.9501953125,6302.14990234375,6215.7001953125,6216.75,166800,0.01229616851351456,0.004842845537695872
2014-03-05,6328.64990234375,6328.64990234375,6336.25,6287.7998046875,6328.4501953125,160300,0.004874555383765911,0.0025440019442832806
2014-03-06,6401.14990234375,6401.14990234375,6406.60009765625,6339.7001953125,6344.75,180700,0.011455839889823904,0.0019996864882141363
2014-03-07,6526.64990234375,6526.64990234375,6537.7998046875,6413.5498046875,6413.9501953125,284900,0.019605852372563293,-0.005354922901364634
2014-03-10,6537.25,6537.25,6562.2001953125,6487.35009765625,6491.7001953125,242100,0.001624125365211171,1.5311890511959803e-05
2014-03-11,6511.89990234375,6511.89990234375,6562.85009765625,6494.25,6537.35009765625,239000,-0.003877792291292259,-0.002211321205746297
2014-03-12,6516.89990234375,6516.89990234375,6546.14990234375,6487.2998046875,6497.5,175000,0.000767825070253414,-0.0038591819301544428
2014-03-13,6493.10009765625,6493.10009765625,6561.4501953125,6476.64990234375,6491.75,167900,-0.0036520132339212807,-0.007061356973812827
2014-03-14,6504.2001953125,6504.2001953125,6518.4501953125,6432.7001953125,6447.25,177300,0.0017095220294318647,0.004343347245117091
2014-03-18,6516.64990234375,6516.64990234375,6574.9501953125,6497.64990234375,6532.4501953125,179300,0.0019141026809448292,0.002048613606118188
2014-03-19,6524.0498046875,6524.0498046875,6541.2001953125,6506.0,6530.0,172500,0.0011355378077144707,-0.0024064358031065103
2014-03-20,6483.10009765625,6483.10009765625,6523.64990234375,6473.25,6508.35009765625,142000,-0.00627673121100758,0.0049513499981057585
2014-03-21,6493.2001953125,6493.2001953125,6522.89990234375,6485.7001953125,6515.2001953125,189900,0.0015579117249633345,0.0026642955964901738
2014-03-24,6583.5,6583.5,6591.5,6510.5,6510.5,158400,0.013906825905766418,-0.005073274450330345
2014-03-25,6589.75,6589.75,6595.5498046875,6544.85009765625,6550.10009765625,168100,0.0009493430546061443,0.00393033155184197
2014-03-26,6601.39990234375,6601.39990234375,6627.4501953125,6580.60009765625,6615.64990234375,186600,0.0017678822935240923,0.0017723809321634754
2014-03-27,6641.75,6641.75,6673.9501953125,6599.5,6613.10009765625,312400,0.0061123546903929515,0.00471258398577179
2014-03-28,6695.89990234375,6695.89990234375,6702.60009765625,6643.7998046875,6673.0498046875,184800,0.00815295702845642,0.004069654624087482
2014-03-31,6704.2001953125,6704.2001953125,6730.0498046875,6662.39990234375,6723.14990234375,220600,0.001239608281157878,0.0037737245234994443
2014-04-01,6721.0498046875,6721.0498046875,6732.25,6675.4501953125,6729.5,177800,0.0025132915014651758,0.005438182133877145
2014-04-02,6752.5498046875,6752.5498046875,6763.5,6723.60009765625,6757.60009765625,173300,0.004686767828744776,0.0028877980265267222
2014-04-03,6736.10009765625,6736.10009765625,6776.75,6696.89990234375,6772.0498046875,197500,-0.0024360734103480164,0.0008536096430633577
2014-04-04,6694.35009765625,6694.35009765625,6741.85009765625,6685.14990234375,6741.85009765625,155100,-0.0061979482778954376,-1.4952557722547333e-05
2014-04-07,6695.0498046875,6695.0498046875,6725.14990234375,6650.39990234375,6694.25,133900,0.00010452202544564138,0.004025391311298643
2014-04-09,6796.2001953125,6796.2001953125,6808.7001953125,6705.10009765625,6722.0,169800,0.015108235722784302,0.001007858682521512
2014-04-10,6796.39990234375,6796.39990234375,6819.0498046875,6777.2998046875,6803.0498046875,191100,2.9385101308232464e-05,-0.005598523517484355
2014-04-11,6776.2998046875,6776.2998046875,6789.35009765625,6743.14990234375,6758.35009765625,140700,-0.002957462472053529,0.0024202575295819706
2014-04-15,6733.10009765625,6733.10009765625,6813.39990234375,6711.75,6792.7001953125,123200,-0.006375117435236111,-0.0008688564808781996
2014-04-16,6675.2998046875,6675.2998046875,6748.64990234375,6665.14990234375,6727.25,119800,-0.008584499284196023,0.0030186495310442485
2014-04-17,6779.39990234375,6779.39990234375,6783.0498046875,6684.39990234375,6695.4501953125,131500,0.0155948198136584,0.0014529453636220602
2014-04-21,6817.64990234375,6817.64990234375,6825.4501953125,6786.89990234375,6789.25,111800,0.005642092301823887,0.0007700600757154508
2014-04-22,6815.35009765625,6815.35009765625,6838.0,6806.25,6822.89990234375,114700,-0.0003373310041498989,0.0011591337540337587
2014-04-23,6840.7998046875,6840.7998046875,6861.60009765625,6820.75,6823.25,183000,0.0037341745716044095,0.0021927260595642206
2014-04-25,6782.75,6782.75,6869.85009765625,6772.85009765625,6855.7998046875,154300,-0.008485821299392904,-0.0006192466643323291
2014-04-28,6761.25,6761.25,6786.25,6750.2998046875,6778.5498046875,118200,-0.003169805757251898,0.0011462377518949296
2014-04-29,6715.25,6715.25,6779.7001953125,6708.64990234375,6769.0,115500,-0.006803475688667016,0.0014445024850153754
2014-04-30,6696.39990234375,6696.39990234375,6780.14990234375,6656.7998046875,6724.9501953125,161100,-0.0028070582117195597,0.0020235190798576497
2014-05-02,6694.7998046875,6694.7998046875,6737.64990234375,6689.5,6709.9501953125,114300,-0.00023894893966680542,-0.0019641964998777794
2014-05-05,6699.35009765625,6699.35009765625,6741.0498046875,6680.4501953125,6681.64990234375,105000,0.0006796757336289261,0.0029704228102234165
2014-05-06,6715.2998046875,6715.2998046875,6743.4501953125,6701.89990234375,6719.25,88300,0.0023807842251488687,-0.0009976780227404225
2014-05-07,6652.5498046875,6652.5498046875,6718.75,6642.89990234375,6708.60009765625,114100,-0.009344333361884782,0.0026080372437082833
2014-05-08,6659.85009765625,6659.85009765625,6688.39990234375,6638.5498046875,6669.89990234375,101600,0.0010973676534682397,-0.0008559044466339705
2014-05-09,6858.7998046875,6858.7998046875,6871.35009765625,6652.14990234375,6654.14990234375,166400,0.029873000760372248,0.000670685511640956
2014-05-12,7014.25,7014.25,7020.0498046875,6862.89990234375,6863.39990234375,157700,0.022664343578924884,0.009373774815554015
2014-05-13,7108.75,7108.75,7172.35009765625,7067.14990234375,7080.0,232200,0.013472573689275347,0.0004571830490591733
2014-05-14,7108.75,7108.75,7142.25,7080.89990234375,7112.0,177200,0.0,0.0003586853789343536
2014-05-15,7123.14990234375,7123.14990234375,7152.5498046875,7082.5498046875,7111.2998046875,186800,0.0020256588491296412,0.020643998088593518
2014-05-16,7203.0,7203.0,7563.5,7130.64990234375,7270.2001953125,393200,0.011209942055266486,0.010252686055289395
2014-05-19,7263.5498046875,7263.5498046875,7291.10009765625,7193.5498046875,7276.85009765625,316200,0.008406192515271416,0.006388114884963825
2014-05-20,7275.5,7275.5,7353.64990234375,7247.7001953125,7309.9501953125,255300,0.0016452279716989704,-8.932751615009504e-05
2014-05-21,7252.89990234375,7252.89990234375,7287.14990234375,7206.7001953125,7274.85009765625,203100,-0.0031063291397498416,0.005108341969089825
2014-05-22,7276.39990234375,7276.39990234375,7319.5498046875,7258.14990234375,7289.9501953125,240900,0.0032400833206598367,0.004136674462676959
2014-05-23,7367.10009765625,7367.10009765625,7381.0,7293.89990234375,7306.5,259600,0.012464982206830788,0.008368272661771314
2014-05-26,7359.0498046875,7359.0498046875,7504.0,7269.0498046875,7428.75,273200,-0.0010927356574551572,0.000550382600505106
2014-05-27,7318.0,7318.0,7372.9501953125,7274.75,7363.10009765625,168600,-0.005578139267565785,0.0009497397256763573
2014-05-28,7329.64990234375,7329.64990234375,7344.75,7302.60009765625,7324.9501953125,175600,0.0015919516731006667,-0.0017804130976742938
2014-05-29,7235.64990234375,7235.64990234375,7325.39990234375,7224.39990234375,7316.60009765625,241100,-0.012824623447559524,0.0026535550464210633
2014-05-30,7229.9501953125,7229.9501953125,7272.5,7118.4501953125,7254.85009765625,312200,-0.0007877256512097697,0.004716437659156858
2014-06-02,7362.5,7362.5,7368.60009765625,7239.5,7264.0498046875,169900,0.01833343261111775,0.0017453443336163943
2014-06-03,7415.85009765625,7415.85009765625,7424.9501953125,7342.14990234375,7375.35009765625,234700,0.007246193230050935,0.00022919921639030783
2014-06-04,7402.25,7402.25,7433.2998046875,7391.35009765625,7417.5498046875,204600,-0.0018339229457386974,-0.00033773514809687377
2014-06-05,7474.10009765625,7474.10009765625,7484.7001953125,7360.5,7399.75,250700,0.009706521349083008,0.006341887548256597
2014-06-06,7583.39990234375,7583.39990234375,7592.7001953125,7497.64990234375,7521.5,248400,0.014623807984826875,0.005043911766828835
2014-06-09,7654.60009765625,7654.60009765625,7673.7001953125,7580.25,7621.64990234375,231900,0.009388954325156185,0.00319411944704151
2014-06-10,7656.39990234375,7656.39990234375,7683.2001953125,7579.2998046875,7679.0498046875,188700,0.0002351271999239124,0.002089755002883553
2014-06-11,7626.85009765625,7626.85009765625,7700.0498046875,7589.0498046875,7672.39990234375,186200,-0.0038594907612459206,0.0018945838512927082
2014-06-12,7649.89990234375,7649.89990234375,7658.0,7593.7998046875,7641.2998046875,148200,0.0030221919130917207,0.002392226460785851
2014-06-13,7542.10009765625,7542.10009765625,7678.5,7525.35009765625,7668.2001953125,174500,-0.014091662121549109,-0.0009679390188707115
2014-06-16,7533.5498046875,7533.5498046875,7548.60009765625,7487.5498046875,7534.7998046875,155400,-0.0011336753501066665,-0.0011282861626150664
2014-06-17,7631.7001953125,7631.7001953125,7637.60009765625,7509.25,7525.0498046875,158000,0.013028438540876097,0.0005699397596450329
2014-06-18,7558.2001953125,7558.2001953125,7663.0,7515.5,7636.0498046875,165100,-0.009630881470572561,0.0028908481927418794
2014-06-19,7540.7001953125,7540.7001953125,7606.4501953125,7502.5498046875,7580.0498046875,148900,-0.0023153660326241665,0.0003447437648582685
2014-06-20,7511.4501953125,7511.4501953125,7560.5498046875,7497.2998046875,7543.2998046875,124100,-0.003878950129615588,0.00033945571377036465
2014-06-23,7493.35009765625,7493.35009765625,7534.7998046875,7441.60009765625,7514.0,127400,-0.002409667532315529,0.002915931775706593
2014-06-24,7580.2001953125,7580.2001953125,7593.35009765625,7515.2001953125,7515.2001953125,137000,0.011590289593357506,0.0011015024880429714
2014-06-25,7569.25,7569.25,7589.25,7557.0498046875,7588.5498046875,115000,-0.001444578643090666,-0.002001506403375486
2014-06-26,7493.2001953125,7493.2001953125,7570.2001953125,7481.2998046875,7554.10009765625,171700,-0.010047204767645423,0.0028025408974308164
2014-06-27,7508.7998046875,7508.7998046875,7538.75,7482.2998046875,7514.2001953125,126700,0.0020818353932086087,0.003362721161408233
2014-06-30,7611.35009765625,7611.35009765625,7623.64990234375,7531.60009765625,7534.0498046875,152300,0.013657348129687996,0.0023188924589325755
2014-07-01,7634.7001953125,7634.7001953125,7649.5,7618.14990234375,7629.0,139400,0.003067799714460584,0.006332875966064133
2014-07-02,7725.14990234375,7725.14990234375,7732.39990234375,7677.2998046875,7683.0498046875,136300,0.011847185183091247,0.0011909406844918813
2014-07-03,7714.7998046875,7714.7998046875,7754.64990234375,7706.7998046875,7734.35009765625,133800,-0.0013397924683778983,0.0004277872468894106
2014-07-04,7751.60009765625,7751.60009765625,7758.0,7661.2998046875,7718.10009765625,113100,0.0047700904625405105,0.003715336746565212
2014-07-07,7787.14990234375,7787.14990234375,7792.0,7755.10009765625,7780.39990234375,173900,0.004586124701950078,0.0021702294877696815
2014-07-08,7623.2001953125,7623.2001953125,7808.85009765625,7595.89990234375,7804.0498046875,180600,-0.021053878387766067,0.0019348829391978573
2014-07-09,7585.0,7585.0,7650.10009765625,7551.64990234375,7637.9501953125,168300,-0.005011044487063243,0.0005932762030322891
2014-07-10,7567.75,7567.75,7731.0498046875,7479.0498046875,7589.5,258400,-0.0022742254449571453,0.002160496535462908
2014-07-11,7459.60009765625,7459.60009765625,7625.85009765625,7447.2001953125,7584.10009765625,187600,-0.014290892582835002,0.001260108078273925
2014-07-14,7454.14990234375,7454.14990234375,7478.4501953125,7422.14990234375,7469.0,135200,-0.000730628350199658,0.00498378793429799
2014-07-15,7526.64990234375,7526.64990234375,7534.89990234375,7459.14990234375,7491.2998046875,122100,0.009726125842626887,0.004982296305335421
2014-07-16,7624.39990234375,7624.39990234375,7640.10009765625,7532.4501953125,7564.14990234375,168000,0.012987185702574067,-0.001534508575245841
2014-07-17,7640.4501953125,7640.4501953125,7655.64990234375,7612.7001953125,7612.7001953125,141600,0.002105122130833692,-0.0013350254306687681
2014-07-18,7663.89990234375,7663.89990234375,7685.0,7595.5,7630.25,134600,0.0030691525279016307,0.004925690638059477
2014-07-21,7684.2001953125,7684.2001953125,7722.10009765625,7674.0,7701.64990234375,105400,0.002648820212610259,0.0031232918703290036
2014-07-22,7767.85009765625,7767.85009765625,7773.85009765625,7704.7998046875,7708.2001953125,120100,0.010885960831002128,0.003482276865211631
2014-07-23,7795.75,7795.75,7809.2001953125,7752.89990234375,7794.89990234375,122100,0.0035917148236637164,6.413751082323671e-05
2014-07-24,7830.60009765625,7830.60009765625,7835.64990234375,7771.64990234375,7796.25,117600,0.004470397031234974,-0.00030647744921463715
2014-07-25,7790.4501953125,7790.4501953125,7840.9501953125,7748.60009765625,7828.2001953125,153900,-0.005127308487604565,0.00031444999580698685
2014-07-28,7748.7001953125,7748.7001953125,7799.89990234375,7722.64990234375,7792.89990234375,116500,-0.005359125461725012,-0.0003226347564089238
2014-07-30,7791.39990234375,7791.39990234375,7798.7001953125,7707.60009765625,7746.2001953125,178100,0.005510563830702919,-0.0008663398214189266
2014-07-31,7721.2998046875,7721.2998046875,7791.85009765625,7711.14990234375,7784.64990234375,208900,-0.00899711201258746,-0.007615272839399889
2014-08-01,7602.60009765625,7602.60009765625,7716.7001953125,7593.89990234375,7662.5,181100,-0.015373021386786312,0.004860140814540559
2014-08-04,7683.64990234375,7683.64990234375,7694.7998046875,7622.0498046875,7639.5498046875,137000,0.01066080073217135,0.0029933690748955577
2014-08-05,7746.5498046875,7746.5498046875,7752.4501953125,7638.0498046875,7706.64990234375,128200,0.008186200977814417,-0.002633417825753326
2014-08-06,7672.0498046875,7672.0498046875,7740.9501953125,7658.9501953125,7726.14990234375,116400,-0.009617184666510403,-0.0027241614530422176
2014-08-07,7649.25,7649.25,7708.9501953125,7630.39990234375,7651.14990234375,116800,-0.0029718009225604414,-0.00791578320586983
2014-08-08,7568.5498046875,7568.5498046875,7592.4501953125,7540.10009765625,7588.7001953125,118400,-0.010550079460404649,0.0067780875190881495
2014-08-11,7625.9501953125,7625.9501953125,7635.5498046875,7598.60009765625,7619.85009765625,107000,0.007584067239598591,0.00824154469480165
2014-08-12,7727.0498046875,7727.0498046875,7735.75,7654.7998046875,7688.7998046875,120600,0.013257313093540057,-0.0012618011073366464
2014-08-13,7739.5498046875,7739.5498046875,7757.10009765625,7695.7001953125,7717.2998046875,154100,0.0016176937273546521,0.002144840213599508
2014-08-14,7791.7001953125,7791.7001953125,7796.7001953125,7739.10009765625,7756.14990234375,127300,0.006738168490551644,-0.0008278289912104775
2014-08-18,7874.25,7874.25,7880.5,7779.2001953125,7785.25,126700,0.010594581749585608,0.0033971489348192385
2014-08-19,7897.5,7897.5,7918.5498046875,7881.14990234375,7901.0,140600,0.0029526621583007007,0.00231716425292805
2014-08-20,7875.2998046875,7875.2998046875,7922.7001953125,7864.0498046875,7915.7998046875,117300,-0.002811040875276949,6.386165606109273e-06
2014-08-21,7891.10009765625,7891.10009765625,7919.64990234375,7855.9501953125,7875.35009765625,115200,0.0020063100276317414,0.0017044147032483359
2014-08-22,7913.2001953125,7913.2001953125,7929.0498046875,7900.0498046875,7904.5498046875,104100,0.002800635828053233,0.002344159661029188
2014-08-25,7906.2998046875,7906.2998046875,7968.25,7897.9501953125,7931.75,118500,-0.0008720101166007632,-0.004022084347047761
2014-08-26,7904.75,7904.75,7915.4501953125,7862.4501953125,7874.5,142800,-0.0001960214924535686,0.0036876438019861624
2014-08-27,7936.0498046875,7936.0498046875,7946.85009765625,7916.5498046875,7933.89990234375,120000,0.003959619809291937,0.000781269707863741
2014-08-28,7954.35009765625,7954.35009765625,7967.7998046875,7939.2001953125,7942.25,189700,0.002305970025281434,0.004525825436148212
2014-09-01,8027.7001953125,8027.7001953125,8035.0,7984.0,7990.35009765625,139300,0.009221381603238932,0.0013577864243254911
2014-09-02,8083.0498046875,8083.0498046875,8101.9501953125,8036.5498046875,8038.60009765625,134900,0.006894827662761838,0.0034393321383010544
2014-09-03,8114.60009765625,8114.60009765625,8141.89990234375,8092.25,8110.85009765625,150700,0.003903265936881173,-4.928183015029397e-05
2014-09-04,8095.9501953125,8095.9501953125,8114.7998046875,8060.89990234375,8114.2001953125,141300,-0.0022983144109759435,0.00048786207127826664
2014-09-05,8086.85009765625,8086.85009765625,8122.7001953125,8049.85009765625,8099.89990234375,126000,-0.0011240308347646444,0.005700624730216042
2014-09-08,8173.89990234375,8173.89990234375,8180.2001953125,8126.14990234375,8132.9501953125,120700,0.010764364818970584,-0.0014680874666154198
2014-09-09,8152.9501953125,8152.9501953125,8174.5498046875,8126.5,8161.89990234375,104700,-0.002563000193486986,-0.002134244685439657
2014-09-10,8094.10009765625,8094.10009765625,8135.75,8082.10009765625,8135.5498046875,107100,-0.007218257961404628,0.0026006355782028923
2014-09-11,8085.7001953125,8085.7001953125,8127.9501953125,8057.2998046875,8115.14990234375,122800,-0.001037780882668149,0.0001669131110972888
2014-09-12,8105.5,8105.5,8114.2998046875,8071.60009765625,8087.0498046875,111400,0.0024487433628788136,-0.004336549545833068
2014-09-15,8042.0,8042.0,8077.2998046875,8030.0,8070.35009765625,96500,-0.007834186663376763,-0.0006714626142440006
2014-09-16,7932.89990234375,7932.89990234375,8044.89990234375,7925.14990234375,8036.60009765625,128000,-0.013566289188790104,0.004865824368317728
2014-09-17,7975.5,7975.5,7990.64990234375,7936.9501953125,7971.5,123700,0.005370053597129498,-0.003115804357877283
2014-09-18,8114.75,8114.75,8120.85009765625,7939.7001953125,7950.64990234375,116900,0.01745972039370569,0.0018053424127359996
2014-09-19,8121.4501953125,8121.4501953125,8160.89990234375,8105.35009765625,8129.39990234375,161300,0.000825681051480398,-0.004555836594473672
2014-09-22,8146.2998046875,8146.2998046875,8159.89990234375,8064.7998046875,8084.4501953125,105500,0.0030597502634865936,-0.00023322273784431857
2014-09-23,8017.5498046875,8017.5498046875,8159.75,8008.10009765625,8144.39990234375,140800,-0.015804721540682243,-0.00024945276907795133
2014-09-24,8002.39990234375,8002.39990234375,8042.0498046875,7950.0498046875,8015.5498046875,182200,-0.0018895925454548435,0.0001124540581241007
2014-09-25,7911.85009765625,7911.85009765625,8019.2998046875,7877.35009765625,8003.2998046875,231900,-0.011315331124726713,-0.003286209885056124
2014-09-26,7968.85009765625,7968.85009765625,7993.2998046875,7841.7998046875,7885.85009765625,147800,0.007204383209546084,0.0012047030046498097
2014-09-29,7958.89990234375,7958.89990234375,7991.75,7934.7001953125,7978.4501953125,97300,-0.0012486362763213243,-0.0012690318737739181
2014-09-30,7964.7998046875,7964.7998046875,8030.89990234375,7923.85009765625,7948.7998046875,141100,0.0007412962113033661,-0.0005398509432678056
2014-10-01,7945.5498046875,7945.5498046875,7977.5,7936.7001953125,7960.5,113000,-0.002416884350146642,-0.006059983705009819
2014-10-07,7852.39990234375,7852.39990234375,7943.0498046875,7842.7001953125,7897.39990234375,148200,-0.011723531364537632,-0.0030118056438632745
2014-10-08,7842.7001953125,7842.7001953125,7869.89990234375,7815.75,7828.75,135900,-0.0012352538270948843,0.00558478631041881
2014-10-09,7960.5498046875,7960.5498046875,7972.35009765625,7886.5,7886.5,123800,0.01502666255755103,-0.00622441990857503
2014-10-10,7859.9501953125,7859.9501953125,7924.0498046875,7848.4501953125,7911.0,142900,-0.012637269013223484,-0.0036832542946347857
2014-10-13,7884.25,7884.25,7901.14990234375,7796.0,7831.0,118800,0.0030915977943464235,0.004946570694739583
2014-10-14,7864.0,7864.0,7928.0,7825.4501953125,7923.25,225500,-0.002568411706883933,-0.003395243554488836
2014-10-16,7748.2001953125,7748.2001953125,7893.89990234375,7729.64990234375,7837.2998046875,213500,-0.014725305784270115,-0.001864974438998357
2014-10-17,7779.7001953125,7779.7001953125,7819.2001953125,7723.85009765625,7733.75,177600,0.0040654602625080916,0.015071274863605488
2014-10-20,7879.39990234375,7879.39990234375,7905.9501953125,7856.9501953125,7896.9501953125,176200,0.012815366213124957,0.0033949285899352866
2014-10-21,7927.75,7927.75,7936.60009765625,7874.35009765625,7906.14990234375,163400,0.006136266499415566,0.008836025945255566
2014-10-22,7995.89990234375,7995.89990234375,8005.0,7974.5498046875,7997.7998046875,151100,0.008596373793793965,0.00856066185776494
2014-10-27,7991.7001953125,7991.7001953125,8064.39990234375,7985.64990234375,8064.35009765625,132800,-0.0005252325670084268,0.001338852405590174
2014-10-28,8027.60009765625,8027.60009765625,8037.7998046875,7995.0498046875,8002.39990234375,124100,0.00449214828714517,0.0061599614367546796
2014-10-29,8090.4501953125,8090.4501953125,8097.9501953125,8052.25,8077.0498046875,148300,0.007829251194837239,-0.0006489132091860306
2014-10-30,8169.2001953125,8169.2001953125,8181.5498046875,8085.2001953125,8085.2001953125,205700,0.009733698137790459,0.0038681399181688114
2014-10-31,8322.2001953125,8322.2001953125,8330.75,8198.0498046875,8200.7998046875,176200,0.018728883653480688,0.0031181892652758503
2014-11-03,8324.150390625,8324.150390625,8350.599609375,8297.650390625,8348.150390625,141100,0.0002343365055792468,0.0032555405781136137
2014-11-05,8338.2998046875,8338.2998046875,8365.5498046875,8323.5,8351.25,161600,0.0016998027904968627,-0.000773562412432538
2014-11-07,8337.0,8337.0,8360.349609375,8290.25,8331.849609375,153400,-0.00015588365949248395,9.593435138532946e-05
2014-11-10,8344.25,8344.25,8383.0498046875,8304.4501953125,8337.7998046875,130700,0.000869617368358,0.0011804067921024064
2014-11-11,8362.650390625,8362.650390625,8378.7001953125,8321.849609375,8354.099609375,122000,0.002205158117865702,0.0019431638584601618
2014-11-12,8383.2998046875,8383.2998046875,8415.0498046875,8370.5,8378.900390625,125200,0.0024692427756694,0.0026183240279951114
2014-11-13,8357.849609375,8357.849609375,8408.0,8320.349609375,8405.25,127400,-0.0030358207275695825,0.0003410669096393093
2014-11-14,8389.900390625,8389.900390625,8400.650390625,8346.7998046875,8360.7001953125,146800,0.0038348119131084157,-0.0013706956536516657
2014-11-17,8430.75,8430.75,8438.099609375,8349.099609375,8378.400390625,113900,0.0048689027846677835,0.001245440797082109
2014-11-18,8425.900390625,8425.900390625,8454.5,8407.25,8441.25,134700,-0.0005752287014797464,0.0017505547557161716
2014-11-19,8382.2998046875,8382.2998046875,8455.650390625,8360.5,8440.650390625,125400,-0.005174590716264804,0.0028870591456258143
2014-11-20,8401.900390625,8401.900390625,8410.849609375,8353.150390625,8406.5,122800,0.00233833033823716,0.0007498071144154128
2014-11-21,8477.349609375,8477.349609375,8489.7998046875,8398.599609375,8408.2001953125,137000,0.008980018238991194,0.0016043441127471247
2014-11-24,8530.150390625,8530.150390625,8534.650390625,8490.7998046875,8490.9501953125,140700,0.006228453901630848,7.613160762254267e-05
2014-11-25,8463.099609375,8463.099609375,8535.349609375,8429.4501953125,8530.7998046875,271900,-0.00786044538249775,-0.001512425148975094
2014-11-26,8475.75,8475.75,8500.2998046875,8438.650390625,8450.2998046875,151900,0.0014947703806991175,0.0002418434578062012
2014-11-27,8494.2001953125,8494.2001953125,8506.75,8456.349609375,8477.7998046875,194300,0.0021768215570894256,0.002660592975836762
2014-11-28,8588.25,8588.25,8617.0,8516.25,8516.7998046875,197200,0.0110722378240391,0.001961937458154983
2014-12-01,8555.900390625,8555.900390625,8623.0,8545.150390625,8605.099609375,152000,-0.0037667288883066474,-0.0023901862315868216
2014-12-02,8524.7001953125,8524.7001953125,8560.2001953125,8504.650390625,8535.4501953125,137400,-0.003646629096650922,0.00046922471270005595
2014-12-03,8537.650390625,8537.650390625,8546.9501953125,8508.349609375,8528.7001953125,153200,0.0015191379187295961,0.005241488928750204
2014-12-04,8564.400390625,8564.400390625,8626.9501953125,8526.400390625,8582.400390625,143500,0.0031331805328282947,0.0023176881590833975
2014-12-05,8538.2998046875,8538.2998046875,8588.349609375,8523.900390625,8584.25,143300,-0.003047567225613501,4.106039205931111e-05
2014-12-08,8438.25,8438.25,8546.349609375,8432.25,8538.650390625,163800,-0.0117177666486451,0.00012441023760856318
2014-12-09,8340.7001953125,8340.7001953125,8444.5,8330.5,8439.2998046875,146300,-0.011560430739489869,-0.0027156461801287612
2014-12-10,8355.650390625,8355.650390625,8376.7998046875,8317.0,8318.0498046875,136700,0.0017924388795202972,-0.0020107089771073117
2014-12-11,8292.900390625,8292.900390625,8348.2998046875,8272.400390625,8338.849609375,133900,-0.007509888167461565,0.0010972770618693506
2014-12-12,8224.099609375,8224.099609375,8321.900390625,8216.2998046875,8302.0,138100,-0.008296347237907065,-0.007702923406081474
2014-12-15,8219.599609375,8219.599609375,8242.400390625,8152.5,8160.75,137100,-0.0005471723609561385,-0.005717980674526224
2014-12-16,8067.60009765625,8067.60009765625,8189.35009765625,8052.60009765625,8172.60009765625,197300,-0.018492325531937692,-0.003272336509517859
2014-12-17,8029.7998046875,8029.7998046875,8082.0,7961.35009765625,8041.2001953125,216200,-0.004685444557388396,0.013586901331283707
2014-12-18,8159.2998046875,8159.2998046875,8174.2998046875,8084.89990234375,8138.89990234375,162100,0.01612742573288095,0.008720158877373763
2014-12-19,8225.2001953125,8225.2001953125,8263.4501953125,8208.599609375,8230.4501953125,174800,0.008076721312181734,0.0036229883747367353
2014-12-22,8324.0,8324.0,8330.9501953125,8228.2001953125,8255.0,139200,0.012011841942012103,7.203380285925043e-05
2014-12-23,8267.0,8267.0,8364.75,8252.849609375,8324.599609375,132200,-0.006847669389716482,0.0006108388396637299
2014-12-24,8174.10009765625,8174.10009765625,8286.400390625,8155.25,8272.0498046875,221900,-0.01123743829003876,0.0037557292747187887
2014-12-26,8200.7001953125,8200.7001953125,8234.5498046875,8147.9501953125,8204.7998046875,75500,0.0032541927965719086,0.0017071712983731668
2014-12-29,8246.2998046875,8246.2998046875,8279.150390625,8214.7001953125,8214.7001953125,82100,0.005560453167287482,0.001697731143857073
2014-12-30,8248.25,8248.25,8268.25,8220.5498046875,8260.2998046875,77700,0.00023649337990261365,-0.0005273372382020858
2014-12-31,8282.7001953125,8282.7001953125,8291.0,8243.75,8243.900390625,84500,0.004176667209711216,0.0007244014462091108
2015-01-02,8395.4501953125,8395.4501953125,8410.599609375,8288.7001953125,8288.7001953125,101900,0.013612710510011006,0.0014889016918924192
2015-01-05,8378.400390625,8378.400390625,8445.599609375,8363.900390625,8407.9501953125,118200,-0.0020308386436523884,-0.006337795218872233
2015-01-06,8127.35009765625,8127.35009765625,8327.849609375,8111.35009765625,8325.2998046875,172800,-0.029963988501869876,-0.001070483639557862
2015-01-07,8102.10009765625,8102.10009765625,8151.2001953125,8065.4501953125,8118.64990234375,164100,-0.0031067936900222026,0.011021809606293509
2015-01-08,8234.599609375,8234.599609375,8243.5,8167.2998046875,8191.39990234375,143800,0.016353724358093125,0.006175234783681205
2015-01-09,8284.5,8284.5,8303.2998046875,8190.7998046875,8285.4501953125,148000,0.006059844193054609,0.0008267981622307463
2015-01-12,8323.0,8323.0,8332.599609375,8245.599609375,8291.349609375,103200,0.004647232784114941,0.0027814959299532482
2015-01-13,8299.400390625,8299.400390625,8356.650390625,8267.900390625,8346.150390625,129600,-0.002835469106692301,0.0009458043961665386
2015-01-14,8277.5498046875,8277.5498046875,8326.4501953125,8236.650390625,8307.25,146100,-0.0026327909136885097,0.017752861508520734
2015-01-15,8494.150390625,8494.150390625,8527.099609375,8380.5498046875,8424.5,232100,0.026167234392820093,0.00116543899121746
2015-01-16,8513.7998046875,8513.7998046875,8530.75,8452.25,8504.0498046875,176000,0.0023132877520259942,0.004257793327491877
2015-01-19,8550.7001953125,8550.7001953125,8570.9501953125,8531.5,8550.0498046875,125400,0.004334185847861161,0.0028534989539072964
2015-01-20,8695.599609375,8695.599609375,8707.900390625,8574.5,8575.099609375,158700,0.016945912118627948,0.0027658565631367704
2015-01-21,8729.5,8729.5,8741.849609375,8689.599609375,8719.650390625,185900,0.0038985684884169647,0.0018729147574316762
2015-01-22,8761.400390625,8761.400390625,8774.150390625,8727.0,8745.849609375,175500,0.0036543204794088346,0.007595795388909643
2015-01-23,8835.599609375,8835.599609375,8866.400390625,8795.400390625,8827.9501953125,191200,0.008468876599840858,0.004046131737575287
2015-01-27,8910.5,8910.5,8925.0498046875,8825.4501953125,8871.349609375,192000,0.00847711461998868,-0.0008697603950396093
2015-01-28,8914.2998046875,8914.2998046875,8985.0498046875,8874.0498046875,8902.75,185100,0.0004264412420740271,-0.0014358732562225196
2015-01-29,8952.349609375,8952.349609375,8966.650390625,8861.25,8901.5,256300,0.0042684008302582566,0.004942836454204347
2015-01-30,8808.900390625,8808.900390625,8996.599609375,8775.099609375,8996.599609375,267300,-0.01602363904552817,-0.0007265822453630388
2015-02-02,8797.400390625,8797.400390625,8840.7998046875,8751.099609375,8802.5,210100,-0.0013054977908750764,0.002927001029467746
2015-02-03,8756.5498046875,8756.5498046875,8837.2998046875,8726.650390625,8823.150390625,208700,-0.004643483770618517,0.003722994405861657
2015-02-04,8723.7001953125,8723.7001953125,8792.849609375,8704.400390625,8789.150390625,195300,-0.003751432939651078,0.0010774572546119465
2015-02-05,8711.7001953125,8711.7001953125,8838.4501953125,8683.650390625,8733.099609375,173600,-0.0013755630903555804,-0.001704671373504163
2015-02-06,8661.0498046875,8661.0498046875,8726.2001953125,8645.5498046875,8696.849609375,171300,-0.005814064934449137,-0.008849898775667553
2015-02-09,8526.349609375,8526.349609375,8605.5498046875,8516.349609375,8584.400390625,146800,-0.01555240973670402,-0.00565892817096636
2015-02-10,8565.5498046875,8565.5498046875,8646.25,8470.5,8478.099609375,196200,0.0045975355349490155,0.004407189364463271
2015-02-11,8627.400390625,8627.400390625,8651.9501953125,8593.650390625,8603.2998046875,161600,0.007220854159723844,0.005743306493731781
2015-02-12,8711.5498046875,8711.5498046875,8732.5498046875,8599.25,8676.9501953125,158800,0.009753739278629103,0.0034379870383549616
2015-02-13,8805.5,8805.5,8822.099609375,8729.650390625,8741.5,221900,0.0107845558389561,0.0029413878399864313
2015-02-16,8809.349609375,8809.349609375,8870.099609375,8793.400390625,8831.400390625,136400,0.00043718237181300523,0.000249756839047377
2015-02-18,8869.099609375,8869.099609375,8894.2998046875,8808.900390625,8811.5498046875,147600,0.006782566551384539,0.0015728987075254164
2015-02-19,8895.2998046875,8895.2998046875,8913.4501953125,8794.4501953125,8883.0498046875,213300,0.0029540986646272582,2.2505740885137016e-05
2015-02-20,8833.599609375,8833.599609375,8899.9501953125,8816.2998046875,8895.5,197600,-0.006936269340802492,0.0026319961316023655
2015-02-23,8754.9501953125,8754.9501953125,8869.0,8736.099609375,8856.849609375,139600,-0.008903438863023694,0.002050290968201196
2015-02-24,8762.099609375,8762.099609375,8800.5,8726.75,8772.900390625,149800,0.0008166139044774035,0.004542379455195311
2015-02-25,8767.25,8767.25,8840.650390625,8751.400390625,8801.900390625,135200,0.0005878032497472763,0.0013402150047050476
2015-02-26,8683.849609375,8683.849609375,8786.0498046875,8669.4501953125,8779.0,217500,-0.00951271956713906,0.00525693012644024
2015-02-27,8844.599609375,8844.599609375,8856.9501953125,8717.4501953125,8729.5,249500,0.018511375395821705,0.012352170230995885
2015-03-02,8956.75,8956.75,8972.349609375,8885.4501953125,8953.849609375,218100,0.01268009809128312,0.0006810069919334083
2015-03-03,8996.25,8996.25,9008.400390625,8925.5498046875,8962.849609375,177800,0.004410081781896391,0.012549716895928764
2015-03-04,8922.650390625,8922.650390625,9119.2001953125,8893.9501953125,9109.150390625,248400,-0.008181143184660233,0.000756501678816468
2015-03-05,8937.75,8937.75,8957.5498046875,8849.349609375,8929.400390625,160100,0.0016922784950608172,-0.005213796467231635
2015-03-09,8756.75,8756.75,8891.2998046875,8740.4501953125,8891.150390625,155500,-0.02025118178512486,0.001484569046735329
2015-03-10,8712.0498046875,8712.0498046875,8778.0,8677.349609375,8769.75,163800,-0.005104655872612551,0.0019169076953067243
2015-03-11,8699.9501953125,8699.9501953125,8755.599609375,8682.349609375,8728.75,172800,-0.0013888361116221049,0.0046782101504936335
2015-03-12,8776.0,8776.0,8787.2001953125,8732.900390625,8740.650390625,173900,0.008741406902360804,0.007754079841328698
2015-03-13,8647.75,8647.75,8849.75,8631.75,8844.0498046875,179200,-0.014613719234275346,0.0010407331386776963
2015-03-16,8633.150390625,8633.150390625,8663.5498046875,8612.0,8656.75,163300,-0.0016882552542568652,0.006480741817118885
2015-03-17,8723.2998046875,8723.2998046875,8742.5498046875,8630.7998046875,8689.099609375,177000,0.010442238346779709,0.0022469233405193467
2015-03-18,8685.900390625,8685.900390625,8747.25,8664.0,8742.900390625,156400,-0.004287301239194297,0.007316432589543842
2015-03-19,8634.650390625,8634.650390625,8788.2001953125,8614.650390625,8749.4501953125,163500,-0.00590036699653107,-0.0007817340244984372
2015-03-20,8570.900390625,8570.900390625,8627.900390625,8553.0,8627.900390625,174600,-0.0073830435647072035,0.0024092467677125917
2015-03-23,8550.900390625,8550.900390625,8608.349609375,8540.5498046875,8591.5498046875,150700,-0.002333477124745964,-0.0016197809943716557
2015-03-24,8542.9501953125,8542.9501953125,8627.75,8535.849609375,8537.0498046875,156700,-0.000929749494125387,0.003037615193723031
2015-03-25,8530.7998046875,8530.7998046875,8573.75,8516.5498046875,8568.900390625,161000,-0.0014222710360253243,-0.006546819835616335
2015-03-26,8342.150390625,8342.150390625,8499.4501953125,8325.349609375,8474.9501953125,280100,-0.022113918786236364,0.006455123301962518
2015-03-27,8341.400390625,8341.400390625,8413.2001953125,8269.150390625,8396.0,193000,-8.990487642646094e-05,0.005940226145143335
2015-03-30,8492.2998046875,8492.2998046875,8492.2998046875,8380.75,8390.9501953125,134700,0.018090417315550278,0.0041566837605069296
2015-03-31,8491.0,8491.0,8550.4501953125,8454.150390625,8527.599609375,167200,-0.0001530568535489385,-0.0008597108335296477
2015-04-01,8586.25,8586.25,8603.400390625,8464.75,8483.7001953125,125500,0.011217759981156483,0.0034415262410831815
2015-04-06,8659.900390625,8659.900390625,8667.5498046875,8573.75,8615.7998046875,146900,0.00857771327704171,0.0028348830333055908
2015-04-07,8660.2998046875,8660.2998046875,8693.599609375,8586.849609375,8684.4501953125,148700,4.612224673294918e-05,0.004462939101032015
2015-04-08,8714.400390625,8714.400390625,8730.5,8679.7998046875,8698.9501953125,148200,0.006246964557533818,0.0047966357768536305
2015-04-09,8778.2998046875,8778.2998046875,8785.5,8682.4501953125,8756.2001953125,152700,0.007332623152276119,-0.0004499954889203295
2015-04-10,8780.349609375,8780.349609375,8787.400390625,8733.599609375,8774.349609375,139000,0.0002335081659441407,0.0024373050706489874
2015-04-13,8834.0,8834.0,8841.650390625,8762.099609375,8801.75,121600,0.006110279546012176,-0.008710685455343037
2015-04-16,8706.7001953125,8706.7001953125,8760.0,8645.650390625,8757.0498046875,142900,-0.014410211080767454,-0.0009935326163702518
2015-04-17,8606.0,8606.0,8699.849609375,8596.7001953125,8698.0498046875,150400,-0.01156582781691673,0.0014873117229259325
2015-04-20,8448.099609375,8448.099609375,8619.9501953125,8422.75,8618.7998046875,148900,-0.01834770981001632,-0.003787834125971834
2015-04-21,8377.75,8377.75,8469.349609375,8352.7001953125,8416.099609375,407800,-0.008327270348106652,0.002703636492495054
2015-04-22,8429.7001953125,8429.7001953125,8449.9501953125,8284.7001953125,8400.400390625,171800,0.006200972255378856,0.005753466775362925
2015-04-23,8398.2998046875,8398.2998046875,8504.9501953125,8361.849609375,8478.2001953125,156000,-0.0037249712205020824,0.0008811772379058169
2015-04-24,8305.25,8305.25,8413.2998046875,8273.349609375,8405.7001953125,173600,-0.011079600258562361,0.003046242399386001
2015-04-27,8213.7998046875,8213.7998046875,8334.4501953125,8202.349609375,8330.5498046875,171500,-0.011011130948797465,0.00021305608142552224
2015-04-28,8285.599609375,8285.599609375,8308.0,8185.14990234375,8215.5498046875,174600,0.008741362876475867,-0.0013034427436343643
2015-04-29,8239.75,8239.75,8308.2001953125,8219.2001953125,8274.7998046875,160400,-0.005533650132347967,-0.0018507843077762987
2015-04-30,8181.5,8181.5,8229.400390625,8144.75,8224.5,267700,-0.007069389241178392,0.0059340957877529465
2015-05-04,8331.9501953125,8331.9501953125,8346.0,8220.4501953125,8230.0498046875,131700,0.01838907233545184,0.0007741519285759946
2015-05-05,8324.7998046875,8324.7998046875,8355.650390625,8280.599609375,8338.400390625,155500,-0.0008581893143123631,-0.000985032133491437
2015-05-06,8097.0,8097.0,8331.9501953125,8083.0,8316.599609375,209600,-0.02736399793773192,-0.0024700506360380015
2015-05-07,8057.2998046875,8057.2998046875,8122.60009765625,7997.14990234375,8077.0,161600,-0.004903074634123761,0.009209064712887072
2015-05-08,8191.5,8191.5,8224.9501953125,8123.4501953125,8131.5,183100,0.01665572816769534,0.006311444218091822
2015-05-11,8325.25,8325.25,8332.75,8224.650390625,8243.2001953125,192000,0.01632790087285607,0.00010815178222878252
2015-05-12,8126.9501953125,8126.9501953125,8326.650390625,8115.2998046875,8326.150390625,173400,-0.02381908107113906,0.006718339360131997
2015-05-13,8235.4501953125,8235.4501953125,8254.9501953125,8089.7998046875,8181.5498046875,169800,0.013350641678914421,-0.00036427881036882326
2015-05-14,8224.2001953125,8224.2001953125,8236.25,8137.2998046875,8232.4501953125,134800,-0.0013660455388829762,0.001957589673482918
2015-05-15,8262.349609375,8262.349609375,8279.2001953125,8212.2001953125,8240.2998046875,129800,0.004638677701966021,0.0027353703251500328
2015-05-18,8373.650390625,8373.650390625,8384.599609375,8271.9501953125,8284.9501953125,148700,0.013470838987944989,-0.002083941232134179
2015-05-19,8365.650390625,8365.650390625,8427.7998046875,8335.0,8356.2001953125,140300,-0.0009553778372400901,0.0032274836670509455
2015-05-20,8423.25,8423.25,8440.349609375,8391.4501953125,8392.650390625,123600,0.006885251795789804,0.001335588994746617
2015-05-21,8421.0,8421.0,8446.349609375,8382.5,8434.5,143800,-0.00026711779894939003,0.0013656335352096871
2015-05-22,8458.9501953125,8458.9501953125,8489.5498046875,8420.599609375,8432.5,187300,0.004506613859696085,-0.0024589108822304917
2015-05-25,8370.25,8370.25,8441.9501953125,8364.150390625,8438.150390625,121300,-0.010485957862909845,0.000818327932259999
2015-05-26,8339.349609375,8339.349609375,8378.900390625,8320.0498046875,8377.099609375,116800,-0.0036916926764433144,-0.004388784628222675
2015-05-27,8334.599609375,8334.599609375,8342.849609375,8277.9501953125,8302.75,165500,-0.0005695887835976965,0.0013318679310057036
2015-05-28,8319.0,8319.0,8364.5,8270.150390625,8345.7001953125,232300,-0.00187166871908917,0.0009736277647554026
2015-05-29,8433.650390625,8433.650390625,8443.900390625,8305.7001953125,8327.099609375,363900,0.013781751487558669,-0.0019446372407411205
2015-06-01,8433.400390625,8433.400390625,8467.150390625,8405.400390625,8417.25,122200,-2.964315431874809e-05,0.0011145461649073596
2015-06-02,8236.4501953125,8236.4501953125,8445.349609375,8226.0498046875,8442.7998046875,146800,-0.023353592405198742,-0.0004856461102960008
2015-06-03,8135.10009765625,8135.10009765625,8236.7001953125,8094.14990234375,8232.4501953125,171400,-0.012305070176218624,0.0024646045465717137
2015-06-04,8130.64990234375,8130.64990234375,8160.0498046875,8056.75,8155.14990234375,154700,-0.0005470363313393456,-0.0014144010796338646
2015-06-05,8114.7001953125,8114.7001953125,8191.0,8100.14990234375,8119.14990234375,162100,-0.001961676769116849,0.0011891877840815024
2015-06-08,8044.14990234375,8044.14990234375,8131.0,8030.5498046875,8124.35009765625,135900,-0.008694134258897646,-0.002194128970496645
2015-06-09,8022.39990234375,8022.39990234375,8057.14990234375,8005.14990234375,8026.5,136000,-0.0027038282806817193,0.00021813921286684135
2015-06-10,8124.4501953125,8124.4501953125,8152.25,8023.7998046875,8024.14990234375,136800,0.012720668903445809,0.004043302449432629
2015-06-11,7965.35009765625,7965.35009765625,8163.0498046875,7958.25,8157.2998046875,166200,-0.019582875620068996,-0.0006904906793260279
2015-06-12,7982.89990234375,7982.89990234375,7995.60009765625,7940.2998046875,7959.85009765625,136600,0.0022032684655837187,0.00046351518342513387
2015-06-15,8013.89990234375,8013.89990234375,8057.7001953125,7944.85009765625,7986.60009765625,133000,0.003883300602441242,-0.0012103603924992212
2015-06-16,8047.2998046875,8047.2998046875,8061.85009765625,7952.35009765625,8004.2001953125,124000,0.004167746384501569,0.004585437540615356
2015-06-17,8091.5498046875,8091.5498046875,8136.85009765625,8048.9501953125,8084.2001953125,152500,0.005498738840850059,0.0027374719503263645
2015-06-18,8174.60009765625,8174.60009765625,8186.89990234375,8101.7998046875,8113.7001953125,144800,0.010263830165222254,0.003247901139086018
2015-06-19,8224.9501953125,8224.9501953125,8250.7998046875,8195.650390625,8201.150390625,147100,0.006159334653041526,0.004176269589398318
2015-06-22,8353.099609375,8353.099609375,8369.4501953125,8257.400390625,8259.2998046875,122700,0.015580570218593381,0.0029151556998279204
2015-06-23,8381.5498046875,8381.5498046875,8398.4501953125,8334.9501953125,8377.4501953125,131700,0.003405944696333929,0.0021297476425561346
2015-06-24,8360.849609375,8360.849609375,8421.349609375,8338.900390625,8399.400390625,130100,-0.002469733616678238,-0.002942237993064256
2015-06-25,8398.0,8398.0,8423.150390625,8329.5,8336.25,201200,0.00444337505883885,-0.00048223442337458344
2015-06-26,8381.099609375,8381.099609375,8408.5498046875,8339.7001953125,8393.9501953125,110600,-0.0020124304149797823,-0.015994297996118956
2015-06-29,8318.400390625,8318.400390625,8329.4501953125,8195.650390625,8247.0498046875,132000,-0.00748102536329065,-0.00024653553011355633
2015-06-30,8368.5,8368.5,8378.0,8298.9501953125,8316.349609375,158500,0.006022745602803914,0.0009260918922149308
2015-07-01,8453.0498046875,8453.0498046875,8481.599609375,8370.150390625,8376.25,131800,0.01010334046573469,0.0022359256199482314
2015-07-02,8444.900390625,8444.900390625,8479.25,8433.2001953125,8471.9501953125,112000,-0.0009640797405430224,-0.0005684828746268522
2015-07-03,8484.900390625,8484.900390625,8497.75,8424.150390625,8440.099609375,88400,0.004736586359787687,-0.011638321660099815
2015-07-06,8522.150390625,8522.150390625,8533.150390625,8386.150390625,8386.150390625,101500,0.004390151714822377,0.0003930474377318305
2015-07-07,8510.7998046875,8510.7998046875,8561.349609375,8483.849609375,8525.5,122200,-0.0013318922357890006,-0.008412794451534977
2015-07-08,8363.0498046875,8363.0498046875,8457.5,8341.400390625,8439.2001953125,188100,-0.01736029555278973,0.0002152091317799698
2015-07-09,8328.5498046875,8328.5498046875,8400.2998046875,8323.0,8364.849609375,131300,-0.004125289314989233,0.004460607368174774
2015-07-10,8360.5498046875,8360.5498046875,8377.099609375,8315.400390625,8365.7001953125,154100,0.0038422055160178825,0.004389686823218719
2015-07-13,8459.650390625,8459.650390625,8471.650390625,8355.400390625,8397.25,117800,0.011853357524637564,0.0012942873812058497
2015-07-14,8454.099609375,8454.099609375,8480.25,8424.099609375,8470.599609375,101700,-0.0006561478304294432,0.0011001504216587854
2015-07-15,8523.7998046875,8523.7998046875,8531.400390625,8462.9501953125,8463.400390625,105500,0.008244543893853207,0.002622138770224103
2015-07-16,8608.0498046875,8608.0498046875,8616.099609375,8542.900390625,8546.150390625,116000,0.009884089482447456,0.0018123252410788826
2015-07-17,8609.849609375,8609.849609375,8642.9501953125,8593.150390625,8623.650390625,105000,0.00020908390731189108,0.0016319427037030376
2015-07-20,8603.4501953125,8603.4501953125,8624.099609375,8559.0,8623.900390625,90600,-0.0007432666484129546,-0.0002266759576945443
2015-07-21,8529.4501953125,8529.4501953125,8646.75,8517.900390625,8601.5,164100,-0.00860120048586066,-0.002016565536891557
2015-07-22,8633.5,8633.5,8643.900390625,8498.650390625,8512.25,136800,0.012198887654526924,0.0012104239662362737
2015-07-23,8589.7998046875,8589.7998046875,8654.75,8573.7998046875,8643.9501953125,132900,-0.005061700968610694,-0.00019202008195817744
2015-07-24,8521.5498046875,8521.5498046875,8589.150390625,8513.5,8588.150390625,127400,-0.00794547038951432,-0.003455967046780639
2015-07-27,8361.0,8361.0,8492.2001953125,8351.5498046875,8492.099609375,136600,-0.01884044667546103,0.001207942755053315
2015-07-28,8337.0,8337.0,8397.400390625,8321.75,8371.099609375,174600,-0.002870470039468942,0.0034304437297589807
2015-07-29,8375.0498046875,8375.0498046875,8381.5,8338.4501953125,8365.599609375,141000,0.004563968416396724,0.005008948757417642
2015-07-30,8421.7998046875,8421.7998046875,8458.900390625,8408.2998046875,8417.0,215200,0.005582056356707721,0.004072740445386636
2015-07-31,8532.849609375,8532.849609375,8548.9501953125,8448.0,8456.099609375,203300,0.013185994355469077,-0.002601618423651808
2015-08-03,8543.0498046875,8543.0498046875,8563.9501953125,8508.099609375,8510.650390625,156700,0.0011954031512864116,0.002463968391703597
2015-08-04,8516.900390625,8516.900390625,8565.150390625,8448.25,8564.099609375,187400,-0.00306089917070973,0.0035869627782811886
2015-08-05,8567.9501953125,8567.9501953125,8591.849609375,8545.849609375,8547.4501953125,132800,0.005993941733038577,0.0020832998521356227
2015-08-06,8588.650390625,8588.650390625,8606.2998046875,8551.5,8585.7998046875,134900,0.002416003226048735,-0.0009140651418375612
2015-08-07,8564.599609375,8564.599609375,8595.9501953125,8552.7001953125,8580.7998046875,143700,-0.002800298085977815,0.0014478657719652066
2015-08-10,8525.599609375,8525.599609375,8621.5498046875,8497.7998046875,8577.0,123400,-0.004553627931107251,0.0026802321226031545
2015-08-11,8462.349609375,8462.349609375,8556.25,8441.2998046875,8548.4501953125,154400,-0.007418833032042493,-0.001967469418192702
2015-08-12,8349.4501953125,8349.4501953125,8446.9501953125,8337.9501953125,8445.7001953125,190000,-0.013341379081930671,0.00419189278111376
2015-08-13,8355.849609375,8355.849609375,8429.5,8339.75,8384.4501953125,189200,0.0007664473603414823,0.005564963728862393
2015-08-14,8518.5498046875,8518.5498046875,8530.099609375,8381.2001953125,8402.349609375,155900,0.01947141259339502,0.0014028438626869644
2015-08-17,8477.2998046875,8477.2998046875,8530.599609375,8428.0498046875,8530.5,174700,-0.004842373519645449,0.0033677946215506793
2015-08-18,8466.5498046875,8466.5498046875,8525.75,8433.599609375,8505.849609375,153300,-0.0012680924643075908,0.00017716779970622376
2015-08-19,8495.150390625,8495.150390625,8520.4501953125,8425.9501953125,8468.0498046875,130500,0.0033780685872379923,-0.0028369816694588934
2015-08-20,8372.75,8372.75,8501.349609375,8359.75,8471.0498046875,184100,-0.014408266481082843,-0.008043905452211009
2015-08-21,8299.9501953125,8299.9501953125,8322.2001953125,8225.0498046875,8305.400390625,201300,-0.008694849922367243,-0.029397766764649003
2015-08-24,7809.0,7809.0,8060.0498046875,7769.39990234375,8055.9501953125,312400,-0.05915098088055637,0.011064144236617945
2015-08-25,7880.7001953125,7880.7001953125,7925.39990234375,7667.25,7895.39990234375,299100,0.009181738418811536,-0.001960510478712263
2015-08-26,7791.85009765625,7791.85009765625,7930.0498046875,7777.10009765625,7865.25,216600,-0.011274391291918318,0.01665201439630204
2015-08-27,7948.9501953125,7948.9501953125,7963.60009765625,7862.2998046875,7921.60009765625,305000,0.02016210472317792,0.013177840774718952
2015-08-28,8001.9501953125,8001.9501953125,8091.7998046875,7961.64990234375,8053.7001953125,195600,0.006667547122292117,0.0009122532019476548
2015-08-31,7971.2998046875,7971.2998046875,8043.60009765625,7947.9501953125,8009.25,198200,-0.003830365083121179,-0.007947211988908909
2015-09-01,7785.85009765625,7785.85009765625,7929.10009765625,7746.5,7907.9501953125,184900,-0.023264675971940818,0.009093394272876143
2015-09-02,7717.0,7717.0,7862.5498046875,7699.25,7856.64990234375,215300,-0.0088429775544967,0.007444628134313902
2015-09-03,7823.0,7823.0,7845.60009765625,7754.0498046875,7774.4501953125,155800,0.013735907736166952,-0.002505445181675836
2015-09-04,7655.0498046875,7655.0498046875,7804.89990234375,7626.85009765625,7803.39990234375,193600,-0.021468770971813878,0.00402352613694168
2015-09-07,7558.7998046875,7558.7998046875,7705.0498046875,7545.89990234375,7685.85009765625,141400,-0.01257339958011272,0.003823409981975834
2015-09-08,7688.25,7688.25,7720.89990234375,7539.5,7587.7001953125,172200,0.017125760525132927,0.015296081378239457
2015-09-09,7818.60009765625,7818.60009765625,7846.0498046875,7764.5498046875,7805.85009765625,208400,0.01695445617094271,-0.011453494468350423
2015-09-10,7788.10009765625,7788.10009765625,7819.85009765625,7678.5,7729.0498046875,160300,-0.0039009540862875447,0.005867889017631356
2015-09-11,7789.2998046875,7789.2998046875,7864.85009765625,7759.89990234375,7833.7998046875,136400,0.00015404360706794407,0.0027987487342098216
2015-09-14,7872.25,7872.25,7879.9501953125,7761.85009765625,7811.10009765625,122800,0.010649249276883932,-0.0006224271769507128
2015-09-15,7829.10009765625,7829.10009765625,7880.0,7799.75,7867.35009765625,136500,-0.005481266771729776,0.007376326688847357
2015-09-16,7899.14990234375,7899.14990234375,7913.89990234375,7853.2998046875,7886.85009765625,140000,0.008947363530129149,0.008646537135405419
2015-09-18,7981.89990234375,7981.89990234375,8055.0,7955.85009765625,7967.4501953125,241800,0.010475810818002973,-0.008819943021720733
2015-09-21,7977.10009765625,7977.10009765625,7987.89990234375,7908.35009765625,7911.5,121800,-0.0006013361162410247,0.004725991471803859
2015-09-22,7812.0,7812.0,8021.60009765625,7787.75,8014.7998046875,168400,-0.02069675641963653,-0.00955579907114057
2015-09-23,7845.9501953125,7845.9501953125,7882.89990234375,7723.25,7737.35009765625,146700,0.004345903137800811,-0.0009623172185391216
2015-09-24,7868.5,7868.5,7894.5,7804.10009765625,7838.39990234375,202500,0.002874069312977845,0.003088238506386176
2015-09-28,7795.7001953125,7795.7001953125,7893.9501953125,7787.9501953125,7892.7998046875,136300,-0.009252056260723118,-0.00897930888133569
2015-09-29,7843.2998046875,7843.2998046875,7926.5498046875,7691.2001953125,7725.7001953125,240700,0.006105879931557867,0.01032093599993722
2015-09-30,7948.89990234375,7948.89990234375,7957.7001953125,7874.5,7924.25,210700,0.013463733413981993,0.005428411839860647
2015-10-01,7950.89990234375,7950.89990234375,8008.25,7930.64990234375,7992.0498046875,156900,0.00025160714370175974,0.006816862993901163
2015-10-05,8119.2998046875,8119.2998046875,8128.89990234375,8005.10009765625,8005.10009765625,183100,0.02117998017986733,0.007531485731035126
2015-10-06,8152.89990234375,8152.89990234375,8180.9501953125,8096.5,8180.4501953125,178500,0.004138299910646515,-0.0008217575478050021
2015-10-07,8177.39990234375,8177.39990234375,8188.89990234375,8132.89990234375,8146.2001953125,193900,0.0030050657181448504,0.0023662897604779243
2015-10-08,8129.35009765625,8129.35009765625,8196.75,8105.85009765625,8196.75,171700,-0.005875926976951273,0.007011630611951869
2015-10-09,8189.7001953125,8189.7001953125,8232.2001953125,8139.64990234375,8186.35009765625,199700,0.00742372968703231,0.005103948092193278
2015-10-12,8143.60009765625,8143.60009765625,8244.5,8128.2001953125,8231.5,199100,-0.005629033610123568,-0.002658517373658964
2015-10-13,8131.7001953125,8131.7001953125,8150.25,8088.60009765625,8121.9501953125,145900,-0.0014612581906097155,-0.0036032185477816725
2015-10-14,8107.89990234375,8107.89990234375,8139.2998046875,8096.35009765625,8102.39990234375,138900,-0.002926853228365389,0.0032622745262129715
2015-10-15,8179.5,8179.5,8190.5498046875,8129.7998046875,8134.35009765625,167200,0.008830905477206663,0.0017299823491656596
2015-10-16,8238.150390625,8238.150390625,8246.400390625,8147.64990234375,8193.650390625,156400,0.007170412693318751,0.002961758757192179
2015-10-19,8275.0498046875,8275.0498046875,8283.0498046875,8239.2001953125,8262.5498046875,124500,0.004479089639404021,0.0006344372691298172
2015-10-20,8261.650390625,8261.650390625,8294.0498046875,8229.2001953125,8280.2998046875,155100,-0.0016192547934769097,-0.0003995304925691334
2015-10-21,8251.7001953125,8251.7001953125,8294.400390625,8217.150390625,8258.349609375,144800,-0.001204383487806604,0.006853109462171769
2015-10-23,8295.4501953125,8295.4501953125,8328.099609375,8280.75,8308.25,152000,0.005301937657024025,0.004604957466212811
2015-10-26,8260.5498046875,8260.5498046875,8336.2998046875,8252.0498046875,8333.650390625,133900,-0.004207172582956553,-0.003655954630933045
2015-10-27,8232.900390625,8232.900390625,8241.9501953125,8217.0498046875,8230.349609375,156700,-0.0033471638954116756,-0.005344469894395187
2015-10-28,8171.2001953125,8171.2001953125,8209.099609375,8131.7998046875,8188.89990234375,188900,-0.007494344931314734,0.0005201194314683466
2015-10-29,8111.75,8111.75,8179.60009765625,8098.0,8175.4501953125,217500,-0.00727557689096936,0.0014546558618671046
2015-10-30,8065.7998046875,8065.7998046875,8146.10009765625,8044.39990234375,8123.5498046875,199500,-0.005664646384873739,-0.0013947779851245512
2015-11-02,8050.7998046875,8050.7998046875,8060.7001953125,7995.60009765625,8054.5498046875,136100,-0.0018597039801661053,0.004415746737119308
2015-11-03,8060.7001953125,8060.7001953125,8100.35009765625,8031.75,8086.35009765625,132500,0.0012297400090901522,0.00548335826420554
2015-11-04,8040.2001953125,8040.2001953125,8116.10009765625,8027.2998046875,8104.89990234375,122100,-0.0025432033822472278,-0.0012251060193740893
2015-11-05,7955.4501953125,7955.4501953125,8031.2001953125,7944.10009765625,8030.35009765625,132100,-0.010540782311541208,0.00013822088605963678
2015-11-06,7954.2998046875,7954.2998046875,8002.64990234375,7926.14990234375,7956.5498046875,219500,-0.00014460408861305396,-0.02087547725943728
2015-11-09,7915.2001953125,7915.2001953125,7937.75,7771.7001953125,7788.25,211800,-0.004915531264230055,-0.004750365970341175
2015-11-10,7783.35009765625,7783.35009765625,7885.10009765625,7772.85009765625,7877.60009765625,165200,-0.01665783484975325,-0.002685206508961202
2015-11-13,7762.25,7762.25,7775.10009765625,7730.89990234375,7762.4501953125,160900,-0.002710927478722036,-0.003774653571773645
2015-11-16,7806.60009765625,7806.60009765625,7838.85009765625,7714.14990234375,7732.9501953125,149500,0.005713562131630656,0.005399264957405059
2015-11-17,7837.5498046875,7837.5498046875,7860.4501953125,7793.0,7848.75,145000,0.00396455648349936,-0.0018372964386316193
2015-11-18,7731.7998046875,7731.7998046875,7843.39990234375,7725.0498046875,7823.14990234375,143600,-0.01349273722468125,0.007333376024315275
2015-11-19,7842.75,7842.75,7854.89990234375,7765.4501953125,7788.5,132600,0.014349853606560714,-0.00010839280306651489
2015-11-20,7856.5498046875,7856.5498046875,7906.9501953125,7817.7998046875,7841.89990234375,151900,0.0017595619760288894,0.0016483310911836746
2015-11-23,7849.25,7849.25,7877.5,7825.2001953125,7869.5,127000,-0.0009291361817810317,-0.0015606586616555562
2015-11-24,7831.60009765625,7831.60009765625,7870.35009765625,7812.64990234375,7837.0,130600,-0.002248610038379506,0.0007086425019531273
2015-11-26,7883.7998046875,7883.7998046875,7897.10009765625,7832.0,7837.14990234375,219800,0.006665267171503286,0.003399413180534605
2015-11-27,7942.7001953125,7942.7001953125,7959.2998046875,7879.4501953125,7910.60009765625,150300,0.0074710662477730505,-0.0008120909959948852
2015-11-30,7935.25,7935.25,7966.0,7922.7998046875,7936.25,216300,-0.0009379927643368147,0.002885845101761042
2015-12-01,7954.89990234375,7954.89990234375,7972.14990234375,7934.14990234375,7958.14990234375,138600,0.0024762801857218797,0.0027404861451905127
2015-12-02,7931.35009765625,7931.35009765625,7979.2998046875,7910.7998046875,7976.7001953125,126300,-0.00296041496142041,-0.003662717268946958
2015-12-03,7864.14990234375,7864.14990234375,7912.2998046875,7853.2998046875,7902.2998046875,125700,-0.008472730932953976,-0.005919241782716633
2015-12-04,7781.89990234375,7781.89990234375,7821.39990234375,7775.7001953125,7817.60009765625,152500,-0.010458854551524621,0.004452627607470783
2015-12-07,7765.39990234375,7765.39990234375,7825.39990234375,7746.0498046875,7816.5498046875,137600,-0.0021203048364873966,-0.0034640717390009845
2015-12-08,7701.7001953125,7701.7001953125,7771.25,7685.4501953125,7738.5,135100,-0.00820301695113268,-0.0008050424133977385
2015-12-09,7612.5,7612.5,7702.85009765625,7606.89990234375,7695.5,140000,-0.011581883616657795,0.004045951354679778
2015-12-10,7683.2998046875,7683.2998046875,7691.9501953125,7610.0,7643.2998046875,140800,0.00930046695402309,0.002121522442584567
2015-12-11,7610.4501953125,7610.4501953125,7703.0498046875,7575.2998046875,7699.60009765625,167800,-0.00948155235730297,-0.006865559679003264
2015-12-14,7650.0498046875,7650.0498046875,7663.9501953125,7551.0498046875,7558.2001953125,148900,0.005203320218742258,0.0011895475047332127
2015-12-15,7700.89990234375,7700.89990234375,7705.0,7625.10009765625,7659.14990234375,134300,0.006647028314128445,0.003161980802897979
2015-12-16,7750.89990234375,7750.89990234375,7776.60009765625,7715.75,7725.25,154300,0.006492747683265243,0.0041478928574509855
2015-12-17,7844.35009765625,7844.35009765625,7852.89990234375,7737.5498046875,7783.0498046875,175900,0.012056689737954374,-0.001969595329142204
2015-12-18,7761.9501953125,7761.9501953125,7836.14990234375,7753.35009765625,7828.89990234375,191400,-0.010504363180879661,-0.002100025452185128
2015-12-21,7834.4501953125,7834.4501953125,7840.75,7733.4501953125,7745.64990234375,126300,0.009340436124388285,-0.0006446263417146936
2015-12-22,7786.10009765625,7786.10009765625,7846.2998046875,7776.85009765625,7829.39990234375,125700,-0.006171472975241898,0.005696060556632299
2015-12-23,7865.9501953125,7865.9501953125,7871.4501953125,7826.10009765625,7830.4501953125,117900,0.01025546764808305,0.002898544247214696
2015-12-24,7861.0498046875,7861.0498046875,7888.75,7835.5,7888.75,93500,-0.0006229877514251081,0.0002735500573622929
2015-12-28,7925.14990234375,7925.14990234375,7937.2001953125,7863.0,7863.2001953125,122900,0.008154139618607559,0.0005110683102098612
2015-12-29,7928.9501953125,7928.9501953125,7942.14990234375,7902.75,7929.2001953125,113000,0.0004795231655652099,0.0012170466588949935
2015-12-30,7896.25,7896.25,7944.75,7889.85009765625,7938.60009765625,106800,-0.004124151937772491,0.00019627097514640646
2015-12-31,7946.35009765625,7946.35009765625,7955.5498046875,7891.14990234375,7897.7998046875,150900,0.006344796283837217,-0.0027434347468757725
2016-01-04,7791.2998046875,7791.2998046875,7937.5498046875,7781.10009765625,7924.5498046875,134700,-0.01951213966956744,0.004761734060590106
2016-01-05,7784.64990234375,7784.64990234375,7831.2001953125,7763.25,7828.39990234375,145200,-0.0008535035886758635,0.00043674441193908287
2016-01-06,7741.0,7741.0,7800.9501953125,7721.2001953125,7788.0498046875,147100,-0.005607176031205752,-0.008739168368912309
2016-01-07,7568.2998046875,7568.2998046875,7674.9501953125,7556.60009765625,7673.35009765625,188900,-0.022309804329221028,0.005727851535347606
2016-01-08,7601.35009765625,7601.35009765625,7634.10009765625,7581.0498046875,7611.64990234375,157400,0.004366937597831466,-0.009721944311778974
2016-01-11,7563.85009765625,7563.85009765625,7605.10009765625,7494.35009765625,7527.4501953125,189000,-0.00493333414699082,0.003087065099754538
2016-01-12,7510.2998046875,7510.2998046875,7588.2998046875,7487.7998046875,7587.2001953125,163900,-0.007079766557687717,0.0063379756992578695
2016-01-13,7562.39990234375,7562.39990234375,7590.9501953125,7425.7998046875,7557.89990234375,215200,0.006937152844914696,-0.012562149744363205
2016-01-14,7536.7998046875,7536.7998046875,7604.7998046875,7443.7998046875,7467.39990234375,200800,-0.003385181686611949,0.003297168334071232
2016-01-15,7437.7998046875,7437.7998046875,7566.5,7427.2998046875,7561.64990234375,197500,-0.013135548583687595,-0.002346084526267167
2016-01-18,7351.0,7351.0,7463.64990234375,7336.39990234375,7420.35009765625,233600,-0.01167009155487031,0.004189879565705379
2016-01-19,7435.10009765625,7435.10009765625,7462.75,7364.14990234375,7381.7998046875,188300,0.011440633608522655,-0.010504242932905417
2016-01-20,7309.2998046875,7309.2998046875,7470.89990234375,7241.5,7357.0,225600,-0.01691978471256972,0.00921430225273534
2016-01-21,7276.7998046875,7276.7998046875,7398.7001953125,7250.0,7376.64990234375,240700,-0.004446390334017725,0.010842732072163797
2016-01-22,7422.4501953125,7422.4501953125,7433.39990234375,7327.60009765625,7355.7001953125,229200,0.020015720445019758,0.006237806043715821
2016-01-25,7436.14990234375,7436.14990234375,7487.14990234375,7421.2001953125,7468.75,163200,0.0018457122204607046,0.004498321813275474
2016-01-27,7437.75,7437.75,7477.89990234375,7419.7001953125,7469.60009765625,187600,0.00021517824106065397,-0.001512554199858851
2016-01-28,7424.64990234375,7424.64990234375,7468.85009765625,7409.60009765625,7426.5,274500,-0.001761298464757477,-0.0015219309780428736
2016-01-29,7563.5498046875,7563.5498046875,7575.64990234375,7402.7998046875,7413.35009765625,298700,0.018707939656508632,0.003430954509801465
2016-02-01,7555.9501953125,7555.9501953125,7600.4501953125,7541.25,7589.5,200400,-0.0010047675458274563,0.0014160637318503255
2016-02-02,7455.5498046875,7455.5498046875,7576.2998046875,7428.0498046875,7566.64990234375,230200,-0.013287592960483763,-0.00846344146682887
2016-02-03,7361.7998046875,7361.7998046875,7419.39990234375,7350.2998046875,7392.4501953125,192000,-0.01257452534768888,0.006744327738087419
2016-02-04,7404.0,7404.0,7457.0498046875,7365.9501953125,7411.4501953125,222700,0.005732320415128722,0.0019246353322528442
2016-02-05,7489.10009765625,7489.10009765625,7503.14990234375,7406.64990234375,7418.25,249800,0.011493800331746407,8.01294746264336e-05
2016-02-08,7387.25,7387.25,7512.5498046875,7363.2001953125,7489.7001953125,171500,-0.013599777854234385,-0.011276158880165199
2016-02-09,7298.2001953125,7298.2001953125,7323.4501953125,7275.14990234375,7303.9501953125,212100,-0.012054527014450533,-0.00464503435337027
2016-02-10,7215.7001953125,7215.7001953125,7271.85009765625,7177.75,7264.2998046875,246900,-0.011304156886925099,-0.0016769124726261353
2016-02-11,6976.35009765625,6976.35009765625,7208.64990234375,6959.9501953125,7203.60009765625,292300,-0.03317073758299127,0.006780021648195467
2016-02-12,6980.9501953125,6980.9501953125,7034.7998046875,6869.0,7023.64990234375,333900,0.0006593845767279838,0.010944054921785629
2016-02-15,7162.9501953125,7162.9501953125,7182.7998046875,7056.7998046875,7057.35009765625,354200,0.02607094949942601,0.005346931591478032
2016-02-16,7048.25,7048.25,7204.64990234375,7037.7001953125,7201.25,253800,-0.016012982386442,0.0015039332680097939
2016-02-17,7108.4501953125,7108.4501953125,7123.7001953125,6960.64990234375,7058.85009765625,260000,0.008541154940942874,0.00969968208776617
2016-02-18,7191.75,7191.75,7215.10009765625,7127.85009765625,7177.39990234375,246700,0.011718419964794835,-0.002947849315187545
2016-02-19,7210.75,7210.75,7226.85009765625,7145.9501953125,7170.5498046875,192300,0.0026419160844022294,-0.00026348193235792294
2016-02-22,7234.5498046875,7234.5498046875,7252.39990234375,7200.7001953125,7208.85009765625,154400,0.0033006004489823937,0.0007947972099486833
2016-02-23,7109.5498046875,7109.5498046875,7241.7001953125,7090.7001953125,7240.2998046875,194400,-0.017278200216274464,-0.004859633259017393
2016-02-24,7018.7001953125,7018.7001953125,7090.7998046875,7009.75,7075.0,199700,-0.012778531956425754,0.0015885993180326796
2016-02-25,6970.60009765625,6970.60009765625,7034.2001953125,6961.39990234375,7029.85009765625,283100,-0.006853134671341854,0.009855637401197326
2016-02-26,7029.75,7029.75,7052.89990234375,6985.10009765625,7039.2998046875,206700,0.008485625558068977,0.002944655971051535
2016-02-29,6987.0498046875,6987.0498046875,7094.60009765625,6825.7998046875,7050.4501953125,473400,-0.006074212498666354,0.0073278703807364565
2016-03-01,7222.2998046875,7222.2998046875,7235.5,7035.10009765625,7038.25,275100,0.03366943224623564,0.013762983165069631
2016-03-02,7368.85009765625,7368.85009765625,7380.35009765625,7308.14990234375,7321.7001953125,338500,0.020291361052837242,0.008237337742907247
2016-03-03,7475.60009765625,7475.60009765625,7483.9501953125,7406.0498046875,7429.5498046875,278600,0.014486656477644022,0.003986275924101834
2016-03-04,7485.35009765625,7485.35009765625,7505.89990234375,7444.10009765625,7505.39990234375,281700,0.0013042431206367056,0.0001402479074197327
2016-03-08,7485.2998046875,7485.2998046875,7527.14990234375,7442.14990234375,7486.39990234375,257000,-6.71885323921817e-06,-0.00657284388267787
2016-03-09,7531.7998046875,7531.7998046875,7539.0,7424.2998046875,7436.10009765625,245100,0.006212176026787919,0.0017990776866263491
2016-03-10,7486.14990234375,7486.14990234375,7547.10009765625,7447.39990234375,7545.35009765625,224700,-0.006060955352974129,-0.00017362792683228712
2016-03-11,7510.2001953125,7510.2001953125,7543.9501953125,7460.60009765625,7484.85009765625,198700,0.0032126384433233124,0.004314119664076577
2016-03-14,7538.75,7538.75,7583.7001953125,7515.0498046875,7542.60009765625,166900,0.0038014705260878134,-0.00038466620378041494
2016-03-15,7460.60009765625,7460.60009765625,7545.2001953125,7452.7998046875,7535.85009765625,193700,-0.010366427105786724,-0.00047587230548185033
2016-03-16,7498.75,7498.75,7508.0,7405.14990234375,7457.0498046875,195400,0.005113516586384925,0.007821290527587843
2016-03-17,7512.5498046875,7512.5498046875,7585.2998046875,7479.39990234375,7557.39990234375,239600,0.0018402806717785491,0.0029417572236873912
2016-03-18,7604.35009765625,7604.35009765625,7613.60009765625,7517.89990234375,7534.64990234375,237400,0.012219591930221929,0.0019528424474863915
2016-03-21,7704.25,7704.25,7713.5498046875,7617.7001953125,7619.2001953125,196800,0.013137204502793765,-0.0011292721955413754
2016-03-22,7714.89990234375,7714.89990234375,7728.2001953125,7643.7998046875,7695.5498046875,208900,0.001382341219943628,0.0003305672142259741
2016-03-23,7716.5,7716.5,7726.85009765625,7670.60009765625,7717.4501953125,199600,0.00020740355370829633,0.003175014579148483
2016-03-28,7615.10009765625,7615.10009765625,7749.39990234375,7587.7001953125,7741.0,242400,-0.013140659929210097,-0.0011228076924926222
2016-03-29,7597.0,7597.0,7652.89990234375,7582.25,7606.5498046875,216800,-0.0023768693023248355,0.0071212449198696515
2016-03-30,7735.2001953125,7735.2001953125,7741.9501953125,7643.4501953125,7651.10009765625,232600,0.01819141704784788,-0.0009760953534628802
2016-03-31,7738.39990234375,7738.39990234375,7777.60009765625,7702.0,7727.64990234375,380100,0.00041365536126503066,-0.002629755235327935
2016-04-01,7713.0498046875,7713.0498046875,7740.14990234375,7666.10009765625,7718.0498046875,183900,-0.0032758836421172832,0.0026059857209834725
2016-04-04,7758.7998046875,7758.7998046875,7764.4501953125,7704.39990234375,7733.14990234375,155500,0.005931505845093277,-0.0028999330523268307
2016-04-05,7603.2001953125,7603.2001953125,7736.2998046875,7588.64990234375,7736.2998046875,203800,-0.02005459778469787,0.004320497755044395
2016-04-06,7614.35009765625,7614.35009765625,7638.64990234375,7591.75,7636.0498046875,165600,0.0014664749128432408,0.00210783645112933
2016-04-07,7546.4501953125,7546.4501953125,7630.75,7535.85009765625,7630.39990234375,234400,-0.00891736017820488,-0.0005433147440364605
2016-04-08,7555.2001953125,7555.2001953125,7569.35009765625,7526.7001953125,7542.35009765625,143400,0.0011594855559287076,0.002991265458329062
2016-04-11,7671.39990234375,7671.39990234375,7678.7998046875,7516.85009765625,7577.7998046875,179800,0.015380096361092388,-0.00028024902509560246
2016-04-12,7708.9501953125,7708.9501953125,7717.39990234375,7663.35009765625,7669.25,163400,0.004894842329530746,0.008846821590924314
2016-04-13,7850.4501953125,7850.4501953125,7864.7998046875,7772.2001953125,7777.14990234375,220400,0.018355287868643932,0.007349859638075662
2016-04-18,7914.7001953125,7914.7001953125,7920.60009765625,7842.75,7908.14990234375,184600,0.008184244011682829,0.004466323234319836
2016-04-20,7914.75,7914.75,7950.39990234375,7877.5498046875,7950.0498046875,205300,6.292681500319475e-06,0.004914861788906766
2016-04-21,7912.0498046875,7912.0498046875,7978.4501953125,7884.10009765625,7953.64990234375,223700,-0.0003411598992387743,-0.0025593873269103007
2016-04-22,7899.2998046875,7899.2998046875,7923.35009765625,7873.35009765625,7891.7998046875,183300,-0.0016114660947212922,-0.0005696707444031723
2016-04-25,7855.0498046875,7855.0498046875,7911.0,7827.0,7894.7998046875,146300,-0.005601762319964343,-0.0034245361916989125
2016-04-26,7962.64990234375,7962.64990234375,7974.5,7822.5498046875,7828.14990234375,202400,0.013698206928241197,-0.002593345506459066
2016-04-27,7979.89990234375,7979.89990234375,7991.0,7940.5498046875,7942.0,206800,0.0021663642394880167,-0.001566435688789558
2016-04-28,7847.25,7847.25,7992.0,7834.4501953125,7967.39990234375,292500,-0.016623003291656557,-0.0003822995316831168
2016-04-29,7849.7998046875,7849.7998046875,7889.0498046875,7788.7001953125,7844.25,243700,0.00032492971263820003,-0.0034522675799728564
2016-05-02,7805.89990234375,7805.89990234375,7829.7998046875,7777.2998046875,7822.7001953125,146300,-0.005592486870497626,0.002421232987893651
2016-05-03,7747.0,7747.0,7890.25,7735.14990234375,7824.7998046875,186500,-0.0075455620851691,-0.002949541455563476
2016-05-04,7706.5498046875,7706.5498046875,7749.0,7697.25,7724.14990234375,199700,-0.0052214012278947175,0.003172651307285168
2016-05-05,7735.5,7735.5,7777.5498046875,7706.85009765625,7731.0,185100,0.003756570196288278,-0.0023075557696657922
2016-05-06,7733.4501953125,7733.4501953125,7738.89990234375,7678.35009765625,7717.64990234375,163600,-0.00026498670900398924,0.0028188976636474017
2016-05-09,7866.0498046875,7866.0498046875,7873.64990234375,7753.5498046875,7755.25,160600,0.01714624210748439,0.0009534645961091215
2016-05-10,7887.7998046875,7887.7998046875,7896.89990234375,7837.7001953125,7873.5498046875,162000,0.002765047328716186,-0.010541583762602169
2016-05-11,7848.85009765625,7848.85009765625,7893.10009765625,7780.89990234375,7804.64990234375,214100,-0.00493796850778383,0.0028794151213307195
2016-05-12,7900.39990234375,7900.39990234375,7916.0498046875,7849.64990234375,7871.4501953125,152700,0.006567816182767139,-0.002455559539206953
2016-05-13,7814.89990234375,7814.89990234375,7881.0,7784.2001953125,7881.0,179500,-0.010822236982540034,0.0020857967693048707
2016-05-16,7860.75,7860.75,7873.89990234375,7772.14990234375,7831.2001953125,205200,0.005867010227795566,0.004592449531692244
2016-05-17,7890.75,7890.75,7940.10009765625,7879.7001953125,7896.85009765625,183400,0.003816429729987636,-0.005576149288724186
2016-05-18,7870.14990234375,7870.14990234375,7882.0498046875,7810.75,7846.75,156400,-0.002610664088489645,0.0006797961566979982
2016-05-19,7783.39990234375,7783.39990234375,7876.2001953125,7766.7998046875,7875.5,170400,-0.011022661712474568,0.001130648955361968
2016-05-20,7749.7001953125,7749.7001953125,7812.39990234375,7735.75,7792.2001953125,157000,-0.0043296897826234915,0.00829064329983531
2016-05-23,7731.0498046875,7731.0498046875,7820.60009765625,7722.2001953125,7813.9501953125,172000,-0.0024065951139995434,0.000905439775560124
2016-05-24,7748.85009765625,7748.85009765625,7761.5498046875,7715.7998046875,7738.0498046875,147000,0.002302441895789764,0.008123748199786451
2016-05-25,7934.89990234375,7934.89990234375,7941.2001953125,7809.2998046875,7811.7998046875,176200,0.024009988881288802,0.004984346804055795
2016-05-26,8069.64990234375,8069.64990234375,8083.0,7948.5,7974.4501953125,264300,0.016981940750153468,0.00152426599884814
2016-05-27,8156.64990234375,8156.64990234375,8164.2001953125,8077.0498046875,8081.9501953125,260900,0.010781136858828422,0.0012076155988280934
2016-05-30,8178.5,8178.5,8200.0,8150.7998046875,8166.5,247400,0.0026788078338353394,0.0038331734884147206
2016-05-31,8160.10009765625,8160.10009765625,8213.599609375,8134.2998046875,8209.849609375,471000,-0.0022497893677019265,0.002340669529499406
2016-06-01,8179.9501953125,8179.9501953125,8215.349609375,8171.0498046875,8179.2001953125,194400,0.0024325801667495206,-0.002817901383062038
2016-06-02,8218.9501953125,8218.9501953125,8229.5,8154.75,8156.89990234375,181700,0.00476775519028827,0.003315508593243699
2016-06-03,8220.7998046875,8220.7998046875,8262.0,8209.849609375,8246.2001953125,379000,0.00022504204686080165,0.0009670829482999466
2016-06-06,8201.0498046875,8201.0498046875,8234.7001953125,8186.0498046875,8228.75,171600,-0.002402442641741276,0.004206778500513542
2016-06-07,8266.4501953125,8266.4501953125,8294.9501953125,8216.400390625,8235.5498046875,241900,0.007974636440766236,0.002304472202385277
2016-06-08,8273.0498046875,8273.0498046875,8288.900390625,8252.0498046875,8285.5,174300,0.0007983607496653278,3.623871420788127e-05
2016-06-09,8203.599609375,8203.599609375,8273.349609375,8184.60009765625,8273.349609375,174900,-0.0083947512649023,-0.0028462638947318597
2016-06-10,8170.0498046875,8170.0498046875,8265.599609375,8162.85009765625,8180.25,182200,-0.004089644337244347,-0.0082985791162008
2016-06-13,8110.60009765625,8110.60009765625,8125.25,8063.89990234375,8102.25,169700,-0.007276541569812833,0.002934407368251124
2016-06-14,8108.85009765625,8108.85009765625,8134.9501953125,8069.5,8134.39990234375,145500,-0.00021576701833758705,0.0037674644764156273
2016-06-15,8206.599609375,8206.599609375,8213.2001953125,8123.14990234375,8139.39990234375,169800,0.012054669964487674,-0.003162053501623907
2016-06-16,8140.75,8140.75,8180.64990234375,8074.4501953125,8180.64990234375,189200,-0.008023982222768011,0.004409901095568491
2016-06-17,8170.2001953125,8170.2001953125,8195.25,8135.7998046875,8176.64990234375,166600,0.003617626792678852,-0.006664487284380072
2016-06-20,8238.5,8238.5,8244.150390625,8107.35009765625,8115.75,168600,0.008359624373303065,0.002051391712690309
2016-06-21,8219.900390625,8219.900390625,8257.25,8202.150390625,8255.400390625,137000,-0.002257645126540031,-0.0007603498464687775
2016-06-22,8203.7001953125,8203.7001953125,8238.349609375,8153.25,8213.650390625,136100,-0.0019708505629796313,-0.0003108115395241695
2016-06-23,8270.4501953125,8270.4501953125,8285.599609375,8188.2998046875,8201.150390625,154100,0.008136572328440339,-0.02918222006742044
2016-06-24,8088.60009765625,8088.60009765625,8100.7001953125,7927.0498046875,8029.10009765625,297600,-0.021987932139331257,-0.0060888162853137695
2016-06-27,8094.7001953125,8094.7001953125,8120.64990234375,8039.35009765625,8039.35009765625,162500,0.0007541598771854119,0.00016672753066027113
2016-06-28,8127.85009765625,8127.85009765625,8146.35009765625,8086.85009765625,8096.0498046875,170400,0.004095260052119798,0.005567277872539522
2016-06-29,8204.0,8204.0,8212.400390625,8157.64990234375,8173.10009765625,147000,0.009369009200318468,0.006856411506582116
2016-06-30,8287.75,8287.75,8308.150390625,8242.099609375,8260.25,279400,0.010208434909800168,0.0030526746930710225
2016-07-01,8328.349609375,8328.349609375,8356.75,8308.650390625,8313.0498046875,165500,0.00489874928358125,0.0058115224378330055
2016-07-04,8370.7001953125,8370.7001953125,8398.4501953125,8364.7001953125,8376.75,154200,0.005085111447510116,0.0010273464793082443
2016-07-05,8335.9501953125,8335.9501953125,8381.4501953125,8319.9501953125,8379.2998046875,139000,-0.0041513850919495665,0.0007257486604108632
2016-07-07,8337.900390625,8337.900390625,8361.9501953125,8317.7001953125,8342.0,155500,0.00023394997172565546,0.0014511578224902788
2016-07-08,8323.2001953125,8323.2001953125,8353.2998046875,8287.5498046875,8350.0,137900,-0.0017630571995113087,0.010831100051308384
2016-07-11,8467.900390625,8467.900390625,8475.25,8407.0498046875,8413.349609375,149800,0.017385163388715874,0.004097735819898807
2016-07-12,8521.0498046875,8521.0498046875,8526.599609375,8479.2001953125,8502.599609375,183600,0.006276575256050743,0.002276760618665552
2016-07-13,8519.5,8519.5,8550.25,8493.5498046875,8540.4501953125,195500,-0.00018187954806314632,-0.00044016667644819485
2016-07-14,8565.0,8565.0,8571.400390625,8500.7001953125,8515.75,153900,0.005340689007570898,5.256220811444834e-05
2016-07-15,8541.400390625,8541.400390625,8594.7998046875,8510.0498046875,8565.4501953125,221700,-0.0027553542761237226,0.002651721383692518
2016-07-18,8508.7001953125,8508.7001953125,8587.099609375,8494.349609375,8564.0498046875,164300,-0.003828434895569499,0.0006581039696387236
2016-07-19,8528.5498046875,8528.5498046875,8540.0498046875,8476.7001953125,8514.2998046875,167900,0.0023328603569714446,-0.0015359714928088186
2016-07-20,8565.849609375,8565.849609375,8569.900390625,8512.5498046875,8515.4501953125,160300,0.004373522526303297,0.0019671820900355463
2016-07-21,8510.099609375,8510.099609375,8585.25,8503.4501953125,8582.7001953125,150000,-0.006508402848794281,0.0011222878330916508
2016-07-22,8541.2001953125,8541.2001953125,8548.9501953125,8489.7998046875,8519.650390625,143200,0.003654550165692383,-0.002487940747678774
2016-07-25,8635.650390625,8635.650390625,8641.150390625,8517.2001953125,8519.9501953125,150000,0.011058187743255843,-0.00022006340449620687
2016-07-26,8590.650390625,8590.650390625,8644.900390625,8577.150390625,8633.75,154800,-0.005210956669673972,0.0010185491903555999
2016-07-27,8615.7998046875,8615.7998046875,8665.0,8572.0498046875,8599.400390625,184100,0.0029275331807177007,0.002454837752090322
2016-07-28,8666.2998046875,8666.2998046875,8674.7001953125,8625.25,8636.9501953125,233500,0.005861324676151858,0.0002307789996969234
2016-07-29,8638.5,8638.5,8670.349609375,8631.150390625,8668.2998046875,157000,-0.003207805558776422,0.0018289986325750185
2016-08-01,8636.5498046875,8636.5498046875,8711.2998046875,8590.5,8654.2998046875,188400,-0.00022575624385023918,0.0012621232866720788
2016-08-02,8622.900390625,8622.900390625,8687.2001953125,8611.400390625,8647.4501953125,169400,-0.001580424402241265,0.0014264115471949168
2016-08-03,8544.849609375,8544.849609375,8635.4501953125,8529.599609375,8635.2001953125,163000,-0.009051569392458547,0.006448397392160743
2016-08-04,8551.099609375,8551.099609375,8601.400390625,8518.150390625,8599.9501953125,164700,0.0007314347572768831,0.005742020112088131
2016-08-05,8683.150390625,8683.150390625,8689.400390625,8590.150390625,8600.2001953125,157900,0.015442549763450941,0.0034203275785784637
2016-08-08,8711.349609375,8711.349609375,8723.5,8697.599609375,8712.849609375,172600,0.0032475792173825013,0.0018883635774182839
2016-08-09,8678.25,8678.25,8728.349609375,8638.2001953125,8727.7998046875,200100,-0.003799596028080332,0.0009737211203295626
2016-08-10,8575.2998046875,8575.2998046875,8690.099609375,8564.599609375,8686.7001953125,173600,-0.011863013316336768,-0.0002915349966695624
2016-08-11,8592.150390625,8592.150390625,8601.150390625,8540.0498046875,8572.7998046875,189200,0.00196501420606765,0.00908964645919319
2016-08-16,8642.5498046875,8642.5498046875,8682.349609375,8600.4501953125,8670.25,224800,0.0058657509204553815,-0.00031819313306225006
2016-08-17,8624.0498046875,8624.0498046875,8667.099609375,8603.599609375,8639.7998046875,174100,-0.0021405719860551065,0.002875656478006361
2016-08-18,8673.25,8673.25,8690.7001953125,8645.0498046875,8648.849609375,164300,0.0057049989769026865,0.002426980046406957
2016-08-19,8666.900390625,8666.900390625,8696.599609375,8647.099609375,8694.2998046875,191900,-0.0007320911278931863,1.1493079475899393e-05
2016-08-22,8629.150390625,8629.150390625,8684.849609375,8614.0,8667.0,152300,-0.0043556517669032235,-9.279954731933326e-05
2016-08-23,8632.599609375,8632.599609375,8642.150390625,8580.0,8628.349609375,187500,0.0003997170745508871,0.0018419006260561588
2016-08-24,8650.2998046875,8650.2998046875,8661.0498046875,8620.900390625,8648.5,149600,0.0020503899304304962,0.0021444117667976936
2016-08-25,8592.2001953125,8592.2001953125,8683.0498046875,8583.650390625,8668.849609375,213100,-0.006716485056797228,0.002577851255675334
2016-08-26,8572.5498046875,8572.5498046875,8622.9501953125,8547.5498046875,8614.349609375,147500,-0.0022870033493540554,0.0013065185467193707
2016-08-29,8607.4501953125,8607.4501953125,8622.0,8543.75,8583.75,129700,0.004071179686342186,0.0045657893796355875
2016-08-30,8744.349609375,8744.349609375,8750.599609375,8642.25,8646.75,150200,0.015904758198549196,0.0011093100968995184
2016-08-31,8786.2001953125,8786.2001953125,8819.2001953125,8754.0498046875,8754.0498046875,362200,0.00478601471887985,0.0008421631533557239
2016-09-01,8774.650390625,8774.650390625,8813.25,8759.9501953125,8793.599609375,238900,-0.0013145392127147382,0.0024729439674524567
2016-09-02,8809.650390625,8809.650390625,8824.099609375,8768.2001953125,8796.349609375,191500,0.0039887629069979,0.004886664371302585
2016-09-06,8943.0,8943.0,8950.849609375,8848.4501953125,8852.7001953125,195600,0.015136765190694401,0.002873777849994319
2016-09-07,8917.9501953125,8917.9501953125,8968.7001953125,8913.349609375,8968.7001953125,290100,-0.002801051625573092,-0.0002747487100553947
2016-09-08,8952.5,8952.5,8960.349609375,8896.0,8915.5,217200,0.0038741867728371293,-0.0020329735060039544
2016-09-09,8866.7001953125,8866.7001953125,8939.150390625,8858.7001953125,8934.2998046875,175900,-0.009583893290980194,-0.015084529425130278
2016-09-12,8715.599609375,8715.599609375,8746.9501953125,8699.400390625,8732.9501953125,184500,-0.017041355026008564,-0.0005678575166161437
2016-09-14,8726.599609375,8726.599609375,8739.849609375,8688.900390625,8710.650390625,184300,0.0012621047883116798,0.001976714960254089
2016-09-15,8742.5498046875,8742.5498046875,8751.9501953125,8704.349609375,8743.849609375,145400,0.001827767518446155,0.004380850614881693
2016-09-16,8779.849609375,8779.849609375,8847.650390625,8750.5,8780.849609375,265800,0.004266467508998506,0.000979582375570054
2016-09-19,8808.400390625,8808.400390625,8824.2998046875,8774.2001953125,8788.4501953125,131700,0.003251853109136782,0.000874076836719917
2016-09-20,8775.900390625,8775.900390625,8816.4501953125,8759.2998046875,8816.099609375,136500,-0.0036896597064991488,0.0016407905082744811
2016-09-21,8777.150390625,8777.150390625,8826.849609375,8757.2998046875,8790.2998046875,148800,0.0001424355273373923,0.010960188041525543
2016-09-22,8867.4501953125,8867.4501953125,8893.349609375,8837.7998046875,8873.349609375,172800,0.010288054854791007,0.0014998454340944267
2016-09-23,8831.5498046875,8831.5498046875,8885.2001953125,8820.2998046875,8880.75,185900,-0.00404855847332275,-0.002677832836310068
2016-09-26,8723.0498046875,8723.0498046875,8809.5498046875,8715.099609375,8807.900390625,164000,-0.012285499419638857,0.00296348026393356
2016-09-27,8706.400390625,8706.400390625,8768.5,8690.5,8748.900390625,151400,-0.0019086689214536934,0.000551296112302424
2016-09-28,8745.150390625,8745.150390625,8767.0498046875,8703.150390625,8711.2001953125,165500,0.004450748674702076,0.005437276955062353
2016-09-29,8591.25,8591.25,8800.650390625,8558.25,8792.7001953125,372900,-0.0175983698107679,-0.0011348756001745564
2016-09-30,8611.150390625,8611.150390625,8637.150390625,8555.2001953125,8581.5,181700,0.002316355667103087,0.006387067639636035
2016-10-03,8738.099609375,8738.099609375,8745.2001953125,8635.0,8666.150390625,137300,0.014742422671912614,0.0036507240762939652
2016-10-04,8769.150390625,8769.150390625,8783.650390625,8736.099609375,8770.0,184300,0.0035534936242527237,0.004242055055843075
2016-10-05,8743.9501953125,8743.9501953125,8806.9501953125,8731.400390625,8806.349609375,157200,-0.0028737328235858284,0.002830528473648952
2016-10-06,8709.5498046875,8709.5498046875,8781.150390625,8684.650390625,8768.7001953125,163600,-0.003934193340149772,0.0013950652901095761
2016-10-07,8697.599609375,8697.599609375,8723.7001953125,8663.7998046875,8721.7001953125,150400,-0.0013720795655899343,0.004340277972707529
2016-10-10,8708.7998046875,8708.7998046875,8745.7998046875,8703.9501953125,8735.349609375,108400,0.0012877340663539627,-0.004283001736636982
2016-10-13,8573.349609375,8573.349609375,8681.5498046875,8541.349609375,8671.5,212300,-0.015553256286772621,0.0024086724052894137
2016-10-14,8583.400390625,8583.400390625,8604.4501953125,8549.7998046875,8594.0,162800,0.0011723284023095193,0.0034426687958974966
2016-10-17,8520.400390625,8520.400390625,8615.400390625,8506.150390625,8612.9501953125,197400,-0.007339748483457642,0.004184006904385029
2016-10-18,8677.900390625,8677.900390625,8685.099609375,8555.900390625,8556.0498046875,216600,0.01848504680288232,0.002258565838825888
2016-10-19,8659.099609375,8659.099609375,8698.75,8636.7001953125,8697.5,172100,-0.002166512682066579,0.003955376603234528
2016-10-20,8699.400390625,8699.400390625,8727.0,8678.2998046875,8693.349609375,161000,0.004654153788272275,0.0010574543459240804
2016-10-21,8693.0498046875,8693.0498046875,8709.099609375,8652.0498046875,8708.599609375,157300,-0.0007300027188475999,0.0019325558998224412
2016-10-24,8708.9501953125,8708.9501953125,8736.9501953125,8684.150390625,8709.849609375,157100,0.0018290923188344355,0.0014640111280992407
2016-10-25,8691.2998046875,8691.2998046875,8722.650390625,8663.4501953125,8721.7001953125,189800,-0.0020266955521803798,-0.00391195802285671
2016-10-26,8615.25,8615.25,8657.2998046875,8596.599609375,8657.2998046875,219300,-0.008750107164233856,-0.0009460422651693667
2016-10-27,8615.25,8615.25,8624.849609375,8550.25,8607.099609375,242800,0.0,0.0011317141116045093
2016-10-28,8638.0,8638.0,8653.75,8581.75,8625.0,175500,0.0026406662604103737,0.0017539234342440757
2016-11-01,8626.25,8626.25,8669.599609375,8614.5,8653.150390625,165000,-0.0013602685806899384,-0.00967398293725552
2016-11-02,8514.0,8514.0,8549.5,8504.849609375,8542.7998046875,155300,-0.013012606868569754,-0.0016620144027483796
2016-11-03,8484.9501953125,8484.9501953125,8537.650390625,8476.150390625,8499.849609375,170500,-0.003412004309079175,0.0021979403099858796
2016-11-04,8433.75,8433.75,8504.0,8400.25,8503.599609375,224800,-0.00603423639902867,0.012094264117385567
2016-11-07,8497.0498046875,8497.0498046875,8535.849609375,8481.4501953125,8535.75,172800,0.007505534867348507,0.0050547185552338725
2016-11-08,8543.5498046875,8543.5498046875,8559.400390625,8480.099609375,8540.0,195700,0.005472487636161372,-0.0557203756717507
2016-11-09,8432.0,8432.0,8476.2001953125,8002.25,8067.5,314300,-0.013056610804363489,0.014658397696276193
2016-11-10,8525.75,8525.75,8598.4501953125,8510.7001953125,8555.599609375,263100,0.011118358633776193,-0.008104812992991817
2016-11-11,8296.2998046875,8296.2998046875,8460.599609375,8284.9501953125,8456.650390625,266900,-0.026912611243878892,-0.0013801568870535075
2016-11-15,8108.4501953125,8108.4501953125,8288.5498046875,8093.2001953125,8284.849609375,359200,-0.022642577269069153,0.011987518326090463
2016-11-16,8111.60009765625,8111.60009765625,8210.0498046875,8089.39990234375,8205.650390625,269500,0.0003884715658204474,-0.000801321554532497
2016-11-17,8079.9501953125,8079.9501953125,8151.25,8060.2998046875,8105.10009765625,191300,-0.003901807530291679,0.0021781829033067357
2016-11-18,8074.10009765625,8074.10009765625,8128.9501953125,8048.2998046875,8097.5498046875,161200,-0.000724026450019899,0.003467878730922358
2016-11-21,7929.10009765625,7929.10009765625,8102.4501953125,7916.39990234375,8102.10009765625,218800,-0.017958657713704862,0.007573344256966763
2016-11-22,8002.2998046875,8002.2998046875,8019.0498046875,7938.14990234375,7989.14990234375,210200,0.009231779915716665,0.006110792124578435
2016-11-23,8033.2998046875,8033.2998046875,8055.2001953125,7973.10009765625,8051.2001953125,181000,0.0038738863522509437,-0.0026763597180146093
2016-11-24,7965.5,7965.5,8024.85009765625,7952.5498046875,8011.7998046875,260500,-0.008439844937436325,0.005329256834159857
2016-11-25,8114.2998046875,8114.2998046875,8122.25,7976.75,8007.9501953125,177900,0.018680535394827613,-0.004146987805936253
2016-11-28,8126.89990234375,8126.89990234375,8146.5,8066.5,8080.64990234375,189700,0.001552826240037497,0.0005721618820984098
2016-11-29,8142.14990234375,8142.14990234375,8197.349609375,8128.7001953125,8131.5498046875,189700,0.0018764842908427504,0.003684530542893194
2016-11-30,8224.5,8224.5,8234.25,8139.25,8172.14990234375,248000,0.01011404833415619,0.0023709648002918637
2016-12-01,8192.900390625,8192.900390625,8250.7998046875,8185.0498046875,8244.0,157700,-0.00384213136056899,-0.0048030104189388245
2016-12-02,8086.7998046875,8086.7998046875,8159.2998046875,8070.0498046875,8153.5498046875,171500,-0.012950308300941793,0.00024115785719946992
2016-12-05,8128.75,8128.75,8141.89990234375,8056.85009765625,8088.75,126500,0.00518749027126697,0.0030016795133016583
2016-12-06,8143.14990234375,8143.14990234375,8178.7001953125,8130.85009765625,8153.14990234375,115300,0.0017714780678148578,0.003100765711402831
2016-12-07,8102.0498046875,8102.0498046875,8190.4501953125,8077.5,8168.39990234375,169800,-0.005047198952388254,0.006177485225997037
2016-12-08,8246.849609375,8246.849609375,8256.25,8151.75,8152.10009765625,142500,0.017871996368588716,0.0030133429266432366
2016-12-09,8261.75,8261.75,8274.9501953125,8241.9501953125,8271.7001953125,149700,0.0018067979083868924,-0.0037642883620297996
2016-12-12,8170.7998046875,8170.7998046875,8230.650390625,8154.4501953125,8230.650390625,108100,-0.011008587201561393,0.0031025831673121562
2016-12-13,8221.7998046875,8221.7998046875,8228.849609375,8155.7998046875,8196.150390625,184000,0.006241739024219095,0.0009182666650671134
2016-12-14,8182.4501953125,8182.4501953125,8229.400390625,8165.10009765625,8229.349609375,144600,-0.004786009184091999,-0.006605636658774117
2016-12-15,8153.60009765625,8153.60009765625,8225.900390625,8121.9501953125,8128.39990234375,181800,-0.003525850688682164,0.003017084154436356
2016-12-16,8139.4501953125,8139.4501953125,8178.7001953125,8127.4501953125,8178.2001953125,203000,-0.001735417750965862,-0.0016524697602112726
2016-12-19,8104.35009765625,8104.35009765625,8132.5,8094.85009765625,8126.0,107400,-0.004312342580149231,0.0007711907709673227
2016-12-20,8082.39990234375,8082.39990234375,8124.10009765625,8062.75,8110.60009765625,128000,-0.0027084460873485483,0.0029013901311292223
2016-12-21,8061.2998046875,8061.2998046875,8112.5498046875,8053.25,8105.85009765625,123700,-0.0026106228238139684,-0.0021646269775381644
2016-12-22,7979.10009765625,7979.10009765625,8046.4501953125,7964.9501953125,8043.85009765625,122600,-0.010196830414798908,-0.0008271731868846333
2016-12-23,7985.75,7985.75,8022.60009765625,7942.0498046875,7972.5,124100,0.0008334150796909245,-0.002585843827286105
2016-12-26,7908.25,7908.25,7970.0498046875,7893.7998046875,7965.10009765625,106900,-0.009704786651222541,0.000859836839692818
2016-12-27,8032.85009765625,8032.85009765625,8044.64990234375,7903.7001953125,7915.0498046875,118800,0.01575571051196545,0.0018299491279614166
2016-12-28,8034.85009765625,8034.85009765625,8100.5498046875,8028.39990234375,8047.5498046875,126700,0.00024897763255693484,-0.0005289457735172531
2016-12-29,8103.60009765625,8103.60009765625,8111.10009765625,8020.7998046875,8030.60009765625,178500,0.008556475748073389,0.0019805770884648854
2016-12-30,8185.7998046875,8185.7998046875,8197.0,8114.75,8119.64990234375,127600,0.01014360358861044,0.0029685315139988955
2017-01-02,8179.5,8179.5,8212.0,8133.7998046875,8210.099609375,118300,-0.0007696016073948098,0.0020233271822849286
2017-01-03,8192.25,8192.25,8219.099609375,8148.60009765625,8196.0498046875,127300,0.0015587749862460143,0.0012695401904239123
2017-01-04,8190.5,8190.5,8218.5,8180.89990234375,8202.650390625,132400,-0.00021361652781592966,0.004413697652768445
2017-01-05,8273.7998046875,8273.7998046875,8282.650390625,8223.7001953125,8226.650390625,159100,0.01017029542610337,0.0009729271770557713
2017-01-06,8243.7998046875,8243.7998046875,8306.849609375,8233.25,8281.849609375,139400,-0.0036259035398709116,0.0018862423950007923
2017-01-09,8236.0498046875,8236.0498046875,8263.0,8227.75,8259.349609375,99100,-0.0009401004613908137,0.00323582193612193
2017-01-10,8288.599609375,8288.599609375,8293.7998046875,8261.0,8262.7001953125,142900,0.0063804622280927425,0.004729411138180817
2017-01-11,8380.650390625,8380.650390625,8389.0,8322.25,8327.7998046875,186500,0.01110570972035907,0.0012408838906026176
2017-01-12,8407.2001953125,8407.2001953125,8417.2001953125,8382.2998046875,8391.0498046875,172600,0.003167988574872327,0.00600083192269274
2017-01-13,8400.349609375,8400.349609375,8461.0498046875,8373.150390625,8457.650390625,185300,-0.0008148474852923693,-0.001118931294479708
2017-01-16,8412.7998046875,8412.7998046875,8426.7001953125,8374.400390625,8390.9501953125,124100,0.0014821044232022906,0.0002674496068177934
2017-01-17,8398.0,8398.0,8440.900390625,8378.2998046875,8415.0498046875,122000,-0.0017592008642893786,0.0006965479131935126
2017-01-18,8417.0,8417.0,8460.2998046875,8397.400390625,8403.849609375,163800,0.002262443438914019,0.00016637645538786217
2017-01-19,8435.099609375,8435.099609375,8445.150390625,8404.0498046875,8418.400390625,165900,0.0021503634757038537,-0.0036454815501910653
2017-01-20,8349.349609375,8349.349609375,8423.650390625,8340.9501953125,8404.349609375,202600,-0.010165855054597661,-0.0023654537088522165
2017-01-23,8391.5,8391.5,8404.150390625,8327.2001953125,8329.599609375,195000,0.005048344194100052,0.001853042327057075
2017-01-24,8475.7998046875,8475.7998046875,8480.9501953125,8398.150390625,8407.0498046875,179200,0.010045856484240057,0.002790343232495829
2017-01-25,8602.75,8602.75,8612.599609375,8493.9501953125,8499.4501953125,292500,0.014977960574563243,0.0009008747202929879
2017-01-27,8641.25,8641.25,8672.7001953125,8606.900390625,8610.5,275400,0.00447531312661642,-0.0006596493924490021
2017-01-30,8632.75,8632.75,8662.599609375,8617.75,8635.5498046875,304700,-0.0009836539852451365,-0.00038224258637165054
2017-01-31,8561.2998046875,8561.2998046875,8631.75,8552.400390625,8629.4501953125,521000,-0.008276643631809133,0.0010570596631302998
2017-02-01,8716.400390625,8716.400390625,8722.400390625,8537.5,8570.349609375,327700,0.01811647640847469,0.0009579194393112278
2017-02-02,8734.25,8734.25,8757.599609375,8685.7998046875,8724.75,283500,0.002047818890261066,0.00010308734293151822
2017-02-03,8740.9501953125,8740.9501953125,8748.25,8707.75,8735.150390625,191000,0.0007671174184962215,0.005090979699651443
2017-02-06,8801.0498046875,8801.0498046875,8814.099609375,8770.2001953125,8785.4501953125,194400,0.006875638006406781,0.000528390445253768
2017-02-07,8768.2998046875,8768.2998046875,8809.2998046875,8741.0498046875,8805.7001953125,226300,-0.0037211469911869743,0.0007127949704295311
2017-02-08,8769.0498046875,8769.0498046875,8791.25,8715.0,8774.5498046875,218700,8.55353964515082e-05,0.003021992187321576
2017-02-09,8778.400390625,8778.400390625,8821.400390625,8724.099609375,8795.5498046875,187500,0.0010663168924529565,0.0038673582018720065
2017-02-10,8793.5498046875,8793.5498046875,8822.099609375,8771.2001953125,8812.349609375,225900,0.0017257602055471555,0.002985142585535394
2017-02-13,8805.0498046875,8805.0498046875,8826.900390625,8754.2001953125,8819.7998046875,204900,0.001307776751758416,0.001686598743552148
2017-02-14,8792.2998046875,8792.2998046875,8820.4501953125,8772.5,8819.900390625,188300,-0.0014480326951941125,-0.0015183296374724486
2017-02-15,8724.7001953125,8724.7001953125,8807.900390625,8712.849609375,8778.9501953125,216100,-0.007688501401983627,0.001639002414682622
2017-02-16,8778.0,8778.0,8783.9501953125,8719.599609375,8739.0,184600,0.006109070053333943,0.012041489554853069
2017-02-17,8821.7001953125,8821.7001953125,8896.4501953125,8804.25,8883.7001953125,298300,0.004978377228582742,-0.00035711830545703815
2017-02-20,8879.2001953125,8879.2001953125,8886.25,8809.7998046875,8818.5498046875,167800,0.0065180179247708026,0.0013007708389769501
2017-02-21,8907.849609375,8907.849609375,8920.7998046875,8860.9501953125,8890.75,175700,0.003226575978951818,0.0026661878053042543
2017-02-22,8926.900390625,8926.900390625,8960.75,8905.25,8931.599609375,247100,0.0021386509747480797,0.003304618480002297
2017-02-23,8939.5,8939.5,8982.150390625,8927.5498046875,8956.400390625,377200,0.0014114204061503877,0.0004698467825381414
2017-02-27,8896.7001953125,8896.7001953125,8951.7998046875,8888.650390625,8943.7001953125,189900,-0.004787717958219084,0.0002529027561462005
2017-02-28,8879.599609375,8879.599609375,8914.75,8867.599609375,8898.9501953125,293600,-0.0019221268068030373,0.0027930067053716368
2017-03-01,8945.7998046875,8945.7998046875,8960.7998046875,8898.599609375,8904.400390625,205900,0.007455313102474381,0.004141586610074466
2017-03-02,8899.75,8899.75,8992.5,8879.7998046875,8982.849609375,218800,-0.0051476453411544165,-0.0018258939857861423
2017-03-03,8897.5498046875,8897.5498046875,8907.099609375,8860.099609375,8883.5,202600,-0.0002472199008398679,0.00197243118304935
2017-03-06,8963.4501953125,8963.4501953125,8967.7998046875,8914.0,8915.099609375,174800,0.00740657732427441,0.001595346030368816
2017-03-07,8946.900390625,8946.900390625,8977.849609375,8932.7998046875,8977.75,173400,-0.0018463654426456033,0.0004247062693893966
2017-03-08,8924.2998046875,8924.2998046875,8957.0498046875,8891.9501953125,8950.7001953125,177800,-0.0025260799775062015,-0.0010981034817266755
2017-03-09,8927.0,8927.0,8945.7998046875,8899.5,8914.5,171500,0.0003025666294942386,0.0029909482818977207
2017-03-10,8934.5498046875,8934.5498046875,8975.7001953125,8903.9501953125,8953.7001953125,152700,0.0008457269729471584,0.017583492103326437
2017-03-14,9087.0,9087.0,9122.75,9060.5,9091.650390625,270300,0.017062996865551794,-1.655008528667068e-05
2017-03-15,9084.7998046875,9084.7998046875,9106.5498046875,9075.5,9086.849609375,240600,-0.0002421255983823256,0.004936882143991683
2017-03-16,9153.7001953125,9153.7001953125,9158.4501953125,9128.5498046875,9129.650390625,208600,0.0075841396735512046,0.005910135597701149
2017-03-17,9160.0498046875,9160.0498046875,9218.400390625,9147.599609375,9207.7998046875,286700,0.0006936658662091144,0.0007533136579092048
2017-03-20,9126.849609375,9126.849609375,9167.599609375,9116.2998046875,9166.9501953125,332100,-0.0036244557639315556,0.0007779887081964532
2017-03-21,9121.5,9121.5,9147.75,9087.2001953125,9133.9501953125,247700,-0.0005861397529225432,-0.00814556867702676
2017-03-22,9030.4501953125,9030.4501953125,9072.900390625,9019.2998046875,9047.2001953125,232300,-0.009981889457600146,0.0020264554138174073
2017-03-23,9086.2998046875,9086.2998046875,9099.0498046875,9048.599609375,9048.75,191800,0.006184587497530369,0.0019480091668744315
2017-03-24,9108.0,9108.0,9133.5498046875,9089.400390625,9104.0,203700,0.002388232369495924,-0.0015974752621321642
2017-03-27,9045.2001953125,9045.2001953125,9094.849609375,9024.650390625,9093.4501953125,202700,-0.006895015885759803,0.004013156580692456
2017-03-28,9100.7998046875,9100.7998046875,9110.400390625,9079.7998046875,9081.5,183300,0.006146863328001739,0.003065707544805951
2017-03-29,9143.7998046875,9143.7998046875,9153.150390625,9109.099609375,9128.7001953125,243400,0.004724859454424246,-0.00013125782914502615
2017-03-30,9173.75,9173.75,9183.150390625,9136.349609375,9142.599609375,323400,0.003275464899958447,-0.0016187065676522838
2017-03-31,9173.75,9173.75,9191.7001953125,9152.099609375,9158.900390625,190900,0.0,0.005106920220738553
2017-04-03,9237.849609375,9237.849609375,9245.349609375,9192.400390625,9220.599609375,139100,0.006987285393105225,0.0028741300597765473
2017-04-05,9265.150390625,9265.150390625,9273.900390625,9215.400390625,9264.400390625,184800,0.002955317785461098,-0.0020885344675116713
2017-04-06,9261.9501953125,9261.9501953125,9267.9501953125,9218.849609375,9245.7998046875,186100,-0.00034540133484917135,-0.004129799793067157
2017-04-07,9198.2998046875,9198.2998046875,9250.5,9188.099609375,9223.7001953125,190000,-0.006872244968150865,0.0029679185574695843
2017-04-10,9181.4501953125,9181.4501953125,9225.650390625,9174.849609375,9225.599609375,135800,-0.0018318178068531532,0.00033759474909333953
2017-04-11,9237.0,9237.0,9242.7001953125,9172.849609375,9184.5498046875,200100,0.006050221207523521,0.0005954314171268127
2017-04-12,9203.4501953125,9203.4501953125,9246.400390625,9161.7998046875,9242.5,161800,-0.003632110499891761,-0.00010324338072520423
2017-04-13,9150.7998046875,9150.7998046875,9202.650390625,9144.9501953125,9202.5,166500,-0.005720723153564311,-0.0006611230511677224
2017-04-17,9139.2998046875,9139.2998046875,9160.0,9120.25,9144.75,0,-0.0012567207506942735,0.002593217841518225
2017-04-18,9105.150390625,9105.150390625,9217.900390625,9095.4501953125,9163.0,174200,-0.003736545992832463,0.0007742655953006938
2017-04-19,9103.5,9103.5,9120.5,9075.150390625,9112.2001953125,173700,-0.00018125901870869043,0.0005052572499588681
2017-04-20,9136.400390625,9136.400390625,9143.900390625,9102.650390625,9108.099609375,170300,0.003614037526775471,0.004673527529924559
2017-04-21,9119.400390625,9119.400390625,9183.650390625,9088.75,9179.099609375,155200,-0.0018606890321317682,0.0017489328318553987
2017-04-24,9217.9501953125,9217.9501953125,9225.400390625,9130.5498046875,9135.349609375,167700,0.010806610135114969,0.005977425371968215
2017-04-25,9306.599609375,9306.599609375,9309.2001953125,9250.349609375,9273.0498046875,168700,0.00961704198701141,0.0031806016353901345
2017-04-26,9351.849609375,9351.849609375,9367.0,9301.349609375,9336.2001953125,185700,0.004862141050359314,0.0007806777862082726
2017-04-27,9342.150390625,9342.150390625,9367.150390625,9322.650390625,9359.150390625,209400,-0.001037144431864756,-0.00012847099033053144
2017-04-28,9304.0498046875,9304.0498046875,9342.650390625,9282.25,9340.9501953125,162200,-0.004078352878555069,0.00384776580510815
2017-05-02,9313.7998046875,9313.7998046875,9352.5498046875,9269.900390625,9339.849609375,161600,0.0010479307618374012,0.0033176996792918523
2017-05-03,9311.9501953125,9311.9501953125,9346.2998046875,9298.400390625,9344.7001953125,151600,-0.00019858805361794296,0.005262055635205876
2017-05-04,9359.900390625,9359.900390625,9365.650390625,9323.25,9360.9501953125,269600,0.005149318274558334,0.0015651249961134983
2017-05-05,9285.2998046875,9285.2998046875,9377.099609375,9272.0,9374.5498046875,231900,-0.007970232889681239,0.002816321623971607
2017-05-08,9314.0498046875,9314.0498046875,9338.7001953125,9297.9501953125,9311.4501953125,174300,0.0030962920535411165,0.0025015761324116426
2017-05-09,9316.849609375,9316.849609375,9338.9501953125,9307.7001953125,9337.349609375,132300,0.0003006001413146109,0.0024472629918870226
2017-05-10,9407.2998046875,9407.2998046875,9414.75,9336.0,9339.650390625,152700,0.009708238203339103,0.004390186934078777
2017-05-11,9422.400390625,9422.400390625,9450.650390625,9411.2998046875,9448.599609375,171100,0.0016051987553300506,0.0015123534778014314
2017-05-12,9400.900390625,9400.900390625,9437.75,9372.5498046875,9436.650390625,154300,-0.002281796475279485,0.003473009255055892
2017-05-15,9445.400390625,9445.400390625,9449.25,9423.099609375,9433.5498046875,140800,0.004733589140501593,0.001651556178654312
2017-05-16,9512.25,9512.25,9517.2001953125,9456.349609375,9461.0,166500,0.007077477566896029,0.0005623915871639795
2017-05-17,9525.75,9525.75,9532.599609375,9486.099609375,9517.599609375,205500,0.0014192225814082526,-0.007616177695981996
2017-05-18,9429.4501953125,9429.4501953125,9489.099609375,9418.099609375,9453.2001953125,193300,-0.010109419697924005,0.004289772412458204
2017-05-19,9427.900390625,9427.900390625,9505.75,9390.75,9469.900390625,252100,-0.00016435790585866972,0.005552626481613698
2017-05-22,9438.25,9438.25,9498.650390625,9427.900390625,9480.25,196800,0.001097763971423804,0.0007204518515084857
2017-05-23,9386.150390625,9386.150390625,9448.0498046875,9370.0,9445.0498046875,224400,-0.00552004973114717,0.0026368637801414962
2017-05-24,9360.5498046875,9360.5498046875,9431.900390625,9341.650390625,9410.900390625,211800,-0.0027274851639997877,0.0025105362922412944
2017-05-25,9509.75,9509.75,9523.2998046875,9379.2001953125,9384.0498046875,289200,0.015939255537936958,-0.00021031047083253096
2017-05-26,9595.099609375,9595.099609375,9604.900390625,9495.400390625,9507.75,218800,0.008974958266515953,-0.003652885964128383
2017-05-29,9604.900390625,9604.900390625,9637.75,9547.7001953125,9560.0498046875,235000,0.00102143611312,-0.0014836176764424502
2017-05-30,9624.5498046875,9624.5498046875,9635.2998046875,9581.2001953125,9590.650390625,193900,0.0020457696866569286,0.0012468115645425382
2017-05-31,9621.25,9621.25,9649.599609375,9609.25,9636.5498046875,414300,-0.0003428528870922376,-0.0018396980966610688
2017-06-01,9616.099609375,9616.099609375,9634.650390625,9589.900390625,9603.5498046875,176100,-0.0005353140834091219,0.0042689638125190665
2017-06-02,9653.5,9653.5,9673.5,9637.4501953125,9657.150390625,162200,0.00388935141525959,0.00029003000854621597
2017-06-05,9675.099609375,9675.099609375,9687.2001953125,9640.7001953125,9656.2998046875,127700,0.002237489964779682,0.0030129292515763684
2017-06-06,9637.150390625,9637.150390625,9709.2998046875,9630.2001953125,9704.25,145900,-0.003922359487981697,0.0027808847637753598
2017-06-07,9663.900390625,9663.900390625,9678.5498046875,9630.5498046875,9663.9501953125,160700,0.002775716774745085,0.0019143409236654918
2017-06-08,9647.25,9647.25,9688.7001953125,9641.5,9682.400390625,155400,-0.0017229472523487832,-0.0009018316424369566
2017-06-09,9668.25,9668.25,9676.25,9608.150390625,9638.5498046875,159000,0.0021767861307626646,-0.0022289250575336927
2017-06-12,9616.400390625,9616.400390625,9647.0498046875,9598.5,9646.7001953125,141400,-0.005362874292141773,-8.845159341841491e-05
2017-06-13,9606.900390625,9606.900390625,9654.150390625,9595.400390625,9615.5498046875,129700,-0.0009878956380873216,0.001524884558686157
2017-06-14,9618.150390625,9618.150390625,9627.400390625,9580.4501953125,9621.5498046875,181800,0.0011710332721861505,-2.5992523494333675e-05
2017-06-15,9578.0498046875,9578.0498046875,9621.400390625,9560.7998046875,9617.900390625,171100,-0.0041692616884621,0.0018166945233970555
2017-06-16,9588.0498046875,9588.0498046875,9615.849609375,9565.5,9595.4501953125,213200,0.001044053873587636,0.0039998317404181805
2017-06-19,9657.5498046875,9657.5498046875,9673.2998046875,9614.900390625,9626.400390625,141700,0.007248606485755094,0.0013409400494330814
2017-06-20,9653.5,9653.5,9676.5,9643.75,9670.5,159500,-0.0004193408027297618,-0.0005594230719427884
2017-06-21,9633.599609375,9633.599609375,9650.4501953125,9608.599609375,9648.099609375,144000,-0.0020614689620345183,0.0009395014965323245
2017-06-22,9630.0,9630.0,9698.849609375,9617.75,9642.650390625,198800,-0.00037365154469337636,0.0013759086188993574
2017-06-23,9574.9501953125,9574.9501953125,9647.650390625,9565.2998046875,9643.25,175200,-0.005716490621754944,0.001994747647288131
2017-06-27,9511.400390625,9511.400390625,9615.400390625,9473.4501953125,9594.0498046875,203300,-0.006637089842891464,0.0009251849702567316
2017-06-28,9491.25,9491.25,9522.5,9474.349609375,9520.2001953125,172400,-0.0021185514012070916,0.003339938924008967
2017-06-29,9504.099609375,9504.099609375,9575.7998046875,9493.7998046875,9522.9501953125,259300,0.0013538374160411148,-0.002693533362144951
2017-06-30,9520.900390625,9520.900390625,9535.7998046875,9448.75,9478.5,179600,0.0017677404426008625,0.007042380650628566
2017-07-03,9615.0,9615.0,9624.0,9543.5498046875,9587.9501953125,183000,0.009883477981521338,0.0032137691757669895
2017-07-04,9613.2998046875,9613.2998046875,9650.650390625,9595.5,9645.900390625,144800,-0.00017682738559543498,0.00067096579151249
2017-07-05,9637.599609375,9637.599609375,9643.650390625,9607.349609375,9619.75,130800,0.0025277277502206985,0.0016601644235600954
2017-07-06,9674.5498046875,9674.5498046875,9700.7001953125,9639.9501953125,9653.599609375,147400,0.003833962481337938,-0.0004341489162074108
2017-07-07,9665.7998046875,9665.7998046875,9684.25,9642.650390625,9670.349609375,141800,-0.0009044348498532528,0.0055349791099599255
2017-07-10,9771.0498046875,9771.0498046875,9782.150390625,9646.4501953125,9719.2998046875,37500,0.010888907501369838,0.0027018990950526955
2017-07-11,9786.0498046875,9786.0498046875,9830.0498046875,9778.849609375,9797.4501953125,179700,0.001535147225716127,0.0021714583947674004
2017-07-12,9816.099609375,9816.099609375,9824.9501953125,9787.7001953125,9807.2998046875,145500,0.0030706776776372458,0.004044396134140982
2017-07-13,9891.7001953125,9891.7001953125,9897.25,9853.4501953125,9855.7998046875,181300,0.007701693029408263,0.0021836093844853632
2017-07-14,9886.349609375,9886.349609375,9913.2998046875,9845.4501953125,9913.2998046875,159600,-0.0005409167111671831,0.0022051396229532116
2017-07-17,9915.9501953125,9915.9501953125,9928.2001953125,9894.7001953125,9908.150390625,163500,0.0029940865038224906,-0.00839556455611834
2017-07-18,9827.150390625,9827.150390625,9885.349609375,9792.0498046875,9832.7001953125,293900,-0.008955249163058343,0.0029306364045242894
2017-07-19,9899.599609375,9899.599609375,9905.0498046875,9851.650390625,9855.9501953125,200200,0.007372352703497453,0.002080951427367861
2017-07-20,9873.2998046875,9873.2998046875,9922.5498046875,9863.4501953125,9920.2001953125,161100,-0.002656653372384299,0.002663729979617724
2017-07-21,9915.25,9915.25,9924.7001953125,9838.0,9899.599609375,187500,0.004248852576378193,0.0021734000340385418
2017-07-24,9966.400390625,9966.400390625,9982.0498046875,9919.599609375,9936.7998046875,174500,0.005158759549683589,0.004429825446711
2017-07-25,9964.5498046875,9964.5498046875,10011.2998046875,9949.099609375,10010.5498046875,185500,-0.00018568247962835738,0.0019168538781866307
2017-07-26,10020.650390625,10020.650390625,10025.9501953125,9965.9501953125,9983.650390625,197600,0.0056300171143817135,0.004251182080442062
2017-07-27,10020.5498046875,10020.5498046875,10114.849609375,10005.5,10063.25,287900,-1.0037865166290239e-05,-0.0023950781611576932
2017-07-28,10014.5,10014.5,10026.0498046875,9944.5,9996.5498046875,191600,-0.0006037397952625145,0.0020170947438713505
2017-07-31,10077.099609375,10077.099609375,10085.900390625,10016.9501953125,10034.7001953125,237700,0.006250897136651945,0.0023766953033013127
2017-08-01,10114.650390625,10114.650390625,10128.599609375,10065.75,10101.0498046875,184300,0.0037263481265050746,0.0021404016180892604
2017-08-02,10081.5,10081.5,10137.849609375,10054.2001953125,10136.2998046875,161500,-0.0032774628232060676,-3.4678309279390085e-05
2017-08-03,10013.650390625,10013.650390625,10081.150390625,9998.25,10081.150390625,192700,-0.006730110536626532,-0.000504389613474876
2017-08-04,10066.400390625,10066.400390625,10075.25,9988.349609375,10008.599609375,178600,0.0052678092346210015,0.0008344009513392425
2017-08-07,10057.400390625,10057.400390625,10088.099609375,10046.349609375,10074.7998046875,137400,-0.000894063384204502,0.0010886728503129994
2017-08-08,9978.5498046875,9978.5498046875,10083.7998046875,9947.0,10068.349609375,203300,-0.007840056363968673,-0.0017436816374185593
2017-08-09,9908.0498046875,9908.0498046875,9969.7998046875,9893.0498046875,9961.150390625,169200,-0.007065154895241621,-0.0035526865534978302
2017-08-10,9820.25,9820.25,9892.650390625,9776.2001953125,9872.849609375,235500,-0.008861461782919355,-0.01100782662101274
2017-08-11,9710.7998046875,9710.7998046875,9771.650390625,9685.5498046875,9712.150390625,285900,-0.011145357329243155,0.004628887034701545
2017-08-14,9794.150390625,9794.150390625,9818.2998046875,9752.099609375,9755.75,195600,0.008583287433983067,0.0032365460489909292
2017-08-16,9897.2998046875,9897.2998046875,9903.9501953125,9773.849609375,9825.849609375,219500,0.010531736796816515,0.004875067033651703
2017-08-17,9904.150390625,9904.150390625,9947.7998046875,9883.75,9945.5498046875,197600,0.0006921671640436333,-0.003856988616475321
2017-08-18,9837.400390625,9837.400390625,9865.9501953125,9783.650390625,9865.9501953125,246300,-0.006739598791147605,0.0027293398976204752
2017-08-21,9754.349609375,9754.349609375,9884.349609375,9740.099609375,9864.25,205300,-0.008442350412935062,0.006294667823468991
2017-08-22,9765.5498046875,9765.5498046875,9828.4501953125,9752.599609375,9815.75,183600,0.0011482257414410224,0.0038400295682277097
2017-08-23,9852.5,9852.5,9857.900390625,9786.75,9803.0498046875,168600,0.008903768559017866,0.002912986075868984
2017-08-24,9857.0498046875,9857.0498046875,9881.5,9848.849609375,9881.2001953125,184700,0.00046179189926420783,0.005082716119956476
2017-08-28,9912.7998046875,9912.7998046875,9925.75,9882.0,9907.150390625,159600,0.005655850493267112,-0.0026631642505295927
2017-08-29,9796.0498046875,9796.0498046875,9887.349609375,9783.75,9886.400390625,173300,-0.011777701789638884,0.006477120530985703
2017-08-30,9884.400390625,9884.400390625,9909.4501953125,9850.7998046875,9859.5,157800,0.009019001301445284,0.002154890923651953
2017-08-31,9917.900390625,9917.900390625,9925.099609375,9856.9501953125,9905.7001953125,327700,0.0033891787742403867,0.0019913488966545323
2017-09-01,9974.400390625,9974.400390625,9983.4501953125,9909.849609375,9937.650390625,157800,0.00569677026131532,0.0009775023678781913
2017-09-04,9912.849609375,9912.849609375,9988.400390625,9861.0,9984.150390625,148800,-0.006170875324781666,0.0020579743896957936
2017-09-05,9952.2001953125,9952.2001953125,9963.099609375,9901.0498046875,9933.25,139200,0.003969654285916446,-0.005320451183994379
2017-09-06,9916.2001953125,9916.2001953125,9931.5498046875,9882.5498046875,9899.25,149200,-0.0036172905783141696,0.002989997527129029
2017-09-07,9929.900390625,9929.900390625,9964.849609375,9917.2001953125,9945.849609375,188800,0.0013815972895521167,0.00289529591124027
2017-09-08,9934.7998046875,9934.7998046875,9963.599609375,9913.2998046875,9958.650390625,163600,0.0004934001218306339,0.0037192692393324123
2017-09-11,10006.0498046875,10006.0498046875,10028.650390625,9968.7998046875,9971.75,173000,0.007171760015373785,0.005076909037940336
2017-09-12,10093.0498046875,10093.0498046875,10097.5498046875,10028.0498046875,10056.849609375,182600,0.008694739852208588,0.0006143034496490785
2017-09-13,10079.2998046875,10079.2998046875,10131.9501953125,10063.150390625,10099.25,215000,-0.0013623236054590704,0.002787950203091638
2017-09-14,10086.599609375,10086.599609375,10126.5,10070.349609375,10107.400390625,225600,0.0007242372812548137,-0.002404179896013825
2017-09-15,10085.400390625,10085.400390625,10115.150390625,10043.650390625,10062.349609375,266600,-0.00011889227256378643,0.004729531491316941
2017-09-18,10153.099609375,10153.099609375,10171.7001953125,10131.2998046875,10133.099609375,156100,0.006712596042585561,0.002216072023879745
2017-09-19,10147.5498046875,10147.5498046875,10178.9501953125,10129.9501953125,10175.599609375,187500,-0.0005466118624873895,0.0013205543094561012
2017-09-20,10141.150390625,10141.150390625,10171.0498046875,10134.2001953125,10160.9501953125,199400,-0.0006306363787978997,-0.00015291965805319663
2017-09-21,10121.900390625,10121.900390625,10158.900390625,10058.599609375,10139.599609375,191800,-0.0018982067377479872,-0.0027218980810675975
2017-09-22,9964.400390625,9964.400390625,10095.0498046875,9952.7998046875,10094.349609375,226600,-0.01556031910231781,-0.00043161465631658125
2017-09-25,9872.599609375,9872.599609375,9960.5,9816.0498046875,9960.099609375,221400,-0.009212875602266135,0.00026845924375207275
2017-09-26,9871.5,9871.5,9891.349609375,9813.0,9875.25,190900,-0.00011137992205778602,0.004973875234260294
2017-09-27,9735.75,9735.75,9921.0498046875,9714.400390625,9920.599609375,200100,-0.013751709466646389,6.680436792239064e-05
2017-09-28,9768.9501953125,9768.9501953125,9789.2001953125,9687.5498046875,9736.400390625,385000,0.003410132276660871,0.004642219324320074
2017-09-29,9788.599609375,9788.599609375,9854.0,9775.349609375,9814.2998046875,196300,0.002011415113154058,0.010696136269811696
2017-10-03,9859.5,9859.5,9895.400390625,9831.0498046875,9893.2998046875,162800,0.007243159742390093,0.0025203721664384116
2017-10-04,9914.900390625,9914.900390625,9938.2998046875,9850.650390625,9884.349609375,156200,0.005618985813175215,0.0012203460345845407
2017-10-05,9888.7001953125,9888.7001953125,9945.9501953125,9881.849609375,9927.0,147800,-0.0026425071639926134,0.0019669112146527556
2017-10-06,9979.7001953125,9979.7001953125,9989.349609375,9906.599609375,9908.150390625,195800,0.009202422785872022,0.000851728993220835
2017-10-09,9988.75,9988.75,10015.75,9959.4501953125,9988.2001953125,143900,0.0009068212982741297,0.0024978295895381475
2017-10-10,10016.9501953125,10016.9501953125,10034.0,10002.2998046875,10013.7001953125,148600,0.0028231956263296,0.002560601137310492
2017-10-11,9984.7998046875,9984.7998046875,10067.25,9955.7998046875,10042.599609375,189700,-0.0032095987299651796,0.002644058082426959
2017-10-12,10096.400390625,10096.400390625,10104.4501953125,9977.099609375,10011.2001953125,200900,0.011177047924897598,0.0027039146261325087
2017-10-13,10167.4501953125,10167.4501953125,10191.900390625,10120.099609375,10123.7001953125,230100,0.007037142143597297,0.003929224588768321
2017-10-16,10230.849609375,10230.849609375,10242.9501953125,10175.099609375,10207.400390625,203000,0.006235527378509298,-0.00031270313533571237
2017-10-17,10234.4501953125,10234.4501953125,10251.849609375,10212.599609375,10227.650390625,195700,0.00035193420634405115,-0.002447596520521733
2017-10-18,10210.849609375,10210.849609375,10236.4501953125,10175.75,10209.400390625,254200,-0.0023059945074831445,-4.896752171734686e-05
2017-10-19,10146.5498046875,10146.5498046875,10211.9501953125,10123.349609375,10210.349609375,30200,-0.006297204164917303,0.0029665833723691026
2017-10-23,10184.849609375,10184.849609375,10224.150390625,10124.5,10176.650390625,218100,0.00377466285828576,0.003308855467191174
2017-10-24,10207.7001953125,10207.7001953125,10237.75,10182.400390625,10218.5498046875,217200,0.0022435859942857572,0.01111417784043045
2017-10-25,10295.349609375,10295.349609375,10340.5498046875,10240.900390625,10321.150390625,594200,0.008586597606260904,-0.00034479690561139975
2017-10-26,10343.7998046875,10343.7998046875,10355.650390625,10271.849609375,10291.7998046875,429700,0.004706027201677676,0.001788511025862638
2017-10-27,10323.0498046875,10323.0498046875,10366.150390625,10311.2998046875,10362.2998046875,312700,-0.002006032637116295,0.0029835954751971094
2017-10-30,10363.650390625,10363.650390625,10384.5,10344.2998046875,10353.849609375,236900,0.00393300300838062,0.00012061387183903705
2017-10-31,10335.2998046875,10335.2998046875,10367.7001953125,10323.9501953125,10364.900390625,232600,-0.002735579151063039,0.005326386822618545
2017-11-01,10440.5,10440.5,10451.650390625,10383.0498046875,10390.349609375,260300,0.010178727013297362,0.0
2017-11-02,10423.7998046875,10423.7998046875,10453.0,10412.5498046875,10440.5,201500,-0.0015995589591015769,0.003621520050972604
2017-11-03,10452.5,10452.5,10461.7001953125,10403.599609375,10461.5498046875,199900,0.0027533333189682097,-0.0019851710117196886
2017-11-06,10451.7998046875,10451.7998046875,10490.4501953125,10413.75,10431.75,193600,-6.698831021290097e-05,0.0024254756512012143
2017-11-07,10350.150390625,10350.150390625,10485.75,10340.7998046875,10477.150390625,286900,-0.009725541625559164,0.0011400611819309958
2017-11-08,10303.150390625,10303.150390625,10384.25,10285.5,10361.9501953125,274500,-0.004540996818999998,0.005386701920851333
2017-11-09,10308.9501953125,10308.9501953125,10368.4501953125,10266.9501953125,10358.650390625,240200,0.0005629156585715833,-0.00044627104121541805
2017-11-10,10321.75,10321.75,10344.9501953125,10254.099609375,10304.349609375,279400,0.0012416205767800115,2.4220699009314117e-05
2017-11-13,10224.9501953125,10224.9501953125,10334.150390625,10216.25,10322.0,210300,-0.009378235734008311,-0.00015157087886941145
2017-11-14,10186.599609375,10186.599609375,10248.0,10175.5498046875,10223.400390625,305000,-0.0037506868204679744,-0.001438106397056993
2017-11-15,10118.0498046875,10118.0498046875,10175.4501953125,10094.0,10171.9501953125,207400,-0.00672940994209803,0.0034443975479696576
2017-11-16,10214.75,10214.75,10232.25,10139.2001953125,10152.900390625,182600,0.009557197007243445,0.010749142630754438
2017-11-17,10283.599609375,10283.599609375,10343.599609375,10268.0498046875,10324.5498046875,203300,0.006740214824151325,0.0003501289503937688
2017-11-20,10298.75,10298.75,10309.849609375,10261.5,10287.2001953125,147200,0.0014732575363192169,0.0029615244568514942
2017-11-21,10326.900390625,10326.900390625,10358.7001953125,10315.0498046875,10329.25,186100,0.0027333793542905216,0.002314287265150483
2017-11-22,10342.2998046875,10342.2998046875,10368.7001953125,10309.5498046875,10350.7998046875,157600,0.00149119420929833,0.0015615860040800733
2017-11-23,10348.75,10348.75,10374.2998046875,10307.2998046875,10358.4501953125,153000,0.0006236712756650942,0.0017441531283970413
2017-11-24,10389.7001953125,10389.7001953125,10404.5,10362.25,10366.7998046875,129200,0.003957018510689636,-0.0027575762617217947
2017-11-27,10399.5498046875,10399.5498046875,10407.150390625,10340.2001953125,10361.0498046875,141900,0.000948016707878141,-0.0011201844581050224
2017-11-28,10370.25,10370.25,10409.5498046875,10355.2001953125,10387.900390625,196000,-0.0028174108723719726,0.0006171876883391825
2017-11-29,10361.2998046875,10361.2998046875,10392.9501953125,10345.900390625,10376.650390625,152500,-0.0008630645657047298,-0.0027602337461619664
2017-11-30,10226.5498046875,10226.5498046875,10332.7001953125,10211.25,10332.7001953125,342500,-0.013005125084696312,0.003632739421849829
2017-12-01,10121.7998046875,10121.7998046875,10272.7001953125,10108.5498046875,10263.7001953125,143400,-0.010242946252702612,0.0052609220719164185
2017-12-04,10127.75,10127.75,10179.2001953125,10095.7001953125,10175.0498046875,148600,0.0005878594150563465,-0.0009380168349337747
2017-12-05,10118.25,10118.25,10147.9501953125,10069.099609375,10118.25,155500,-0.0009380168349337747,-0.002910601666543111
2017-12-06,10044.099609375,10044.099609375,10104.2001953125,10033.349609375,10088.7998046875,166100,-0.007328380957675518,0.0019265625282567367
2017-12-07,10166.7001953125,10166.7001953125,10182.650390625,10061.900390625,10063.4501953125,166200,0.012206229598028528,0.0031229405205279726
2017-12-08,10265.650390625,10265.650390625,10270.849609375,10195.25,10198.4501953125,200000,0.009732773998600175,0.004368900914057949
2017-12-11,10322.25,10322.25,10329.2001953125,10282.0498046875,10310.5,147400,0.0055134947345070184,0.0002567648162949965
2017-12-12,10240.150390625,10240.150390625,10326.099609375,10230.2001953125,10324.900390625,175100,-0.007953654423696332,-0.0003467508888590487
2017-12-13,10192.9501953125,10192.9501953125,10296.5498046875,10169.849609375,10236.599609375,181600,-0.004609326378225087,0.003566151965670894
2017-12-14,10252.099609375,10252.099609375,10276.099609375,10141.5498046875,10229.2998046875,154300,0.005802972930222028,0.009125036315922319
2017-12-15,10333.25,10333.25,10373.099609375,10319.650390625,10345.650390625,255100,0.007915489872025061,-0.00678880222824374
2017-12-18,10388.75,10388.75,10443.5498046875,10074.7998046875,10263.099609375,230400,0.005371011056540809,0.0025075013536277613
2017-12-19,10463.2001953125,10463.2001953125,10472.2001953125,10406.0,10414.7998046875,169100,0.007166424768379365,0.0029818979595246375
2017-12-20,10444.2001953125,10444.2001953125,10494.4501953125,10437.150390625,10494.400390625,175200,-0.001815888030940238,0.0028484708683917948
2017-12-21,10440.2998046875,10440.2998046875,10473.9501953125,10426.900390625,10473.9501953125,151900,-0.00037345038892977467,0.0016283057304893322
2017-12-22,10493.0,10493.0,10501.099609375,10448.25,10457.2998046875,138800,0.0050477664720738336,0.0018393028387972965
2017-12-26,10531.5,10531.5,10545.4501953125,10477.9501953125,10512.2998046875,155600,0.003669112741827796,-4.274750154298346e-05
2017-12-27,10490.75,10490.75,10552.400390625,10469.25,10531.0498046875,165200,-0.003869344347908643,0.00071016803493551
2017-12-28,10477.900390625,10477.900390625,10534.5498046875,10460.4501953125,10498.2001953125,272900,-0.0012248513571480046,0.0013790185257849252
2017-12-29,10530.7001953125,10530.7001953125,10538.7001953125,10488.650390625,10492.349609375,152000,0.005039158869532878,-0.005047184863230525
2018-01-02,10442.2001953125,10442.2001953125,10495.2001953125,10404.650390625,10477.5498046875,153400,-0.008403999578242116,0.003873723406553564
2018-01-03,10443.2001953125,10443.2001953125,10503.599609375,10429.5498046875,10482.650390625,167300,9.576525840304662e-05,0.002508828215728398
2018-01-04,10504.7998046875,10504.7998046875,10513.0,10441.4501953125,10469.400390625,174900,0.0058985376343401175,0.002803498958576789
2018-01-05,10558.849609375,10558.849609375,10566.099609375,10520.099609375,10534.25,180900,0.005145248428569005,0.0031111898694278217
2018-01-08,10623.599609375,10623.599609375,10631.2001953125,10588.5498046875,10591.7001953125,169000,0.006132296831134809,0.00202379615107362
2018-01-09,10637.0,10637.0,10659.150390625,10603.599609375,10645.099609375,205000,0.0012613794869653638,0.0014148542528438224
2018-01-10,10632.2001953125,10632.2001953125,10655.5,10592.7001953125,10652.0498046875,176400,-0.0004512366915013777,0.0004561247235674859
2018-01-11,10651.2001953125,10651.2001953125,10664.599609375,10612.349609375,10637.0498046875,153800,0.0017870242895141608,0.002943293600734087
2018-01-12,10681.25,10681.25,10690.400390625,10597.099609375,10682.5498046875,175200,0.00282125996474325,0.0034874195435927735
2018-01-15,10741.5498046875,10741.5498046875,10782.650390625,10713.7998046875,10718.5,175900,0.005645388385020489,0.0018572920737931486
2018-01-16,10700.4501953125,10700.4501953125,10762.349609375,10687.849609375,10761.5,211000,-0.003826227138756466,0.00018690802382081984
2018-01-17,10788.5498046875,10788.5498046875,10803.0,10666.75,10702.4501953125,252700,0.008233261943837888,0.007864874100190322
2018-01-18,10817.0,10817.0,10887.5,10782.400390625,10873.400390625,312000,0.002637073177355065,0.0011278723594805307
2018-01-19,10894.7001953125,10894.7001953125,10906.849609375,10793.900390625,10829.2001953125,207600,0.007183155709762357,-0.0010555591061558456
2018-01-22,10966.2001953125,10966.2001953125,10975.099609375,10881.400390625,10883.2001953125,231600,0.006562824007838586,0.0028451236305020444
2018-01-23,11083.7001953125,11083.7001953125,11092.900390625,10994.5498046875,10997.400390625,284600,0.010714741469905364,-0.0012947468520999594
2018-01-24,11086.0,11086.0,11110.099609375,11046.150390625,11069.349609375,283400,0.00020749430668232094,0.0008659218270792302
2018-01-25,11069.650390625,11069.650390625,11095.599609375,11009.2001953125,11095.599609375,330300,-0.001474797886974577,0.0008761991939885139
2018-01-29,11130.400390625,11130.400390625,11171.5498046875,11075.9501953125,11079.349609375,241700,0.005487978197707966,-0.0008580806543172503
2018-01-30,11049.650390625,11049.650390625,11121.099609375,11033.900390625,11120.849609375,228000,-0.0072549052294663685,-0.0027919965652193346
2018-01-31,11027.7001953125,11027.7001953125,11058.5,10979.2998046875,11018.7998046875,245900,-0.001986505865481769,0.001527935025125382
2018-02-01,11016.900390625,11016.900390625,11117.349609375,10878.7998046875,11044.5498046875,306200,-0.000979334267002474,-0.00714358780800739
2018-02-02,10760.599609375,10760.599609375,10954.9501953125,10736.099609375,10938.2001953125,282700,-0.023264327729431322,-0.014525194725331647
2018-02-05,10666.5498046875,10666.5498046875,10702.75,10586.7998046875,10604.2998046875,240100,-0.00874020111347329,-0.0348190765395654
2018-02-06,10498.25,10498.25,10594.150390625,10276.2998046875,10295.150390625,266500,-0.015778279553294694,0.010377938733836523
2018-02-07,10476.7001953125,10476.7001953125,10614.0,10446.400390625,10607.2001953125,250400,-0.0020527044686019513,0.0039897872334078155
2018-02-08,10576.849609375,10576.849609375,10637.7998046875,10479.5498046875,10518.5,232200,0.009559251691416026,-0.015160432009250768
2018-02-09,10454.9501953125,10454.9501953125,10480.2001953125,10398.2001953125,10416.5,191600,-0.011525115565078292,0.006049765787345285
2018-02-12,10539.75,10539.75,10555.5,10485.400390625,10518.2001953125,217400,0.008110971654893273,0.004364429896344779
2018-02-14,10500.900390625,10500.900390625,10590.5498046875,10456.650390625,10585.75,229200,-0.0036860086221209842,0.003523507377808599
2018-02-15,10545.5,10545.5,10618.099609375,10511.0498046875,10537.900390625,210600,0.004247217640005241,0.004807756418614639
2018-02-16,10452.2998046875,10452.2998046875,10612.900390625,10434.0498046875,10596.2001953125,184300,-0.00883791146104973,0.0035016777763192675
2018-02-19,10378.400390625,10378.400390625,10489.349609375,10302.75,10488.900390625,187300,-0.0070701582851038225,0.0012140222867467187
2018-02-20,10360.400390625,10360.400390625,10429.349609375,10347.650390625,10391.0,187700,-0.001734371321447492,0.006331763918541178
2018-02-21,10397.4501953125,10397.4501953125,10426.099609375,10349.599609375,10426.0,234100,0.003576097765586983,-0.004145303428039648
2018-02-22,10382.7001953125,10382.7001953125,10397.5498046875,10340.650390625,10354.349609375,313600,-0.0014186170381128571,0.0024463206665610304
2018-02-23,10491.0498046875,10491.0498046875,10499.099609375,10396.650390625,10408.099609375,210600,0.010435590678416817,0.003383836761897685
2018-02-26,10582.599609375,10582.599609375,10592.9501953125,10520.2001953125,10526.5498046875,171900,0.008726467454819975,0.0030805838962875143
2018-02-27,10554.2998046875,10554.2998046875,10631.650390625,10537.25,10615.2001953125,187500,-0.0026741826897078713,-0.006191752232201697
2018-02-28,10492.849609375,10492.849609375,10535.5,10461.5498046875,10488.9501953125,286000,-0.005822290104475547,-0.0012293528014519772
2018-03-01,10458.349609375,10458.349609375,10525.5,10447.150390625,10479.9501953125,176000,-0.0032879533476946055,-0.002873283625990375
2018-03-05,10358.849609375,10358.849609375,10428.7001953125,10323.900390625,10428.2998046875,194000,-0.009513929416818057,0.005951470766522693
2018-03-06,10249.25,10249.25,10441.349609375,10215.900390625,10420.5,222900,-0.010580287725753812,-0.0015903412139912643
2018-03-07,10154.2001953125,10154.2001953125,10243.349609375,10141.5498046875,10232.9501953125,249500,-0.00927383024977435,0.006110752545153142
2018-03-08,10242.650390625,10242.650390625,10270.349609375,10146.400390625,10216.25,226400,0.008710700361544088,0.002797070384118694
2018-03-09,10226.849609375,10226.849609375,10296.7001953125,10211.900390625,10271.2998046875,186500,-0.001542645765246653,0.007309191281299032
2018-03-12,10421.400390625,10421.400390625,10433.650390625,10295.4501953125,10301.599609375,216400,0.019023530088059015,-0.0030610464457058173
2018-03-13,10426.849609375,10426.849609375,10478.599609375,10377.849609375,10389.5,266700,0.0005228873803659884,-0.0032416123713062683
2018-03-14,10410.900390625,10410.900390625,10420.349609375,10336.2998046875,10393.0498046875,181400,-0.001529629691374823,-0.0005235085446987364
2018-03-15,10360.150390625,10360.150390625,10420.0,10346.2001953125,10405.4501953125,173900,-0.004874698450260895,-0.001447855430127154
2018-03-16,10195.150390625,10195.150390625,10346.2998046875,10180.25,10345.150390625,328500,-0.01592640973139836,0.0019812575563940005
2018-03-19,10094.25,10094.25,10224.5498046875,10075.2998046875,10215.349609375,210200,-0.009896900659531527,-0.004230150364068708
2018-03-20,10124.349609375,10124.349609375,10155.650390625,10049.099609375,10051.5498046875,203000,0.002981856935879268,0.005689312218551068
2018-03-21,10155.25,10155.25,10227.2998046875,10132.9501953125,10181.9501953125,204800,0.003052086486265315,0.0012062726176116367
2018-03-22,10114.75,10114.75,10207.849609375,10105.400390625,10167.5,230500,-0.003988084980675044,-0.014429441687881517
2018-03-23,9998.0498046875,9998.0498046875,10027.7001953125,9951.900390625,9968.7998046875,285700,-0.011537625281148767,-0.000890114996059288
2018-03-26,10130.650390625,10130.650390625,10143.5,9958.5498046875,9989.150390625,262600,0.013262645068574441,0.005660999754573792
2018-03-27,10184.150390625,10184.150390625,10207.900390625,10139.650390625,10188.0,225700,0.005281003483202706,-0.003981753970103252
2018-03-28,10113.7001953125,10113.7001953125,10158.349609375,10096.900390625,10143.599609375,344400,-0.006917631084606968,0.003752355179570177
2018-04-02,10211.7998046875,10211.7998046875,10220.099609375,10127.75,10151.650390625,225400,0.009699675438319622,-0.0024432710971328264
2018-04-03,10245.0,10245.0,10255.349609375,10171.0498046875,10186.849609375,205300,0.0032511600254110373,0.0028891761224987267
2018-04-04,10128.400390625,10128.400390625,10279.849609375,10111.2998046875,10274.599609375,231100,-0.011381123413860439,0.009878144704874359
2018-04-05,10325.150390625,10325.150390625,10331.7998046875,10227.4501953125,10228.4501953125,236800,0.019425574859986305,-0.000232479967282595
2018-04-06,10331.599609375,10331.599609375,10350.4501953125,10290.849609375,10322.75,200200,0.0006246125727966678,0.00020331662249017945
2018-04-09,10379.349609375,10379.349609375,10397.7001953125,10328.5,10333.7001953125,221600,0.004621743176794313,0.003232455068253648
2018-04-10,10402.25,10402.25,10424.849609375,10381.5,10412.900390625,251700,0.002206341580816895,0.0024898834987623353
2018-04-11,10417.150390625,10417.150390625,10428.150390625,10355.599609375,10428.150390625,250400,0.0014324199692374862,-0.0006239710243455265
2018-04-12,10458.650390625,10458.650390625,10469.900390625,10395.25,10410.650390625,238600,0.003983815001590951,0.0035042202094595076
2018-04-13,10480.599609375,10480.599609375,10519.900390625,10451.4501953125,10495.2998046875,213100,0.002098666456015641,-0.007852585515611299
2018-04-16,10528.349609375,10528.349609375,10540.150390625,10396.349609375,10398.2998046875,195000,0.004556037037927396,0.0027497372700011624
2018-04-17,10548.7001953125,10548.7001953125,10560.4501953125,10495.650390625,10557.2998046875,206100,0.001932932196645476,0.002862930479901271
2018-04-18,10526.2001953125,10526.2001953125,10594.2001953125,10509.7001953125,10578.900390625,205400,-0.002132964212026689,0.003557807624557263
2018-04-19,10565.2998046875,10565.2998046875,10572.2001953125,10546.2001953125,10563.650390625,262600,0.0037145036812440413,-0.00046853335011887154
2018-04-20,10564.0498046875,10564.0498046875,10582.349609375,10527.4501953125,10560.349609375,244600,-0.00011831183431687542,0.002721494174255268
2018-04-23,10584.7001953125,10584.7001953125,10638.349609375,10514.9501953125,10592.7998046875,194200,0.0019547797489403163,-0.0006235968724388474
2018-04-24,10614.349609375,10614.349609375,10636.7998046875,10569.0,10578.099609375,219200,0.0028011576629851653,-0.00018363996115955405
2018-04-25,10570.5498046875,10570.5498046875,10612.599609375,10536.4501953125,10612.400390625,189200,-0.00412647089076601,0.0015089276912945149
2018-04-26,10617.7998046875,10617.7998046875,10628.400390625,10559.650390625,10586.5,335100,0.0044699661676110836,0.0031880979638132523
2018-04-27,10692.2998046875,10692.2998046875,10719.7998046875,10647.5498046875,10651.650390625,0,0.007016519558704637,0.001257932863667266
2018-04-30,10739.349609375,10739.349609375,10759.0,10704.599609375,10705.75,173800,0.004400344691688707,0.0041436401289285385
2018-05-02,10718.0498046875,10718.0498046875,10784.650390625,10689.7998046875,10783.849609375,229700,-0.0019833421447520427,0.00019598583471602815
2018-05-03,10679.650390625,10679.650390625,10720.599609375,10647.4501953125,10720.150390625,185200,-0.003582686660562606,0.001947611010352901
2018-05-04,10618.25,10618.25,10700.4501953125,10601.599609375,10700.4501953125,186500,-0.0057492884485150775,0.003286830751300762
2018-05-07,10715.5,10715.5,10725.650390625,10635.650390625,10653.150390625,168400,0.00915875968262192,0.003956921340581454
2018-05-08,10717.7998046875,10717.7998046875,10758.5498046875,10689.400390625,10757.900390625,269800,0.00021462411343375898,-0.002281270014187653
2018-05-09,10741.7001953125,10741.7001953125,10766.25,10689.849609375,10693.349609375,215400,0.0022299717349214543,0.0035329784505679918
2018-05-10,10716.5498046875,10716.5498046875,10785.5498046875,10705.0,10779.650390625,192100,-0.0023413789407356056,0.002370202265461474
2018-05-11,10806.5,10806.5,10812.0498046875,10724.4501953125,10741.9501953125,203100,0.00839357787271755,0.000800480324341768
2018-05-14,10806.599609375,10806.599609375,10834.849609375,10774.75,10815.150390625,171400,9.217542682682378e-06,0.0005552162768014401
2018-05-15,10801.849609375,10801.849609375,10929.2001953125,10781.400390625,10812.599609375,254300,-0.0004395462191344457,-0.0046195249764625634
2018-05-16,10741.099609375,10741.099609375,10790.4501953125,10699.7001953125,10751.9501953125,231100,-0.005624036826737067,0.0032119616477523927
2018-05-17,10682.7001953125,10682.7001953125,10777.25,10664.5,10775.599609375,214100,-0.005437005165795927,-0.0010157156654326815
2018-05-18,10596.400390625,10596.400390625,10674.9501953125,10589.099609375,10671.849609375,223000,-0.008078463600931896,0.0019157264674012353
2018-05-21,10516.7001953125,10516.7001953125,10621.7001953125,10505.7998046875,10616.7001953125,0,-0.007521440524559053,0.0001664020051441728
2018-05-22,10536.7001953125,10536.7001953125,10558.599609375,10490.5498046875,10518.4501953125,241700,0.0019017372016476575,-0.0014805950295938564
2018-05-23,10430.349609375,10430.349609375,10533.5498046875,10417.7998046875,10521.099609375,290900,-0.010093348388598211,0.0033076551881818794
2018-05-24,10513.849609375,10513.849609375,10535.150390625,10419.7998046875,10464.849609375,297600,0.008005484296034426,0.0018261812776338981
2018-05-25,10605.150390625,10605.150390625,10628.0498046875,10524.0,10533.0498046875,260800,0.00868385840031305,0.004073418778500981
2018-05-28,10688.650390625,10688.650390625,10709.7998046875,10640.5498046875,10648.349609375,232600,0.007873532851907061,7.016788580327393e-05
2018-05-29,10633.2998046875,10633.2998046875,10717.25,10616.099609375,10689.400390625,225800,-0.005178444790938985,-0.0051065808060413165
2018-05-30,10614.349609375,10614.349609375,10648.7001953125,10558.4501953125,10579.0,238700,-0.0017821556488181178,0.00525232369873696
2018-05-31,10736.150390625,10736.150390625,10763.7998046875,10620.400390625,10670.099609375,610300,0.011475105468772284,0.00021421129583920617
2018-06-01,10696.2001953125,10696.2001953125,10764.75,10681.5,10738.4501953125,220600,-0.0037210912532843476,0.0065210073415200576
2018-06-04,10628.5,10628.5,10770.2998046875,10618.349609375,10765.9501953125,203800,-0.006329368754912523,0.0002070090146775172
2018-06-05,10593.150390625,10593.150390625,10633.150390625,10550.900390625,10630.7001953125,167700,-0.003325926459519235,0.0009723079827712588
2018-06-06,10684.650390625,10684.650390625,10698.349609375,10587.5,10603.4501953125,189900,0.0086376570355291,0.003551751097377709
2018-06-07,10768.349609375,10768.349609375,10818.0,10722.599609375,10722.599609375,220900,0.007833594520176401,-0.002966955931871351
2018-06-08,10767.650390625,10767.650390625,10779.4501953125,10709.0498046875,10736.400390625,209400,-6.493276828523076e-05,0.001318692401302668
2018-06-11,10786.9501953125,10786.9501953125,10850.5498046875,10777.0498046875,10781.849609375,211400,0.0017923877528847054,0.002706992688738863
2018-06-12,10842.849609375,10842.849609375,10856.5498046875,10789.400390625,10816.150390625,198300,0.005182133323169635,0.0041179572006968534
2018-06-13,10856.7001953125,10856.7001953125,10893.25,10842.650390625,10887.5,213400,0.0012773935299743577,-0.0021921766521447728
2018-06-14,10808.0498046875,10808.0498046875,10833.7001953125,10773.5498046875,10832.900390625,184300,-0.0044811397339686865,5.5568391000626605e-05
2018-06-15,10817.7001953125,10817.7001953125,10834.0,10755.400390625,10808.650390625,305400,0.000892889170515776,0.0011555136280645417
2018-06-18,10799.849609375,10799.849609375,10830.2001953125,10787.349609375,10830.2001953125,196600,-0.00165012762557748,-0.0009629221182370085
2018-06-19,10710.4501953125,10710.4501953125,10789.4501953125,10701.2001953125,10789.4501953125,224500,-0.008277838793689818,0.0022594937534083925
2018-06-20,10772.0498046875,10772.0498046875,10781.7998046875,10724.0498046875,10734.650390625,193500,0.005751355755517995,0.0033791517199595056
2018-06-21,10741.099609375,10741.099609375,10809.599609375,10725.900390625,10808.4501953125,223600,-0.0028731945983977436,0.000149015091164717
2018-06-22,10821.849609375,10821.849609375,10837.0,10710.4501953125,10742.7001953125,229800,0.007517852262492797,9.70981198158416e-05
2018-06-25,10762.4501953125,10762.4501953125,10831.0498046875,10753.0498046875,10822.900390625,229600,-0.005488841206131911,-0.0018350839856710044
2018-06-26,10769.150390625,10769.150390625,10805.25,10732.5498046875,10742.7001953125,220000,0.0006225529680423669,0.0015181893447446804
2018-06-27,10671.400390625,10671.400390625,10785.5,10652.400390625,10785.5,246000,-0.009076853461448153,-0.000993364089947657
2018-06-28,10589.099609375,10589.099609375,10674.2001953125,10557.7001953125,10660.7998046875,352300,-0.007712275637441368,0.002242872470382018
2018-06-29,10714.2998046875,10714.2998046875,10723.0498046875,10612.349609375,10612.849609375,242800,0.011823497741172861,0.0016846462220148073
2018-07-02,10657.2998046875,10657.2998046875,10736.150390625,10604.650390625,10732.349609375,295400,-0.005319993003655044,0.0010602877740690797
2018-07-03,10699.900390625,10699.900390625,10713.2998046875,10630.25,10668.599609375,202100,0.003997315147197256,0.0014111915834496003
2018-07-04,10769.900390625,10769.900390625,10777.150390625,10677.75,10715.0,173900,0.006542116977213297,0.0014994952113538407
2018-07-05,10749.75,10749.75,10786.0498046875,10726.25,10786.0498046875,220500,-0.0018709913642785958,-0.0005209060094421014
2018-07-06,10772.650390625,10772.650390625,10816.349609375,10735.0498046875,10744.150390625,0,0.0021303184376380013,0.006094081928030626
2018-07-09,10852.900390625,10852.900390625,10860.349609375,10807.150390625,10838.2998046875,183600,0.007449420253147654,0.004593206201179312
2018-07-10,10947.25,10947.25,10956.900390625,10876.650390625,10902.75,197000,0.008693492612951825,0.000835862031560497
2018-07-11,10948.2998046875,10948.2998046875,10976.650390625,10923.0,10956.400390625,222300,9.589665783638068e-05,0.005357031837937898
2018-07-12,11023.2001953125,11023.2001953125,11078.2998046875,10999.650390625,11006.9501953125,248300,0.006841280560560881,0.0030572061393596695
2018-07-13,11018.900390625,11018.900390625,11071.349609375,10999.75,11056.900390625,0,-0.0003900686380828855,4.5199326370592985e-06
2018-07-16,10936.849609375,10936.849609375,11019.5,10926.25,11018.9501953125,210500,-0.0074463674542162295,0.0002560866565815001
2018-07-17,11008.0498046875,11008.0498046875,11018.5,10925.599609375,10939.650390625,210600,0.006510119262449043,0.004737477714062743
2018-07-18,10980.4501953125,10980.4501953125,11076.2001953125,10956.2998046875,11060.2001953125,225500,-0.002507220612614547,0.0017348837569184372
2018-07-19,10957.099609375,10957.099609375,11006.5,10935.4501953125,10999.5,215400,-0.0021265599790679657,0.0005841318280546126
2018-07-20,11010.2001953125,11010.2001953125,11030.25,10946.2001953125,10963.5,187300,0.00484622644956767,0.000876406776564087
2018-07-23,11084.75,11084.75,11093.400390625,11010.9501953125,11019.849609375,229100,0.006770976309698584,0.002187690295225364
2018-07-24,11134.2998046875,11134.2998046875,11143.400390625,11092.5,11109.0,205800,0.00447008770495505,0.0012664097594681234
2018-07-25,11132.0,11132.0,11157.150390625,11113.25,11148.400390625,205900,-0.0002065513528324292,8.535710676427222e-05
2018-07-26,11167.2998046875,11167.2998046875,11185.849609375,11125.7001953125,11132.9501953125,365400,0.0031710209025781477,0.005860879214958148
2018-07-27,11278.349609375,11278.349609375,11283.400390625,11210.25,11232.75,314600,0.009944194803553685,0.0016226470967690698
2018-07-30,11319.5498046875,11319.5498046875,11328.099609375,11261.4501953125,11296.650390625,278800,0.0036530340643325943,-0.000750913255974206
2018-07-31,11356.5,11356.5,11366.0,11267.75,11311.0498046875,256500,0.0032642813495284972,0.00029056528750048827
2018-08-01,11346.2001953125,11346.2001953125,11390.5498046875,11313.5498046875,11359.7998046875,269700,-0.0009069523785937283,-0.0015247223202219384
2018-08-02,11244.7001953125,11244.7001953125,11328.900390625,11234.9501953125,11328.900390625,210000,-0.008945726168478219,0.004722189871912752
2018-08-03,11360.7998046875,11360.7998046875,11368.0,11294.5498046875,11297.7998046875,218300,0.010324829240302646,0.003582511443930736
2018-08-06,11387.099609375,11387.099609375,11427.650390625,11370.599609375,11401.5,203700,0.0023149606664707445,0.003165931842759928
2018-08-07,11389.4501953125,11389.4501953125,11428.9501953125,11359.7001953125,11423.150390625,226400,0.00020642534254866618,0.0020237855464688703
2018-08-08,11450.0,11450.0,11459.9501953125,11379.2998046875,11412.5,210500,0.005316306199962151,0.0037772925764192333
2018-08-09,11470.7001953125,11470.7001953125,11495.2001953125,11454.099609375,11493.25,302200,0.001807877319869089,0.0003705092041144109
2018-08-10,11429.5,11429.5,11478.75,11419.650390625,11474.9501953125,0,-0.003591776841080363,-0.005240858359945699
2018-08-13,11355.75,11355.75,11406.2998046875,11340.2998046875,11369.599609375,246900,-0.006452600726191027,0.002285203118464141
2018-08-14,11435.099609375,11435.099609375,11452.4501953125,11370.7998046875,11381.7001953125,232600,0.006987615029830696,-0.0033186609689772606
2018-08-16,11385.0498046875,11385.0498046875,11449.849609375,11366.25,11397.150390625,290600,-0.004376857779749166,0.004576228196740084
2018-08-17,11470.75,11470.75,11486.4501953125,11431.7998046875,11437.150390625,234700,0.0075274326228431665,0.0027330043262210335
2018-08-20,11551.75,11551.75,11565.2998046875,11499.650390625,11502.099609375,232600,0.007061438877143944,0.0021165793332178495
2018-08-21,11570.900390625,11570.900390625,11581.75,11539.599609375,11576.2001953125,224200,0.00165779129785526,0.004303883276693732
2018-08-23,11582.75,11582.75,11620.7001953125,11546.7001953125,11620.7001953125,248500,0.0010240870610727093,-0.0013943485463296934
2018-08-24,11557.099609375,11557.099609375,11604.599609375,11532.0,11566.599609375,218800,-0.0022145337355118366,0.004218186365760435
2018-08-27,11691.9501953125,11691.9501953125,11700.9501953125,11595.599609375,11605.849609375,199500,0.011668203138797129,0.00342115723483305
2018-08-28,11738.5,11738.5,11760.2001953125,11710.5,11731.9501953125,241900,0.003981355027167455,0.000549490591855939
2018-08-29,11691.900390625,11691.900390625,11753.2001953125,11678.849609375,11744.9501953125,251600,-0.003969809547642367,0.00024372508144909766
2018-08-30,11676.7998046875,11676.7998046875,11698.7998046875,11639.7001953125,11694.75,313800,-0.0012915424723947133,-8.137463418000923e-05
2018-08-31,11680.5,11680.5,11727.650390625,11640.099609375,11675.849609375,346500,0.00031688436681198695,0.006104174024014419
2018-09-03,11582.349609375,11582.349609375,11751.7998046875,11567.400390625,11751.7998046875,234400,-0.00840292715423141,0.0014159813145102618
2018-09-04,11520.2998046875,11520.2998046875,11602.5498046875,11496.849609375,11598.75,254800,-0.00535727264157837,-0.0004730949198286094
2018-09-05,11476.9501953125,11476.9501953125,11542.650390625,11393.849609375,11514.849609375,246100,-0.0037628889968090995,0.0032412962223791197
2018-09-06,11536.900390625,11536.900390625,11562.25,11436.0498046875,11514.150390625,247900,0.005223530144531363,0.0018505498575984713
2018-09-07,11589.099609375,11589.099609375,11603.0,11484.400390625,11558.25,295900,0.0045245444601755835,-0.001626494724383254
2018-09-10,11438.099609375,11438.099609375,11573.0,11427.2998046875,11570.25,286700,-0.013029485041085365,0.0033878005370961972
2018-09-11,11287.5,11287.5,11479.400390625,11274.0,11476.849609375,0,-0.013166488710376734,0.004659987541528299
2018-09-12,11369.900390625,11369.900390625,11380.75,11250.2001953125,11340.099609375,268200,0.0073001453488372725,0.00647319737609009
2018-09-14,11515.2001953125,11515.2001953125,11523.25,11430.5498046875,11443.5,276600,0.012779338401883056,-0.004363797341574216
2018-09-17,11377.75,11377.75,11464.9501953125,11366.900390625,11464.9501953125,201400,-0.011936413868727347,0.00033396802421381544
2018-09-18,11278.900390625,11278.900390625,11411.4501953125,11268.9501953125,11381.5498046875,240900,-0.008687975159851424,0.004233568729775206
2018-09-19,11234.349609375,11234.349609375,11332.0498046875,11210.900390625,11326.650390625,250600,-0.003949922395540484,0.003289037336141387
2018-09-21,11143.099609375,11143.099609375,11346.7998046875,10866.4501953125,11271.2998046875,719000,-0.00812241056873042,0.0019115669783726918
2018-09-24,10967.400390625,10967.400390625,11170.150390625,10943.599609375,11164.400390625,0,-0.015767535507102526,0.00023248943201514827
2018-09-25,11067.4501953125,11067.4501953125,11080.599609375,10882.849609375,10969.9501953125,405000,0.009122472156029238,0.007056693998774843
2018-09-26,11053.7998046875,11053.7998046875,11145.5498046875,10993.0498046875,11145.5498046875,340500,-0.0012333817079910325,0.0023521323399555705
2018-09-27,10977.5498046875,10977.5498046875,11089.4501953125,10953.349609375,11079.7998046875,405700,-0.006898080420062014,0.0027829347378096614
2018-09-28,10930.4501953125,10930.4501953125,11034.099609375,10850.2998046875,11008.099609375,478100,-0.004290539347394984,4.118726168234055e-05
2018-10-01,11008.2998046875,11008.2998046875,11035.650390625,10821.5498046875,10930.900390625,387000,0.007122269255513958,-0.0023254825748930674
2018-10-03,10858.25,10858.25,10989.0498046875,10843.75,10982.7001953125,386800,-0.01363060666494631,-0.009536509537678706
2018-10-04,10599.25,10599.25,10754.7001953125,10547.25,10754.7001953125,425100,-0.023852830796859514,-0.008033624136141726
2018-10-05,10316.4501953125,10316.4501953125,10540.650390625,10261.900390625,10514.099609375,606400,-0.026681114672028716,-0.0006106562401050342
2018-10-08,10348.0498046875,10348.0498046875,10398.349609375,10198.400390625,10310.150390625,456200,0.003063031253653259,0.004082894921984437
2018-10-09,10301.0498046875,10301.0498046875,10397.599609375,10279.349609375,10390.2998046875,430500,-0.004541918611438267,0.0029899675539364345
2018-10-10,10460.099609375,10460.099609375,10482.349609375,10318.25,10331.849609375,0,0.015440154906845027,-0.027753063118759913
2018-10-11,10234.650390625,10234.650390625,10335.9501953125,10138.599609375,10169.7998046875,483500,-0.021553257346415555,0.009467779588373748
2018-10-12,10472.5,10472.5,10492.4501953125,10322.150390625,10331.5498046875,343500,0.02323964183406524,0.004936757728574825
2018-10-15,10512.5,10512.5,10526.2998046875,10410.150390625,10524.2001953125,259500,0.003819527333492445,0.0035814878121285254
2018-10-16,10584.75,10584.75,10604.900390625,10525.2998046875,10550.150390625,265200,0.006872770511296089,0.009820751110087622
2018-10-17,10453.0498046875,10453.0498046875,10710.150390625,10436.4501953125,10688.7001953125,284800,-0.012442447418455793,-0.010843687870325636
2018-10-19,10303.5498046875,10303.5498046875,10380.099609375,10249.599609375,10339.7001953125,357500,-0.014302046081609565,0.009928598068304595
2018-10-22,10245.25,10245.25,10408.5498046875,10224.0,10405.849609375,297300,-0.0056582251546914986,-0.00904325327590838
2018-10-23,10146.7998046875,10146.7998046875,10222.099609375,10102.349609375,10152.599609375,302600,-0.009609350217173795,0.012945025866857085
2018-10-24,10224.75,10224.75,10290.650390625,10126.7001953125,10278.150390625,351400,0.007682244334463961,-0.008772849733489796
2018-10-25,10124.900390625,10124.900390625,10166.599609375,10079.2998046875,10135.0498046875,0,-0.009765481735494741,-0.000251931490838353
2018-10-26,10030.0,10030.0,10128.849609375,10004.5498046875,10122.349609375,364300,-0.0093729702973544,0.004795574214855325
2018-10-29,10250.849609375,10250.849609375,10275.2998046875,10020.349609375,10078.099609375,364400,0.022018904224825553,-0.0011169043724462702
2018-10-30,10198.400390625,10198.400390625,10285.099609375,10175.349609375,10239.400390625,289800,-0.005116572845048073,0.0010932512585748455
2018-10-31,10386.599609375,10386.599609375,10396.0,10105.099609375,10209.5498046875,375000,0.01845379780568379,0.005304968710622582
2018-11-01,10380.4501953125,10380.4501953125,10441.900390625,10341.900390625,10441.7001953125,348500,-0.0005920526730374132,0.00788497683963274
2018-11-02,10553.0,10553.0,10606.9501953125,10457.7001953125,10462.2998046875,421200,0.01662257430466929,0.0005448687576992128
2018-11-05,10524.0,10524.0,10558.7998046875,10477.0,10558.75,301900,-0.0027480337344830685,0.0026605853287722248
2018-11-06,10530.0,10530.0,10600.25,10491.4501953125,10552.0,0,0.0005701254275940482,0.008019961568138667
2018-11-07,10598.400390625,10598.400390625,10616.4501953125,10582.2998046875,10614.4501953125,31200,0.006495763592117676,0.0015379495099956397
2018-11-09,10585.2001953125,10585.2001953125,10619.5498046875,10544.849609375,10614.7001953125,296600,-0.0012454893970770264,0.0021350195516385284
2018-11-12,10482.2001953125,10482.2001953125,10645.5,10464.0498046875,10607.7998046875,259700,-0.009730567027500525,-0.002890595879007307
2018-11-13,10582.5,10582.5,10596.25,10440.5498046875,10451.900390625,254600,0.009568583199961456,0.004951607902196953
2018-11-14,10576.2998046875,10576.2998046875,10651.599609375,10532.7001953125,10634.900390625,384500,-0.0005858913595558901,0.00040655094569030936
2018-11-15,10616.7001953125,10616.7001953125,10646.5,10557.5,10580.599609375,0,0.0038198983927342223,0.0025714020538654125
2018-11-16,10682.2001953125,10682.2001953125,10695.150390625,10631.150390625,10644.0,342800,0.006169525256907837,0.004591732395075709
2018-11-19,10763.400390625,10763.400390625,10774.7001953125,10688.7998046875,10731.25,272100,0.0076014485618920435,-0.0021648159879191775
2018-11-20,10656.2001953125,10656.2001953125,10740.849609375,10640.849609375,10740.099609375,295200,-0.009959695953136949,0.0013841706921466912
2018-11-21,10600.0498046875,10600.0498046875,10671.2998046875,10562.349609375,10670.9501953125,300900,-0.00526926949530282,0.0011887289370968723
2018-11-22,10526.75,10526.75,10646.25,10512.0,10612.650390625,239500,-0.006915043423200262,0.003947068628731509
2018-11-26,10628.599609375,10628.599609375,10637.7998046875,10489.75,10568.2998046875,0,0.009675313783931383,-0.0006726581417362265
2018-11-27,10685.599609375,10685.599609375,10695.150390625,10596.349609375,10621.4501953125,0,0.0053628890065369195,0.0021665036564433304
2018-11-28,10728.849609375,10728.849609375,10757.7998046875,10699.849609375,10708.75,424500,0.004047503329813518,0.007442604644930961
2018-11-29,10858.7001953125,10858.7001953125,10883.0498046875,10782.349609375,10808.7001953125,691300,0.012102936537020215,0.003075820628781978
2018-11-30,10876.75,10876.75,10922.4501953125,10835.099609375,10892.099609375,453900,0.001662243580064171,0.004960139316661616
2018-12-03,10883.75,10883.75,10941.2001953125,10845.349609375,10930.7001953125,409700,0.000643574597191332,-0.0006110385322154466
2018-12-04,10869.5,10869.5,10890.9501953125,10833.349609375,10877.099609375,322100,-0.0013092913747559942,-0.0045126091069046526
2018-12-05,10782.900390625,10782.900390625,10821.0498046875,10747.9501953125,10820.4501953125,312300,-0.007967211865771207,-0.006004877876484516
2018-12-06,10601.150390625,10601.150390625,10722.650390625,10588.25,10718.150390625,318500,-0.01685539079615528,0.004117422397959869
2018-12-07,10693.7001953125,10693.7001953125,10704.5498046875,10599.349609375,10644.7998046875,325800,0.008730166187373989,-0.017299905235897084
2018-12-10,10488.4501953125,10488.4501953125,10558.849609375,10474.9501953125,10508.7001953125,381300,-0.019193543511718203,-0.01319550439271322
2018-12-11,10549.150390625,10549.150390625,10567.150390625,10333.849609375,10350.0498046875,425500,0.005787336945131116,0.003967107096339406
2018-12-12,10737.599609375,10737.599609375,10752.2001953125,10560.7998046875,10591.0,360500,0.01786392380162427,0.0068125459400751875
2018-12-13,10791.5498046875,10791.5498046875,10838.599609375,10749.5,10810.75,376200,0.005024418610784842,-0.0006532708290367673
2018-12-14,10805.4501953125,10805.4501953125,10815.75,10752.099609375,10784.5,340100,0.001288081033454791,0.00441906622462751
2018-12-17,10888.349609375,10888.349609375,10900.349609375,10844.849609375,10853.2001953125,296900,0.007672000015183311,-0.0034393843046476302
2018-12-18,10908.7001953125,10908.7001953125,10915.400390625,10819.099609375,10850.900390625,286100,0.0018690239262686426,0.002002952595982821
2018-12-19,10967.2998046875,10967.2998046875,10985.150390625,10928.0,10930.5498046875,312100,0.005371823253533137,-0.007485854388690094
2018-12-20,10951.7001953125,10951.7001953125,10962.5498046875,10880.0498046875,10885.2001953125,318900,-0.001422374664029169,-0.0006802775075680501
2018-12-21,10754.0,10754.0,10963.650390625,10738.650390625,10944.25,377500,-0.018052009440243655,0.002501431153524303
2018-12-24,10663.5,10663.5,10782.2998046875,10649.25,10780.900390625,223400,-0.008415473312255894,-0.0026304501043278306
2018-12-26,10729.849609375,10729.849609375,10747.5,10534.5498046875,10635.4501953125,263700,0.006222123071693231,0.008206152411779133
2018-12-27,10779.7998046875,10779.7998046875,10834.2001953125,10764.4501953125,10817.900390625,456100,0.004655255863871277,0.003817361302675293
2018-12-28,10859.900390625,10859.900390625,10893.599609375,10817.150390625,10820.9501953125,245500,0.007430619064249022,0.004907946000454189
2018-12-31,10862.5498046875,10862.5498046875,10923.5498046875,10853.2001953125,10913.2001953125,180900,0.00024396301689710853,0.0005799563454964574
2019-01-02,10792.5,10792.5,10895.349609375,10735.0498046875,10868.849609375,309700,-0.006448744166611009,0.00039840673500113333
2019-01-03,10672.25,10672.25,10814.0498046875,10661.25,10796.7998046875,286200,-0.011141996757007222,0.0025721094719950433
2019-01-04,10727.349609375,10727.349609375,10741.0498046875,10628.650390625,10699.7001953125,296600,0.0051628859308019415,0.007224524493195439
2019-01-07,10771.7998046875,10771.7998046875,10835.9501953125,10750.150390625,10804.849609375,269400,0.004143632577580325,0.0013414838350609415
2019-01-08,10802.150390625,10802.150390625,10818.4501953125,10733.25,10786.25,277700,0.0028175965472634346,0.005577593147776394
2019-01-09,10855.150390625,10855.150390625,10870.400390625,10749.400390625,10862.400390625,333000,0.004906430486840696,0.00038684113981757307
2019-01-10,10821.599609375,10821.599609375,10859.349609375,10801.7998046875,10859.349609375,254400,-0.0030907707440862575,0.001215198408709206
2019-01-11,10794.9501953125,10794.9501953125,10850.150390625,10739.400390625,10834.75,260800,-0.0024626132017869784,0.0011162445837622492
2019-01-14,10737.599609375,10737.599609375,10808.0,10692.349609375,10807.0,298800,-0.005312723532749919,0.0037205890297511424
2019-01-15,10886.7998046875,10886.7998046875,10896.9501953125,10777.5498046875,10777.5498046875,310700,0.013895116296032572,0.0011803823132641167
2019-01-16,10890.2998046875,10890.2998046875,10928.150390625,10876.900390625,10899.650390625,276500,0.0003214902508350548,0.0028052308233379453
2019-01-17,10905.2001953125,10905.2001953125,10930.650390625,10844.650390625,10920.849609375,271700,0.001368225934293088,0.0008848452013423547
2019-01-18,10906.9501953125,10906.9501953125,10928.2001953125,10852.2001953125,10914.849609375,323800,0.0001604738994844812,0.0011368360394483634
2019-01-21,10961.849609375,10961.849609375,10987.4501953125,10885.75,10919.349609375,288800,0.0050334340103701525,-0.0010992492249842778
2019-01-22,10922.75,10922.75,10949.7998046875,10864.150390625,10949.7998046875,300800,-0.0035668806605010372,0.0007598640166166515
2019-01-23,10831.5,10831.5,10944.7998046875,10811.9501953125,10931.0498046875,298900,-0.008354123274816327,0.0011586395870839539
2019-01-24,10849.7998046875,10849.7998046875,10866.599609375,10798.650390625,10844.0498046875,361100,0.001689498655541799,0.0009170856137088457
2019-01-25,10780.5498046875,10780.5498046875,10931.7001953125,10756.4501953125,10859.75,463400,-0.006382606245884936,0.0011038760397754643
2019-01-28,10661.5498046875,10661.5498046875,10804.4501953125,10630.9501953125,10792.4501953125,419700,-0.011038398055380982,-0.0007362540642589233
2019-01-29,10652.2001953125,10652.2001953125,10690.349609375,10583.650390625,10653.7001953125,356900,-0.0008769465552643796,0.00469854150033
2019-01-30,10651.7998046875,10651.7998046875,10710.2001953125,10612.849609375,10702.25,410100,-3.758759858607519e-05,0.003637882865855868
2019-01-31,10830.9501953125,10830.9501953125,10838.0498046875,10678.5498046875,10690.5498046875,604800,0.016818790618479573,0.001883437158757273
2019-02-01,10893.650390625,10893.650390625,10983.4501953125,10813.4501953125,10851.349609375,482300,0.005788983808607595,-0.0015513982934081127
2019-02-04,10912.25,10912.25,10927.900390625,10814.150390625,10876.75,318300,0.0017073807867935553,-0.00032986866823980776
2019-02-05,10934.349609375,10934.349609375,10956.7001953125,10886.7001953125,10908.650390625,268100,0.0020252110586724825,0.002812238596581418
2019-02-06,11062.4501953125,11062.4501953125,11072.599609375,10962.7001953125,10965.099609375,298500,0.011715428033110209,0.0007231670975920146
2019-02-07,11069.400390625,11069.400390625,11118.099609375,11043.599609375,11070.4501953125,263500,0.0006282690714798367,-0.004146601351946222
2019-02-08,10943.599609375,10943.599609375,11041.2001953125,10925.4501953125,11023.5,352800,-0.011364733121095205,-0.001160424284813999
2019-02-11,10888.7998046875,10888.7998046875,10930.900390625,10857.099609375,10930.900390625,286000,-0.005007475295473629,-0.0008356852488997646
2019-02-12,10831.400390625,10831.400390625,10910.900390625,10823.7998046875,10879.7001953125,292300,-0.005271417887377283,-0.004182356815948696
2019-02-14,10746.0498046875,10746.0498046875,10792.7001953125,10718.75,10786.099609375,627000,-0.007879921603800577,0.0031825829894795987
2019-02-15,10724.400390625,10724.400390625,10785.75,10620.400390625,10780.25,521900,-0.002014639281967212,0.0013287456156949595
2019-02-18,10640.9501953125,10640.9501953125,10759.900390625,10628.400390625,10738.650390625,345400,-0.00778133902809619,-0.00039940042214203775
2019-02-19,10604.349609375,10604.349609375,10722.849609375,10585.650390625,10636.7001953125,291500,-0.0034395975233135756,0.0048188326318781005
2019-02-20,10735.4501953125,10735.4501953125,10752.7001953125,10646.400390625,10655.4501953125,289200,0.012362906803977669,0.0008056871305011093
2019-02-21,10789.849609375,10789.849609375,10808.849609375,10721.5,10744.099609375,279600,0.005067269008080633,-0.0006626055340278603
2019-02-22,10791.650390625,10791.650390625,10801.5498046875,10758.400390625,10782.7001953125,396800,0.00016689586186968697,0.002001511223321595
2019-02-25,10880.099609375,10880.099609375,10887.099609375,10788.0498046875,10813.25,385900,0.008196078963680797,-0.009632246803806588
2019-02-26,10835.2998046875,10835.2998046875,10888.75,10729.2998046875,10775.2998046875,415000,-0.004117591409631749,0.004236190179541133
2019-02-27,10806.650390625,10806.650390625,10939.7001953125,10751.2001953125,10881.2001953125,381100,-0.002644081343287419,0.0054642097738932804
2019-02-28,10792.5,10792.5,10865.7001953125,10784.849609375,10865.7001953125,644200,-0.0013094150466157473,0.004646781619179974
2019-03-01,10863.5,10863.5,10877.900390625,10823.099609375,10842.650390625,308500,0.006578642575862936,0.00012423338472866696
2019-03-05,10987.4501953125,10987.4501953125,10994.900390625,10817.0,10864.849609375,373200,0.011409784628572783,0.0034038301332601772
2019-03-06,11053.0,11053.0,11062.2998046875,10998.849609375,11024.849609375,372600,0.005965879573721855,0.002257323379399212
2019-03-07,11058.2001953125,11058.2001953125,11089.0498046875,11027.099609375,11077.9501953125,321200,0.00047047817900125466,-0.0017498856591240397
2019-03-08,11035.400390625,11035.400390625,11049.0,11008.9501953125,11038.849609375,326600,-0.0020618006804727917,0.003022057034136383
2019-03-11,11168.0498046875,11168.0498046875,11180.900390625,11059.849609375,11068.75,352200,0.012020353532001593,0.005667937177440852
2019-03-12,11301.2001953125,11301.2001953125,11320.400390625,11227.0,11231.349609375,391300,0.011922438828049886,0.00221215442324163
2019-03-13,11341.7001953125,11341.7001953125,11352.2998046875,11276.599609375,11326.2001953125,383000,0.0035836901656514097,0.0035973270307712024
2019-03-14,11343.25,11343.25,11383.4501953125,11313.75,11382.5,294500,0.00013664659273393553,0.0029620795957947532
2019-03-15,11426.849609375,11426.849609375,11487.0,11370.7998046875,11376.849609375,463700,0.007369987382364052,0.004113119679236776
2019-03-18,11462.2001953125,11462.2001953125,11530.150390625,11412.5,11473.849609375,320300,0.0030936423551506387,0.0033239350845206683
2019-03-19,11532.400390625,11532.400390625,11543.849609375,11451.25,11500.2998046875,326100,0.006124495656707252,0.001816553192779402
2019-03-20,11521.0498046875,11521.0498046875,11556.099609375,11503.099609375,11553.349609375,366300,-0.0009842344657688962,0.0024433876341327654
2019-03-22,11456.900390625,11456.900390625,11572.7998046875,11434.5498046875,11549.2001953125,386200,-0.005568018119008533,-0.00534612311460092
2019-03-25,11354.25,11354.25,11395.650390625,11311.599609375,11395.650390625,294500,-0.008959700017030503,0.0018451412741924411
2019-03-26,11483.25,11483.25,11496.75,11352.4501953125,11375.2001953125,282600,0.011361384503600025,0.004197434986828563
2019-03-27,11445.0498046875,11445.0498046875,11546.2001953125,11413.0,11531.4501953125,350400,-0.0033266013813597617,0.001625207950592067
2019-03-28,11570.0,11570.0,11588.5,11452.4501953125,11463.650390625,527700,0.010917400749215211,0.008228193199006029
2019-04-01,11669.150390625,11669.150390625,11738.099609375,11644.75,11665.2001953125,379600,0.008569610252809001,0.003633461961083606
2019-04-02,11713.2001953125,11713.2001953125,11729.349609375,11655.849609375,11711.5498046875,386100,0.0037748939051200914,0.0018867268557267725
2019-04-03,11643.9501953125,11643.9501953125,11761.0,11629.150390625,11735.2998046875,365800,-0.005912133221091298,0.0013955745024176736
2019-04-04,11598.0,11598.0,11662.5498046875,11559.2001953125,11660.2001953125,349000,-0.003946272059030087,0.003483392880238023
2019-04-05,11665.9501953125,11665.9501953125,11689.650390625,11609.5,11638.400390625,266700,0.005858785593421345,0.0032915804901969548
2019-04-08,11604.5,11604.5,11710.2998046875,11549.099609375,11704.349609375,260900,-0.005267483083991831,0.0006505928465250221
2019-04-09,11671.9501953125,11671.9501953125,11683.900390625,11569.7001953125,11612.0498046875,300500,0.005812417192683883,-0.0021505048871421906
2019-04-10,11584.2998046875,11584.2998046875,11680.0498046875,11571.75,11646.849609375,359900,-0.007509489773200095,0.000712170794877176
2019-04-11,11596.7001953125,11596.7001953125,11606.7001953125,11550.5498046875,11592.5498046875,279800,0.0010704480058416621,0.0013925870110040872
2019-04-12,11643.4501953125,11643.4501953125,11657.349609375,11578.7998046875,11612.849609375,246000,0.0040313191867198395,0.002022579587018125
2019-04-15,11690.349609375,11690.349609375,11704.599609375,11648.25,11667.0,290000,0.0040279653604204935,0.003922088514848987
2019-04-16,11787.150390625,11787.150390625,11810.9501953125,11731.5498046875,11736.2001953125,354300,0.008280400884877803,0.005853832157336258
2019-04-18,11752.7998046875,11752.7998046875,11856.150390625,11738.5,11856.150390625,339700,-0.0029142400664389223,-0.002190967295276347
2019-04-22,11594.4501953125,11594.4501953125,11727.0498046875,11583.9501953125,11727.0498046875,260400,-0.013473352052831178,0.0015955909670886115
2019-04-23,11575.9501953125,11575.9501953125,11645.9501953125,11564.7998046875,11612.9501953125,272500,-0.0015955909670886115,0.00220714535363542
2019-04-24,11726.150390625,11726.150390625,11740.849609375,11578.849609375,11601.5,335200,0.012975193636658888,0.0008144023715690452
2019-04-25,11641.7998046875,11641.7998046875,11796.75,11624.2998046875,11735.7001953125,604400,-0.007193374050953438,0.0036034115013392487
2019-04-26,11754.650390625,11754.650390625,11762.900390625,11661.75,11683.75,333500,0.009693568677590747,-0.000501962238681819
2019-04-30,11748.150390625,11748.150390625,11756.25,11655.900390625,11748.75,532600,-0.0005529726349993158,-0.0019237569477774663
2019-05-02,11724.75,11724.75,11789.2998046875,11699.5498046875,11725.5498046875,380300,-0.001991836148409698,-0.00018340609607880864
2019-05-03,11712.25,11712.25,11770.900390625,11699.349609375,11722.599609375,305500,-0.0010661208128105448,-0.009088791249546424
2019-05-06,11598.25,11598.25,11632.5498046875,11571.349609375,11605.7998046875,299000,-0.00973339879186319,0.004591209880800973
2019-05-07,11497.900390625,11497.900390625,11657.0498046875,11484.4501953125,11651.5,337500,-0.008652133673183404,-0.0016698870802668297
2019-05-08,11359.4501953125,11359.4501953125,11479.099609375,11346.9501953125,11478.7001953125,372800,-0.012041345863927244,-0.0032615843241065035
2019-05-09,11301.7998046875,11301.7998046875,11357.599609375,11255.0498046875,11322.400390625,373000,-0.005075103956069027,0.0010927981517048213
2019-05-10,11278.900390625,11278.900390625,11345.7998046875,11251.0498046875,11314.150390625,387300,-0.0020261741013145596,-0.0017909720462900847
2019-05-13,11148.2001953125,11148.2001953125,11300.2001953125,11125.599609375,11258.7001953125,357600,-0.011588026384304118,0.000309484513379088
2019-05-14,11222.0498046875,11222.0498046875,11294.75,11108.2998046875,11151.650390625,398100,0.006624352638199937,0.004424360209510203
2019-05-15,11157.0,11157.0,11286.7998046875,11136.9501953125,11271.7001953125,414200,-0.005796606308085428,0.002092821490992103
2019-05-16,11257.099609375,11257.099609375,11281.5498046875,11143.349609375,11180.349609375,350700,0.008971910851931497,0.00042646697787063204
2019-05-17,11407.150390625,11407.150390625,11426.150390625,11259.849609375,11261.900390625,412100,0.013329435330307948,0.021455840557791594
2019-05-20,11828.25,11828.25,11845.2001953125,11591.7001953125,11651.900390625,452100,0.036915407876193296,0.002992867974975111
2019-05-21,11709.099609375,11709.099609375,11883.5498046875,11682.7998046875,11863.650390625,381000,-0.010073374389702572,0.0016099090934718063
2019-05-22,11737.900390625,11737.900390625,11784.7998046875,11682.400390625,11727.9501953125,355900,0.0024596922232125173,0.013920667975084067
2019-05-23,11657.0498046875,11657.0498046875,12041.150390625,11614.5,11901.2998046875,569000,-0.006887993870017373,0.007802162368383048
2019-05-24,11844.099609375,11844.099609375,11859.0,11658.099609375,11748.0,374600,0.016046067214389392,0.000962537550425191
2019-05-27,11924.75,11924.75,11957.150390625,11812.400390625,11855.5,348400,0.006809330661248669,0.0028176363760246126
2019-05-28,11928.75,11928.75,11958.5498046875,11864.900390625,11958.349609375,598300,0.0003354368016101894,-0.001923939667819341
2019-05-29,11861.099609375,11861.099609375,11931.900390625,11836.7998046875,11905.7998046875,318100,-0.005671205333752538,0.00035411517066941123
2019-05-30,11945.900390625,11945.900390625,11968.5498046875,11859.400390625,11865.2998046875,421200,0.007149487319284775,0.004511959107310171
2019-05-31,11922.7998046875,11922.7998046875,12039.25,11829.4501953125,11999.7998046875,438900,-0.0019337668306382838,0.002595883166664592
2019-06-03,12088.5498046875,12088.5498046875,12103.0498046875,11920.099609375,11953.75,315300,0.013901936014629301,-0.0029697039465047537
2019-06-04,12021.650390625,12021.650390625,12095.2001953125,12005.849609375,12052.650390625,289200,-0.005534114111566901,0.0015097273230182395
2019-06-06,11843.75,11843.75,12039.7998046875,11830.25,12039.7998046875,415200,-0.014798333410505293,0.0018110982849603996
2019-06-07,11870.650390625,11870.650390625,11897.5,11769.5,11865.2001953125,302500,0.0022712730870713127,0.005412508825189732
2019-06-10,11922.7001953125,11922.7001953125,11975.0498046875,11871.75,11934.900390625,303300,0.004384747505377318,0.003115855758673236
2019-06-11,11965.599609375,11965.599609375,12000.349609375,11904.349609375,11959.849609375,332200,0.0035981290613484873,-0.00026320570345950145
2019-06-12,11906.2001953125,11906.2001953125,11962.4501953125,11866.349609375,11962.4501953125,283700,-0.004964181988503125,-0.002712855836257244
2019-06-13,11914.0498046875,11914.0498046875,11931.349609375,11817.0498046875,11873.900390625,447900,0.0006592875347493088,-0.0003315577303484307
2019-06-14,11823.2998046875,11823.2998046875,11911.849609375,11797.7001953125,11910.099609375,390300,-0.007617057296864349,0.0017507967872296692
2019-06-17,11672.150390625,11672.150390625,11844.0498046875,11657.75,11844.0,295500,-0.012784029548381648,0.0004197524790663376
2019-06-18,11691.5,11691.5,11727.2001953125,11641.150390625,11677.0498046875,365500,0.0016577587443133979,0.00452894798037029
2019-06-19,11691.4501953125,11691.4501953125,11802.5,11625.099609375,11744.4501953125,446900,-4.259905700743083e-06,-0.003233115144488652
2019-06-20,11831.75,11831.75,11843.5,11635.0498046875,11653.650390625,442000,0.012000205478679637,-0.0003507841718257687
2019-06-21,11724.099609375,11724.099609375,11827.9501953125,11705.099609375,11827.599609375,468400,-0.009098433505187353,0.0001450171330121819
2019-06-24,11699.650390625,11699.650390625,11754.0,11670.2001953125,11725.7998046875,277600,-0.002085381356743965,-0.0015940981142431587
2019-06-25,11796.4501953125,11796.4501953125,11814.400390625,11651.0,11681.0,300500,0.008273734808782462,-0.0023990102292590354
2019-06-26,11847.5498046875,11847.5498046875,11871.849609375,11757.5498046875,11768.150390625,327900,0.004331778503613437,0.0011225784999222554
2019-06-27,11841.5498046875,11841.5498046875,11911.150390625,11821.0498046875,11860.849609375,480200,-0.0005064338279993086,0.001655238229859135
2019-06-28,11788.849609375,11788.849609375,11871.7001953125,11775.5,11861.150390625,303900,-0.004450447465215945,0.0043304294262438425
2019-07-01,11865.599609375,11865.599609375,11884.650390625,11830.7998046875,11839.900390625,278400,0.006510389269786421,0.002081664317493459
2019-07-02,11910.2998046875,11910.2998046875,11917.4501953125,11814.7001953125,11890.2998046875,363200,0.003767209141051886,0.0018345957948850966
2019-07-03,11916.75,11916.75,11945.2001953125,11887.0498046875,11932.150390625,340500,0.0005415644793391738,0.0010111653502422602
2019-07-04,11946.75,11946.75,11969.25,11923.650390625,11928.7998046875,333600,0.0025174649128327786,0.001506685918764461
2019-07-05,11811.150390625,11811.150390625,11981.75,11797.900390625,11964.75,530700,-0.011350334557515662,-0.003450129636173749
2019-07-08,11558.599609375,11558.599609375,11771.900390625,11523.2998046875,11770.400390625,464000,-0.02138240331360608,-0.002335923114604732
2019-07-09,11555.900390625,11555.900390625,11582.5498046875,11461.0,11531.599609375,442500,-0.00023352472109261502,-0.0017090836137720888
2019-07-10,11498.900390625,11498.900390625,11593.7001953125,11475.650390625,11536.150390625,337600,-0.004932545113165099,0.005439633579093828
2019-07-11,11582.900390625,11582.900390625,11599.0,11519.5,11561.4501953125,317300,0.007305046321514741,0.0015755984584631122
2019-07-12,11552.5,11552.5,11639.5498046875,11538.599609375,11601.150390625,359400,-0.0026245922523520093,0.005388444059727382
2019-07-15,11588.349609375,11588.349609375,11618.400390625,11532.2998046875,11614.75,368800,0.0031031905972733753,0.0007163040061619608
2019-07-16,11662.599609375,11662.599609375,11670.0498046875,11573.9501953125,11596.650390625,480200,0.006407297199588324,0.0006988485327446003
2019-07-17,11687.5,11687.5,11706.650390625,11651.150390625,11670.75,464800,0.0021350634900458854,-0.0010182152406417178
2019-07-18,11596.900390625,11596.900390625,11677.150390625,11582.400390625,11675.599609375,498300,-0.007751838235294128,0.0026774227286285868
2019-07-19,11419.25,11419.25,11640.349609375,11399.2998046875,11627.9501953125,446000,-0.01531878214359883,-0.0023119198393064533
2019-07-22,11346.2001953125,11346.2001953125,11398.150390625,11301.25,11392.849609375,516000,-0.006397075524881224,0.0022959056106079956
2019-07-23,11331.0498046875,11331.0498046875,11398.150390625,11302.7998046875,11372.25,458900,-0.0013352832106081625,-0.0007589419800663189
2019-07-24,11271.2998046875,11271.2998046875,11359.75,11229.7998046875,11322.4501953125,413200,-0.005273121293252303,0.001694621407333674
2019-07-25,11252.150390625,11252.150390625,11361.400390625,11239.349609375,11290.400390625,553700,-0.0016989534831232112,-0.0004177152943508622
2019-07-26,11284.2998046875,11284.2998046875,11307.599609375,11210.0498046875,11247.4501953125,522700,0.0028571795564771296,0.002055971191306183
2019-07-29,11189.2001953125,11189.2001953125,11310.9501953125,11152.400390625,11307.5,482900,-0.008427603929443195,0.0021896113727828403
2019-07-30,11085.400390625,11085.400390625,11267.4501953125,11072.650390625,11213.7001953125,479100,-0.009276785013729971,-0.004632271648115416
2019-07-31,11118.0,11118.0,11145.2998046875,10999.400390625,11034.0498046875,536700,0.00294076968140633,-0.005198759191176516
2019-08-01,10980.0,10980.0,11076.75,10881.0,11060.2001953125,499900,-0.012412304371289817,-0.004526429445582902
2019-08-02,10997.349609375,10997.349609375,11080.150390625,10848.9501953125,10930.2998046875,547400,0.0015801101434427256,-0.009234025314693195
2019-08-05,10862.599609375,10862.599609375,10895.7998046875,10782.599609375,10895.7998046875,506600,-0.012252952282714391,-0.004345112629325354
2019-08-06,10948.25,10948.25,11018.5498046875,10813.7998046875,10815.400390625,517900,0.007884888857643269,0.0008996514853971682
2019-08-07,10855.5,10855.5,10975.650390625,10835.900390625,10958.099609375,548500,-0.00847167355513434,0.004025627130256559
2019-08-08,11032.4501953125,11032.4501953125,11058.0498046875,10842.9501953125,10899.2001953125,482500,0.016300510829763803,0.00502609976304802
2019-08-09,11109.650390625,11109.650390625,11181.4501953125,11062.7998046875,11087.900390625,538100,0.006997556657477588,0.0026778520434005415
2019-08-13,10925.849609375,10925.849609375,11145.900390625,10901.599609375,11139.400390625,624600,-0.01654424529912324,0.007084153030862295
2019-08-14,11029.400390625,11029.400390625,11078.150390625,10935.599609375,11003.25,511500,0.009477595331455646,0.0012920013323762802
2019-08-16,11047.7998046875,11047.7998046875,11068.650390625,10924.2998046875,11043.650390625,470900,0.0016682152620135504,0.0042542407385095515
2019-08-19,11053.900390625,11053.900390625,11146.900390625,11037.849609375,11094.7998046875,369500,0.0005521991749806165,0.0009046580525080561
2019-08-20,11017.0,11017.0,11076.2998046875,10985.2998046875,11063.900390625,444700,-0.0033382235519596737,0.00010441959017870595
2019-08-21,10918.7001953125,10918.7001953125,11034.2001953125,10906.650390625,11018.150390625,557900,-0.008922556475220111,-0.0012272880823994692
2019-08-22,10741.349609375,10741.349609375,10908.25,10718.2998046875,10905.2998046875,668200,-0.016242829527789215,-0.0038868486287384485
2019-08-23,10829.349609375,10829.349609375,10862.5498046875,10637.150390625,10699.599609375,667100,0.008192639025843995,0.015785822923706228
2019-08-26,11057.849609375,11057.849609375,11070.2998046875,10756.5498046875,11000.2998046875,684100,0.021100066785376237,0.0044041289249594495
2019-08-27,11105.349609375,11105.349609375,11141.75,11049.5,11106.5498046875,685600,0.004295591066795668,-0.00036467151687702426
2019-08-28,11046.099609375,11046.099609375,11129.650390625,10987.650390625,11101.2998046875,550000,-0.005335266523260329,-0.004530993423689789
2019-08-29,10948.2998046875,10948.2998046875,11021.099609375,10922.400390625,10996.0498046875,649900,-0.0088537862364102,0.0036078661257603617
2019-08-30,11023.25,11023.25,11042.599609375,10874.7998046875,10987.7998046875,628200,0.006845829640179435,-0.005651673026330739
2019-09-03,10797.900390625,10797.900390625,10967.5,10772.7001953125,10960.9501953125,483000,-0.02044311880570615,-0.0006945794764425806
2019-09-04,10844.650390625,10844.650390625,10858.75,10746.349609375,10790.400390625,508800,0.004329545403159107,0.0015030272162199765
2019-09-05,10847.900390625,10847.900390625,10920.099609375,10816.0,10860.9501953125,595700,0.000299686931614751,0.0033093421556049663
2019-09-06,10946.2001953125,10946.2001953125,10957.0498046875,10867.4501953125,10883.7998046875,497200,0.009061643373168504,-0.0008678810756693744
2019-09-09,11003.0498046875,11003.0498046875,11028.849609375,10889.7998046875,10936.7001953125,412500,0.005193547382711383,0.002313012825013061
2019-09-11,11035.7001953125,11035.7001953125,11054.7998046875,11011.650390625,11028.5,687100,0.0029673946046386845,0.002047863658402038
2019-09-12,10982.7998046875,10982.7998046875,11081.75,10964.9501953125,11058.2998046875,551400,-0.00479356902496042,0.00036420585562280117
2019-09-13,11075.900390625,11075.900390625,11084.4501953125,10945.75,10986.7998046875,624300,0.008476944640087414,-0.007317760036791632
2019-09-16,11003.5,11003.5,11052.7001953125,10968.2001953125,10994.849609375,434500,-0.006536749886833726,-0.00030902809333388515
2019-09-17,10817.599609375,10817.599609375,11000.099609375,10796.5,11000.099609375,482000,-0.01689465993774708,0.00510281368379184
2019-09-18,10840.650390625,10840.650390625,10885.150390625,10804.849609375,10872.7998046875,519200,0.002130859163064436,0.0004196984981117424
2019-09-19,10704.7998046875,10704.7998046875,10845.2001953125,10670.25,10845.2001953125,642600,-0.012531589991591652,0.00392347365352963
2019-09-20,11274.2001953125,11274.2001953125,11381.900390625,10691.0,10746.7998046875,1356800,0.05319112930777714,0.023815436602911744
2019-09-23,11600.2001953125,11600.2001953125,11694.849609375,11471.349609375,11542.7001953125,882800,0.028915576657539077,-0.0008189513836009965
2019-09-24,11588.2001953125,11588.2001953125,11655.0498046875,11539.2001953125,11590.7001953125,651700,-0.0010344649056013289,-0.002015031285612867
2019-09-25,11440.2001953125,11440.2001953125,11564.9501953125,11416.099609375,11564.849609375,629100,-0.012771612287114875,0.002591686645015967
2019-09-26,11571.2001953125,11571.2001953125,11610.849609375,11466.349609375,11469.849609375,844500,0.01145084856589107,-0.0012834092995397395
2019-09-27,11512.400390625,11512.400390625,11593.599609375,11499.75,11556.349609375,650000,-0.005081564893442914,-0.0018458357318170693
2019-09-30,11474.4501953125,11474.4501953125,11508.25,11390.7998046875,11491.150390625,756800,-0.003296462425282254,0.00356881546526977
2019-10-01,11359.900390625,11359.900390625,11554.2001953125,11247.900390625,11515.400390625,1305400,-0.009983032105041145,-0.003314324010804892
2019-10-03,11314.0,11314.0,11370.400390625,11257.349609375,11322.25,1017500,-0.004040562773145462,0.006580360200857394
2019-10-04,11174.75,11174.75,11400.2998046875,11158.349609375,11388.4501953125,928500,-0.012307760296977222,0.0019195235072373418
2019-10-07,11126.400390625,11126.400390625,11233.849609375,11112.650390625,11196.2001953125,733200,-0.0043266837625002275,0.002386198928259864
2019-10-09,11313.2998046875,11313.2998046875,11321.599609375,11090.150390625,11152.9501953125,741100,0.01679783285706482,-0.0028992252705890564
2019-10-10,11234.5498046875,11234.5498046875,11293.349609375,11208.5498046875,11280.5,562000,-0.006960833829169011,0.002060642484787545
2019-10-11,11305.0498046875,11305.0498046875,11362.900390625,11189.400390625,11257.7001953125,737800,0.006275284833450412,0.002728920833653392
2019-10-14,11341.150390625,11341.150390625,11420.4501953125,11290.0498046875,11335.900390625,587600,0.003193315072573366,0.00173696830317005
2019-10-15,11428.2998046875,11428.2998046875,11462.349609375,11342.099609375,11360.849609375,527400,0.007684353972992053,0.003206985400397544
2019-10-16,11464.0,11464.0,11481.0498046875,11411.099609375,11464.9501953125,533500,0.003123841334461419,0.00020061101600665765
2019-10-17,11586.349609375,11586.349609375,11599.099609375,11439.650390625,11466.2998046875,797600,0.010672506051552677,-0.0005221493301570401
2019-10-18,11661.849609375,11661.849609375,11684.7001953125,11553.150390625,11580.2998046875,853400,0.006516288783389612,-0.00040295655555544485
2019-10-22,11588.349609375,11588.349609375,11714.349609375,11573.650390625,11657.150390625,867600,-0.006302602285396697,0.0006774550477099961
2019-10-23,11604.099609375,11604.099609375,11651.599609375,11554.400390625,11596.2001953125,664200,0.001359123648397631,0.004959521478383744
2019-10-24,11582.599609375,11582.599609375,11679.599609375,11534.650390625,11661.650390625,700500,-0.0018527934715960592,0.005486745928656722
2019-10-25,11583.900390625,11583.900390625,11646.900390625,11490.75,11646.150390625,812000,0.00011230477560042473,0.005183902024580522
2019-10-29,11786.849609375,11786.849609375,11809.400390625,11627.349609375,11643.9501953125,951700,0.017519938181983052,0.008233818574626461
2019-10-30,11844.099609375,11844.099609375,11883.9501953125,11784.4501953125,11883.900390625,725200,0.004857107869982835,0.003913390419379104
2019-10-31,11877.4501953125,11877.4501953125,11945.0,11855.099609375,11890.4501953125,1414800,0.0028157974888274317,0.0007703180322415903
2019-11-01,11890.599609375,11890.599609375,11918.2998046875,11843.349609375,11886.599609375,855300,0.0011070906504571099,0.0032210975483357718
2019-11-04,11941.2998046875,11941.2998046875,11989.150390625,11905.349609375,11928.900390625,823100,0.004263888868356602,0.0027886247922883634
2019-11-05,11917.2001953125,11917.2001953125,11978.9501953125,11861.900390625,11974.599609375,632000,-0.002018173043904281,-0.0004783166531634464
2019-11-06,11966.0498046875,11966.0498046875,12002.900390625,11850.25,11911.5,603400,0.004099084396871566,0.004600499378327516
2019-11-07,12012.0498046875,12012.0498046875,12021.400390625,11946.849609375,12021.099609375,563000,0.003844209304726398,-0.002072869698957036
2019-11-08,11908.150390625,11908.150390625,12034.150390625,11888.75,11987.150390625,789300,-0.008649599006986697,-0.00243112442846638
2019-11-11,11913.4501953125,11913.4501953125,11932.650390625,11853.9501953125,11879.2001953125,549000,0.0004450569159482054,-0.00043231730024162474
2019-11-13,11840.4501953125,11840.4501953125,11946.7998046875,11823.2001953125,11908.2998046875,659000,-0.006127528029514329,0.0015455328459339501
2019-11-14,11872.099609375,11872.099609375,11895.650390625,11802.650390625,11858.75,559500,0.002672990768123773,0.002703867638724322
2019-11-15,11895.4501953125,11895.4501953125,11973.650390625,11879.25,11904.2001953125,580200,0.001966845520657623,0.0016561117897213595
2019-11-18,11884.5,11884.5,11946.2001953125,11867.599609375,11915.150390625,514400,-0.0009205364347466549,0.002940821684757511
2019-11-19,11940.099609375,11940.099609375,11958.849609375,11881.75,11919.4501953125,613900,0.004678329704657314,0.005414560409046976
2019-11-20,11999.099609375,11999.099609375,12038.599609375,11966.0498046875,12004.75,646700,0.004941332311304558,0.0022127311310304876
2019-11-21,11968.400390625,11968.400390625,12028.2001953125,11956.900390625,12025.650390625,557700,-0.002558460196964596,-9.195764693514796e-05
2019-11-22,11914.400390625,11914.400390625,11968.099609375,11883.5,11967.2998046875,486800,-0.004511881140131235,0.0006756365762086158
2019-11-25,12073.75,12073.75,12084.5,11919.75,11922.4501953125,534300,0.013374538722098483,0.003018962237291589
2019-11-26,12037.7001953125,12037.7001953125,12132.4501953125,12006.349609375,12110.2001953125,1201300,-0.0029858001604721185,0.0025586120428131576
2019-11-27,12100.7001953125,12100.7001953125,12114.900390625,12055.150390625,12068.5,584200,0.005233557820665036,0.0025948427409732133
2019-11-28,12151.150390625,12151.150390625,12158.7998046875,12099.9501953125,12132.099609375,620500,0.004169196368656758,-0.00040738491034719715
2019-11-29,12056.0498046875,12056.0498046875,12147.400390625,12017.400390625,12146.2001953125,804400,-0.007826467690735917,0.006718618561819989
2019-12-02,12048.2001953125,12048.2001953125,12137.150390625,12023.7001953125,12137.0498046875,720900,-0.0006510929783939412,0.0016143652161479949
2019-12-03,11994.2001953125,11994.2001953125,12068.599609375,11956.400390625,12067.650390625,605800,-0.004481997238144242,-0.0020218105088388727
2019-12-04,12043.2001953125,12043.2001953125,12054.7001953125,11935.2998046875,11969.9501953125,747200,0.004085307832292884,0.0023290989299020737
2019-12-05,12018.400390625,12018.400390625,12081.2001953125,11998.75,12071.25,562200,-0.00205923710353606,0.002408741413922444
2019-12-06,11921.5,11921.5,12057.0498046875,11888.849609375,12047.349609375,609200,-0.008062669529681155,0.001476291521620654
2019-12-09,11937.5,11937.5,11981.9501953125,11888.0498046875,11939.099609375,599100,0.001342112989137334,0.0010890052356020696
2019-12-10,11856.7998046875,11856.7998046875,11953.2001953125,11844.7001953125,11950.5,650200,-0.006760225785340301,0.0008897683069026829
2019-12-11,11910.150390625,11910.150390625,11923.2001953125,11832.2998046875,11867.349609375,997700,0.0044995771891509495,0.002867252968474787
2019-12-12,11971.7998046875,11971.7998046875,12005.5,11934.0,11944.2998046875,752600,0.005176207859728388,0.004560766704110986
2019-12-13,12086.7001953125,12086.7001953125,12098.849609375,12023.599609375,12026.400390625,597700,0.009597587037832866,0.003694094611514931
2019-12-16,12053.9501953125,12053.9501953125,12134.650390625,12046.2998046875,12131.349609375,437700,-0.0027095898360001147,0.002364370147396322
2019-12-17,12165.0,12165.0,12182.75,12070.349609375,12082.4501953125,499600,0.009212731336046609,0.00263049732840126
2019-12-18,12221.650390625,12221.650390625,12237.7001953125,12163.4501953125,12197.0,518900,0.004656834412248179,0.00014318851743144734
2019-12-19,12259.7001953125,12259.7001953125,12268.349609375,12191.150390625,12223.400390625,623100,0.003113311498149862,0.0005505844264104276
2019-12-20,12271.7998046875,12271.7998046875,12293.900390625,12252.75,12266.4501953125,810700,0.000986941701855537,-0.002962043869157216
2019-12-23,12262.75,12262.75,12287.150390625,12213.25,12235.4501953125,604800,-0.0007374472230261553,0.0005300605492242205
2019-12-24,12214.5498046875,12214.5498046875,12283.7001953125,12202.099609375,12269.25,470300,-0.003930618769240168,-0.00022106384235820453
2019-12-26,12126.5498046875,12126.5498046875,12221.5498046875,12118.849609375,12211.849609375,520300,-0.007204522590446127,0.0038222401824121732
2019-12-27,12245.7998046875,12245.7998046875,12258.4501953125,12157.900390625,12172.900390625,383800,0.009833794601157297,0.002376372830001694
2019-12-30,12255.849609375,12255.849609375,12286.4501953125,12213.7998046875,12274.900390625,411100,0.0008206736062803532,-0.0007139447919878306
2019-12-31,12168.4501953125,12168.4501953125,12247.099609375,12151.7998046875,12247.099609375,426900,-0.007131240742024536,0.002769473085856289
2020-01-01,12182.5,12182.5,12222.2001953125,12165.2998046875,12202.150390625,304100,0.001154609211690083,0.0013174475425816734
2020-01-02,12282.2001953125,12282.2001953125,12289.900390625,12195.25,12198.5498046875,407700,0.008183886337984836,-0.0017179809481979724
2020-01-03,12226.650390625,12226.650390625,12265.599609375,12191.349609375,12261.099609375,428800,-0.004522789386603554,-0.0045843120936032156
2020-01-06,11993.0498046875,11993.0498046875,12179.099609375,11974.2001953125,12170.599609375,396500,-0.019105853072941215,0.007174972679081737
2020-01-07,12052.9501953125,12052.9501953125,12152.150390625,12005.349609375,12079.099609375,447800,0.004994592001242859,-0.009445868778398925
2020-01-08,12025.349609375,12025.349609375,12044.9501953125,11929.599609375,11939.099609375,446000,-0.0022899444111396106,0.010627614614244996
2020-01-09,12215.900390625,12215.900390625,12224.0498046875,12132.5498046875,12153.150390625,477500,0.015845758122611686,0.004510482863570697
2020-01-10,12256.7998046875,12256.7998046875,12311.2001953125,12213.2001953125,12271.0,660600,0.0033480474426501594,0.0032553677355275923
2020-01-13,12329.5498046875,12329.5498046875,12337.75,12285.7998046875,12296.7001953125,501000,0.0059354808073293075,0.00028791032468600264
2020-01-14,12362.2998046875,12362.2998046875,12374.25,12308.7001953125,12333.099609375,616300,0.0026562202609821117,-0.0010434477618483928
2020-01-15,12343.2998046875,12343.2998046875,12355.150390625,12278.75,12349.400390625,684400,-0.0015369308543056182,0.00030784350600132626
2020-01-16,12355.5,12355.5,12389.0498046875,12315.7998046875,12347.099609375,395700,0.000988406301843714,-0.0021933235704746368
2020-01-17,12352.349609375,12352.349609375,12385.4501953125,12321.400390625,12328.400390625,502100,-0.000254978804985595,0.006326763174326455
2020-01-20,12224.5498046875,12224.5498046875,12430.5,12216.900390625,12430.5,491600,-0.010346193941151438,-0.0023927261508464026
2020-01-21,12169.849609375,12169.849609375,12230.0498046875,12162.2998046875,12195.2998046875,400,-0.004474618385662321,0.003985258779421352
2020-01-22,12106.900390625,12106.900390625,12225.0498046875,12087.900390625,12218.349609375,500,-0.005172555189302153,0.0013917360208932639
2020-01-23,12180.349609375,12180.349609375,12189.0,12094.099609375,12123.75,867700,0.0060667236352978104,-0.00047616077317158556
2020-01-24,12248.25,12248.25,12272.150390625,12149.650390625,12174.5498046875,593200,0.005574584704263197,-0.004176138683077202
2020-01-27,12119.0,12119.0,12216.599609375,12107.0,12197.099609375,441200,-0.010552527912150667,0.0024011559844046015
2020-01-28,12055.7998046875,12055.7998046875,12163.5498046875,12024.5,12148.099609375,478500,-0.005214967844912932,0.004902253429467152
2020-01-29,12129.5,12129.5,12169.599609375,12103.7998046875,12114.900390625,514400,0.006113256399948197,0.0015045962323261275
2020-01-30,12035.7998046875,12035.7998046875,12150.2998046875,12010.599609375,12147.75,538100,-0.0077249841553650445,0.005367369596189331
2020-01-31,11962.099609375,11962.099609375,12103.5498046875,11945.849609375,12100.400390625,771300,-0.006123414854723341,-0.0279758090126776
2020-02-03,11707.900390625,11707.900390625,11749.849609375,11614.5,11627.4501953125,669800,-0.021250384719316173,0.0066920290368832624
2020-02-04,11979.650390625,11979.650390625,11986.150390625,11783.400390625,11786.25,560400,0.02321082268667074,0.0021869769063129763
2020-02-05,12089.150390625,12089.150390625,12098.150390625,11953.349609375,12005.849609375,758000,0.009140500467834434,0.0025518426339474765
2020-02-06,12137.9501953125,12137.9501953125,12160.599609375,12084.650390625,12120.0,565100,0.004036661230167438,0.0010875143743460658
2020-02-07,12098.349609375,12098.349609375,12154.7001953125,12073.9501953125,12151.150390625,473500,-0.0032625431230384194,0.0003306236081077607
2020-02-10,12031.5,12031.5,12103.5498046875,11990.75,12102.349609375,524700,-0.005525514763038308,0.006391587967003343
2020-02-11,12107.900390625,12107.900390625,12172.2998046875,12099.0,12108.400390625,480000,0.006350030388978967,0.003559627019096734
2020-02-12,12201.2001953125,12201.2001953125,12231.75,12144.2998046875,12151.0,411700,0.0077056964194832656,0.0015039183917373578
2020-02-13,12174.650390625,12174.650390625,12225.650390625,12139.7998046875,12219.5498046875,501200,-0.0021759994314084485,0.0012731371745948739
2020-02-14,12113.4501953125,12113.4501953125,12246.7001953125,12091.2001953125,12190.150390625,622800,-0.005026854435148831,0.0015148127972739456
2020-02-17,12045.7998046875,12045.7998046875,12159.599609375,12037.0,12131.7998046875,0,-0.00558473346026378,-0.001456923157619694
2020-02-18,11992.5,11992.5,12030.75,11908.0498046875,12028.25,676900,-0.004424762618648104,0.008180079997915257
2020-02-19,12125.900390625,12125.900390625,12134.7001953125,12042.099609375,12090.599609375,513600,0.011123651500938081,-0.000569062123447317
2020-02-20,12080.849609375,12080.849609375,12152.0,12071.4501953125,12119.0,502600,-0.003715252459506435,-0.005653559716073064
2020-02-24,11829.400390625,11829.400390625,12012.5498046875,11813.400390625,12012.5498046875,490800,-0.02081386879900149,0.004066107138711805
2020-02-25,11797.900390625,11797.900390625,11883.0498046875,11779.900390625,11877.5,461000,-0.002662856861702312,-0.005030605783437725
2020-02-26,11678.5,11678.5,11783.25,11639.599609375,11738.5498046875,567600,-0.010120477938589723,-0.001477073254270711
2020-02-27,11633.2998046875,11633.2998046875,11663.849609375,11536.7001953125,11661.25,608600,-0.003870376787472707,-0.0216017646675144
2020-02-28,11201.75,11201.75,11384.7998046875,11175.0498046875,11382.0,809900,-0.03709607866493836,0.016568804818443583
2020-03-02,11132.75,11132.75,11433.0,11036.25,11387.349609375,680800,-0.006159751824491688,0.007617148026094256
2020-03-03,11303.2998046875,11303.2998046875,11342.25,11152.5498046875,11217.5498046875,696500,0.015319647408546855,0.004250953749592057
2020-03-04,11251.0,11251.0,11356.599609375,11082.150390625,11351.349609375,797700,-0.004626950146523701,0.004892881049462172
2020-03-05,11269.0,11269.0,11389.5,11244.599609375,11306.0498046875,1352500,0.0015998577904186018,-0.02895994403895641
2020-03-06,10989.4501953125,10989.4501953125,11035.099609375,10827.400390625,10942.650390625,1811000,-0.024806975302821943,-0.022512535770945807
2020-03-09,10451.4501953125,10451.4501953125,10751.5498046875,10294.4501953125,10742.0498046875,1565500,-0.048956043335951605,-0.011209008169750678
2020-03-11,10458.400390625,10458.400390625,10545.099609375,10334.0,10334.2998046875,1218500,0.0006649981756232659,-0.04001091750967978
2020-03-12,9590.150390625,9590.150390625,10040.75,9508.0,10039.9501953125,1343500,-0.08301938801064712,-0.05031733201199062
2020-03-13,9955.2001953125,9955.2001953125,10159.400390625,8555.150390625,9107.599609375,1388000,0.03806507612689369,-0.036905374419089476
2020-03-16,9197.400390625,9197.400390625,9602.2001953125,9165.099609375,9587.7998046875,897700,-0.07612100106679087,0.009567920962721077
2020-03-17,8967.0498046875,8967.0498046875,9403.7998046875,8915.599609375,9285.400390625,935600,-0.02504518409052825,0.013538498532877474
2020-03-18,8468.7998046875,8468.7998046875,9127.5498046875,8407.0498046875,9088.4501953125,1516600,-0.05556454027271507,-0.04788163722745631
2020-03-19,8263.4501953125,8263.4501953125,8575.4501953125,7832.5498046875,8063.2998046875,925700,-0.024247781753128472,0.002541311377650901
2020-03-20,8745.4501953125,8745.4501953125,8883.0,8178.2001953125,8284.4501953125,1071500,0.058329146858465686,-0.09144755068511634
2020-03-23,7610.25,7610.25,8159.25,7583.60009765625,7945.7001953125,653500,-0.12980466070471242,0.031280155669984655
2020-03-24,7801.0498046875,7801.0498046875,8036.9501953125,7511.10009765625,7848.2998046875,738400,0.02507142402516349,-0.00844756846753525
2020-03-25,8317.849609375,8317.849609375,8376.75,7714.75,7735.14990234375,736900,0.06624746894667499,0.016007790099369812
2020-03-26,8641.4501953125,8641.4501953125,8749.0498046875,8304.900390625,8451.0,865600,0.038904356430389475,0.03560159546245867
2020-03-27,8660.25,8660.25,9038.900390625,8522.900390625,8949.099609375,801500,0.0021755381634551707,-0.0316734279827372
2020-03-30,8281.099609375,8281.099609375,8576.0,8244.0,8385.9501953125,593300,-0.04378053643081892,0.0299779029005951
2020-03-31,8597.75,8597.75,8678.2998046875,8358.0,8529.349609375,712700,0.03823772271336057,-0.0015876701026431572
2020-04-01,8253.7998046875,8253.7998046875,8588.099609375,8198.349609375,8584.099609375,506300,-0.04000467509668226,0.012448811751121669
2020-04-03,8083.7998046875,8083.7998046875,8356.5498046875,8055.7998046875,8356.5498046875,697000,-0.020596574186770744,0.044842773047125695
2020-04-07,8792.2001953125,8792.2001953125,8819.400390625,8360.9501953125,8446.2998046875,814200,0.08763210467115035,-0.01174902781929077
2020-04-08,8748.75,8748.75,9131.7001953125,8653.900390625,8688.900390625,896500,-0.004941902407507137,0.02563792595370762
2020-04-09,9111.900390625,9111.900390625,9128.349609375,8904.5498046875,8973.0498046875,742100,0.04150883161880259,-0.00087250682861717
2020-04-13,8993.849609375,8993.849609375,9112.0498046875,8912.400390625,9103.9501953125,644000,-0.01295567073707915,0.02252103271093886
2020-04-15,8925.2998046875,8925.2998046875,9261.2001953125,8874.099609375,9196.400390625,879100,-0.007621853562688519,-0.008296618187392357
2020-04-16,8992.7998046875,8992.7998046875,9053.75,8821.900390625,8851.25,719400,0.007562771164790316,0.03676834776780513
2020-04-17,9266.75,9266.75,9324.0,9091.349609375,9323.4501953125,684200,0.03046328187687486,0.013321843722178706
2020-04-20,9261.849609375,9261.849609375,9390.849609375,9230.7998046875,9390.2001953125,726400,-0.0005288143766692954,-0.026441739435566824
2020-04-21,8981.4501953125,8981.4501953125,9044.400390625,8909.400390625,9016.9501953125,655100,-0.030274667144095657,0.0050437071633646635
2020-04-22,9187.2998046875,9187.2998046875,9209.75,8946.25,9026.75,734400,0.02291941778872575,0.004903486948854674
2020-04-23,9313.900390625,9313.900390625,9343.599609375,9170.150390625,9232.349609375,666700,0.01377995587701486,-0.016104960726333717
2020-04-24,9154.400390625,9154.400390625,9296.900390625,9141.2998046875,9163.900390625,659400,-0.017124941572334906,0.011502643558756409
2020-04-27,9282.2998046875,9282.2998046875,9377.099609375,9250.349609375,9259.7001953125,512800,0.013971358975458648,0.011581181631917792
2020-04-28,9380.900390625,9380.900390625,9404.400390625,9260.0,9389.7998046875,614500,0.010622430648890235,0.002952724962060227
2020-04-29,9553.349609375,9553.349609375,9599.849609375,9392.349609375,9408.599609375,653000,0.018383013524196468,0.02095080770712987
2020-04-30,9859.900390625,9859.900390625,9889.0498046875,9731.5,9753.5,931200,0.03208830345213909,-0.03310382232008635
2020-05-04,9293.5,9293.5,9533.5,9266.9501953125,9533.5,687500,-0.05744483901313502,0.014623165720665021
2020-05-05,9205.599609375,9205.599609375,9450.900390625,9190.75,9429.400390625,725200,-0.009458265521601117,0.002302967347277418
2020-05-06,9270.900390625,9270.900390625,9346.900390625,9116.5,9226.7998046875,722200,0.007093593467121684,-0.003974865912135583
2020-05-07,9199.0498046875,9199.0498046875,9277.849609375,9175.900390625,9234.0498046875,708700,-0.007750119504051356,0.019338996353117643
2020-05-08,9251.5,9251.5,9382.650390625,9238.2001953125,9376.9501953125,609100,0.0057016970693835045,0.01044699677079386
2020-05-11,9239.2001953125,9239.2001953125,9439.900390625,9219.9501953125,9348.150390625,704600,-0.0013294930214019507,-0.007614358867685578
2020-05-12,9196.5498046875,9196.5498046875,9240.849609375,9043.9501953125,9168.849609375,805500,-0.004616242718351149,0.04215171981425181
2020-05-13,9383.5498046875,9383.5498046875,9584.5,9351.099609375,9584.2001953125,846400,0.02033371253039773,-0.018074141759260143
2020-05-14,9142.75,9142.75,9281.099609375,9119.75,9213.9501953125,602600,-0.025661909373274727,0.004336812296628523
2020-05-15,9136.849609375,9136.849609375,9182.400390625,9050.0,9182.400390625,575900,-0.0006453627874545287,0.0023476576970786756
2020-05-18,8823.25,8823.25,9158.2998046875,8806.75,9158.2998046875,773000,-0.034322509703259896,0.015691519033519397
2020-05-19,8879.099609375,8879.099609375,9030.349609375,8855.2998046875,8961.7001953125,762200,0.00632982284022332,0.0011319595107806002
2020-05-20,9066.5498046875,9066.5498046875,9093.7998046875,8875.349609375,8889.150390625,622300,0.021111396826158035,0.0014228555407405086
2020-05-21,9106.25,9106.25,9178.5498046875,9056.099609375,9079.4501953125,631500,0.004378754451001221,-0.004211350377487988
2020-05-22,9039.25,9039.25,9149.599609375,8968.5498046875,9067.900390625,675800,-0.0073575840768702605,0.006693033160936945
2020-05-26,9029.0498046875,9029.0498046875,9161.650390625,8996.650390625,9099.75,655000,-0.0011284338094974533,0.00588659845440298
2020-05-27,9314.9501953125,9314.9501953125,9334.0,9004.25,9082.2001953125,763500,0.03166450477176164,0.005367715226771708
2020-05-28,9490.099609375,9490.099609375,9511.25,9336.5,9364.9501953125,837900,0.018803043536468778,-0.007154763053848656
2020-05-29,9580.2998046875,9580.2998046875,9598.849609375,9376.900390625,9422.2001953125,967000,0.009504662651105722,0.015296995676042924
2020-06-01,9826.150390625,9826.150390625,9931.599609375,9706.9501953125,9726.849609375,794200,0.025662097319460564,0.005566698714706053
2020-06-02,9979.099609375,9979.099609375,9995.599609375,9824.0498046875,9880.849609375,770200,0.015565527970742954,0.012947079433010211
2020-06-03,10061.5498046875,10061.5498046875,10176.2001953125,10035.5498046875,10108.2998046875,794700,0.008262288035990828,-0.0007255149384739479
2020-06-04,10029.099609375,10029.099609375,10123.849609375,9944.25,10054.25,775100,-0.003225168681009971,0.006451246655484466
2020-06-05,10142.150390625,10142.150390625,10177.7998046875,10040.75,10093.7998046875,987100,0.011272276241460544,0.018201229745679726
2020-06-08,10167.4501953125,10167.4501953125,10328.5,10120.25,10326.75,936500,0.002494520758722585,0.0013474563483788504
2020-06-09,10046.650390625,10046.650390625,10291.150390625,10021.4501953125,10181.150390625,754200,-0.011881032349997822,0.0025828726730865448
2020-06-10,10116.150390625,10116.150390625,10148.75,10036.849609375,10072.599609375,632400,0.006917728526201428,-0.0021797601259897492
2020-06-11,9902.0,9902.0,10112.0498046875,9885.0498046875,10094.099609375,715500,-0.021169158460066062,-0.036058352321500675
2020-06-12,9972.900390625,9972.900390625,9996.0498046875,9544.349609375,9544.9501953125,796300,0.00716020911179549,-0.005369629611496007
2020-06-15,9813.7001953125,9813.7001953125,9943.349609375,9726.349609375,9919.349609375,716100,-0.015963279394844432,0.020491721305186728
2020-06-16,9914.0,9914.0,10046.150390625,9728.5,10014.7998046875,899900,0.010220386061458031,-0.003762336563193469
2020-06-17,9881.150390625,9881.150390625,10003.599609375,9833.7998046875,9876.7001953125,685400,-0.0033134566648174157,-0.0018115694951859052
2020-06-18,10091.650390625,10091.650390625,10111.2001953125,9845.0498046875,9863.25,622900,0.021303187551898528,0.002710122558388317
2020-06-19,10244.400390625,10244.400390625,10272.400390625,10072.650390625,10119.0,892100,0.015136275444292302,0.007257585270001643
2020-06-22,10311.2001953125,10311.2001953125,10393.650390625,10277.599609375,10318.75,685400,0.006520616350433883,0.003564085586923893
2020-06-23,10471.0,10471.0,10484.7001953125,10301.75,10347.9501953125,669200,0.015497691991291696,0.005562983478177852
2020-06-24,10305.2998046875,10305.2998046875,10553.150390625,10281.9501953125,10529.25,854800,-0.015824677233549855,-0.006768362039139664
2020-06-25,10288.900390625,10288.900390625,10361.7998046875,10194.5,10235.5498046875,994200,-0.001591357298992957,0.008747290437567612
2020-06-26,10383.0,10383.0,10409.849609375,10311.25,10378.900390625,671900,0.00914574014738645,-0.006842897494702904
2020-06-29,10312.400390625,10312.400390625,10337.9501953125,10223.599609375,10311.9501953125,574500,-0.006799538608783573,0.006807262721666429
2020-06-30,10302.099609375,10302.099609375,10401.0498046875,10267.349609375,10382.599609375,556200,-0.0009988732845714887,0.002106385701488689
2020-07-01,10430.0498046875,10430.0498046875,10447.0498046875,10299.599609375,10323.7998046875,573600,0.012419817334717198,0.006040239613399168
2020-07-02,10551.7001953125,10551.7001953125,10598.2001953125,10485.5498046875,10493.0498046875,597400,0.011663452514898642,0.005994294647235998
2020-07-03,10607.349609375,10607.349609375,10631.2998046875,10562.650390625,10614.9501953125,525200,0.005273976044848361,0.01098295090576018
2020-07-06,10763.650390625,10763.650390625,10811.400390625,10695.099609375,10723.849609375,571200,0.014735139974255018,0.0036418145635928045
2020-07-07,10799.650390625,10799.650390625,10813.7998046875,10689.7001953125,10802.849609375,636800,0.003344590235981215,0.0017593162105038473
2020-07-08,10705.75,10705.75,10847.849609375,10676.5498046875,10818.650390625,767900,-0.00869476207364206,0.004651687615300215
2020-07-09,10813.4501953125,10813.4501953125,10836.849609375,10733.0,10755.5498046875,618700,0.010060032721901813,-0.00456381497543612
2020-07-10,10768.0498046875,10768.0498046875,10819.400390625,10713.0,10764.099609375,590700,-0.004198511095439339,0.007782263846051407
2020-07-13,10802.7001953125,10802.7001953125,10894.0498046875,10756.0498046875,10851.849609375,554100,0.003217889149241815,-0.004799780147559662
2020-07-14,10607.349609375,10607.349609375,10755.650390625,10562.900390625,10750.849609375,532400,-0.01808349601540049,0.008828820966005457
2020-07-15,10618.2001953125,10618.2001953125,10827.4501953125,10577.75,10701.0,715900,0.0010229309240368245,0.008287656889238937
2020-07-16,10739.9501953125,10739.9501953125,10755.2998046875,10595.2001953125,10706.2001953125,694400,0.011466161662100571,0.0011219609465935587
2020-07-17,10901.7001953125,10901.7001953125,10933.4501953125,10749.650390625,10752.0,676900,0.01506059125586967,0.008966491303992186
2020-07-20,11022.2001953125,11022.2001953125,11037.900390625,10953.0,10999.4501953125,554300,0.011053321760931656,0.009426376968428407
2020-07-21,11162.25,11162.25,11179.5498046875,11113.25,11126.099609375,772000,0.012706156865764484,0.006177087532755587
2020-07-22,11132.599609375,11132.599609375,11238.099609375,11056.5498046875,11231.2001953125,765100,-0.0026563094918139463,0.00021561815831216968
2020-07-23,11215.4501953125,11215.4501953125,11239.7998046875,11103.150390625,11135.0,621600,0.007442159858846331,-0.005840157894631437
2020-07-24,11194.150390625,11194.150390625,11225.400390625,11090.2998046875,11149.9501953125,678900,-0.0018991484351116306,0.002755868761673552
2020-07-27,11131.7998046875,11131.7998046875,11225.0,11087.849609375,11225.0,588100,-0.005569925698846956,0.002003252401117539
2020-07-28,11300.5498046875,11300.5498046875,11317.75,11151.400390625,11154.099609375,683900,0.0151592736988444,-0.0020927666769532394
2020-07-29,11202.849609375,11202.849609375,11341.400390625,11149.75,11276.900390625,600700,-0.008645614328603224,0.004592598946382642
2020-07-30,11102.150390625,11102.150390625,11299.9501953125,11084.9501953125,11254.2998046875,677800,-0.008988714680747911,0.0033641779349826706
2020-07-31,11073.4501953125,11073.4501953125,11150.400390625,11026.650390625,11139.5,642600,-0.002585102372305803,-0.0014359021212495549
2020-08-03,10891.599609375,10891.599609375,11058.0498046875,10882.25,11057.5498046875,680900,-0.016422215545293994,0.005054425724814182
2020-08-04,11095.25,11095.25,11112.25,10908.099609375,10946.650390625,625700,0.018697932161379383,0.005452783848944431
2020-08-05,11101.650390625,11101.650390625,11225.650390625,11064.0498046875,11155.75,667600,0.0005768586219327965,0.007570928801584165
2020-08-06,11200.150390625,11200.150390625,11256.7998046875,11127.2998046875,11185.7001953125,600400,0.008872554668374333,-0.001205340957858958
2020-08-07,11214.0498046875,11214.0498046875,11231.900390625,11142.0498046875,11186.650390625,452600,0.0012410024488720417,0.005011587810944906
2020-08-10,11270.150390625,11270.150390625,11337.2998046875,11238.0,11270.25,492000,0.005002705259437024,0.0046227962865819094
2020-08-11,11322.5,11322.5,11373.599609375,11299.150390625,11322.25,586100,0.004644978776729314,-0.002958710532126263
2020-08-12,11308.400390625,11308.400390625,11322.0,11242.650390625,11289.0,609900,-0.0012452735151247118,0.0023389000951830052
2020-08-13,11300.4501953125,11300.4501953125,11359.2998046875,11269.9501953125,11334.849609375,562400,-0.0007030344733010008,0.0046767702579604276
2020-08-14,11178.400390625,11178.400390625,11366.25,11111.4501953125,11353.2998046875,645100,-0.010800437378868932,0.006306805762578138
2020-08-17,11247.099609375,11247.099609375,11267.099609375,11144.5,11248.900390625,634000,0.0061457110453491115,0.0011291973711973213
2020-08-18,11385.349609375,11385.349609375,11401.7001953125,11253.150390625,11259.7998046875,579200,0.012292057935075373,0.005867257795491465
2020-08-19,11408.400390625,11408.400390625,11460.349609375,11394.099609375,11452.150390625,626200,0.002024600213507588,-0.007972212772900167
2020-08-20,11312.2001953125,11312.2001953125,11361.4501953125,11289.7998046875,11317.4501953125,791600,-0.008432399987605033,0.008614610211095997
2020-08-21,11371.599609375,11371.599609375,11418.5,11362.2001953125,11409.650390625,668700,0.005250916093857194,0.003552744733616331
2020-08-24,11466.4501953125,11466.4501953125,11497.25,11410.650390625,11412.0,532900,0.008341006471886514,0.004068339657688602
2020-08-25,11472.25,11472.25,11525.900390625,11423.349609375,11513.099609375,638200,0.0005058064691958464,0.0035389404323475926
2020-08-26,11549.599609375,11549.599609375,11561.75,11461.849609375,11512.849609375,743400,0.0067423225064831005,0.005169027267754034
2020-08-27,11559.25,11559.25,11617.349609375,11540.599609375,11609.2998046875,719800,0.0008355606212675504,0.0037805389893375008
2020-08-28,11647.599609375,11647.599609375,11686.0498046875,11589.400390625,11602.9501953125,807000,0.007643195654994939,0.01115682197797252
2020-08-31,11387.5,11387.5,11794.25,11325.849609375,11777.5498046875,1371800,-0.022330747801946216,0.006744219950603814
2020-09-01,11470.25,11470.25,11553.5498046875,11366.900390625,11464.2998046875,783800,0.007266739846322645,0.0007235940530938567
2020-09-02,11535.0,11535.0,11554.75,11430.400390625,11478.5498046875,593500,0.005645038251127943,0.0027048283755959357
2020-09-03,11527.4501953125,11527.4501953125,11584.9501953125,11507.650390625,11566.2001953125,607100,-0.0006545127600779965,-0.015011975914488773
2020-09-04,11333.849609375,11333.849609375,11452.0498046875,11303.650390625,11354.400390625,681300,-0.016794744948559814,0.0022719553274026527
2020-09-07,11355.0498046875,11355.0498046875,11381.150390625,11251.7001953125,11359.599609375,560300,0.0018705202595032944,0.0020695637979764037
2020-09-08,11317.349609375,11317.349609375,11437.25,11290.4501953125,11378.5498046875,572200,-0.0033201259317187093,-0.008725541174251394
2020-09-09,11278.0,11278.0,11298.150390625,11185.150390625,11218.599609375,728900,-0.003476927967516641,0.007563380447552781
2020-09-10,11449.25,11449.25,11464.0498046875,11327.400390625,11363.2998046875,679400,0.015184429863450921,-0.00012666290914253864
2020-09-11,11464.4501953125,11464.4501953125,11493.5,11419.900390625,11447.7998046875,554800,0.0013276149365679668,0.006603037565940273
2020-09-14,11440.0498046875,11440.0498046875,11568.900390625,11383.5498046875,11540.150390625,642300,-0.0021283524468515003,0.004121519698776277
2020-09-15,11521.7998046875,11521.7998046875,11535.9501953125,11442.25,11487.2001953125,506700,0.007145947910690342,0.0014451206328220945
2020-09-16,11604.5498046875,11604.5498046875,11618.099609375,11516.75,11538.4501953125,527800,0.0071820376506051,-0.005614126800178254
2020-09-17,11516.099609375,11516.099609375,11587.2001953125,11498.5,11539.400390625,0,-0.007622027291120936,0.005904776991043192
2020-09-18,11504.9501953125,11504.9501953125,11584.099609375,11446.099609375,11584.099609375,764200,-0.0009681588767627147,-9.999092612056337e-05
2020-09-21,11250.5498046875,11250.5498046875,11535.25,11218.5,11503.7998046875,602900,-0.02211225483867385,0.004550906062490201
2020-09-22,11153.650390625,11153.650390625,11302.2001953125,11084.650390625,11301.75,672200,-0.00861286032635733,0.009422888982008937
2020-09-23,11131.849609375,11131.849609375,11259.5498046875,11024.400390625,11258.75,714900,-0.0019545871070447696,-0.010856202124148617
2020-09-24,10805.5498046875,10805.5498046875,11015.2998046875,10790.2001953125,11011.0,706100,-0.029312272096516434,0.009703401292178171
2020-09-25,11050.25,11050.25,11072.599609375,10854.849609375,10910.400390625,559600,0.022645788482354545,0.008198874177054893
2020-09-28,11227.5498046875,11227.5498046875,11239.349609375,11099.849609375,11140.849609375,472800,0.016044868187371275,0.005437500233756332
2020-09-29,11222.400390625,11222.400390625,11305.400390625,11181.0,11288.599609375,498300,-0.0004586409458945395,0.001964802887082895
2020-09-30,11247.5498046875,11247.5498046875,11295.400390625,11184.5498046875,11244.4501953125,499300,0.002241001317642377,0.010393409467391868
2020-10-01,11416.9501953125,11416.9501953125,11428.599609375,11347.0498046875,11364.4501953125,447700,0.015061092732783665,0.006205651085706698
2020-10-05,11503.349609375,11503.349609375,11578.0498046875,11452.2998046875,11487.7998046875,530600,0.0075676439490797165,0.008701864181883234
2020-10-06,11662.400390625,11662.400390625,11680.2998046875,11564.2998046875,11603.4501953125,561400,0.013826475474619793,0.0014447805606592201
2020-10-07,11738.849609375,11738.849609375,11763.0498046875,11629.349609375,11679.25,513400,0.006555187284725372,0.008224892937796158
2020-10-08,11834.599609375,11834.599609375,11905.7001953125,11791.150390625,11835.400390625,608800,0.008156676606839941,0.0014745066067698431
2020-10-09,11914.2001953125,11914.2001953125,11938.599609375,11805.2001953125,11852.0498046875,611100,0.0067260903253916204,0.004981417837711888
2020-10-12,11930.9501953125,11930.9501953125,12022.0498046875,11867.2001953125,11973.5498046875,522600,0.0014058853909966196,0.00031013416801894955
2020-10-13,11934.5,11934.5,11988.2001953125,11888.900390625,11934.650390625,458300,0.0002975290843887368,-0.001432788082868952
2020-10-14,11971.0498046875,11971.0498046875,11997.2001953125,11822.150390625,11917.400390625,569200,0.0030625333853533387,0.00437725942836531
2020-10-15,11680.349609375,11680.349609375,12025.4501953125,11661.2998046875,12023.4501953125,608900,-0.02428360085835335,0.004028199739178673
2020-10-16,11762.4501953125,11762.4501953125,11789.75,11667.849609375,11727.400390625,555800,0.007028949362235082,0.009925653079196683
2020-10-19,11873.0498046875,11873.0498046875,11898.25,11820.400390625,11879.2001953125,541400,0.009402769621849272,-0.0010148870665683818
2020-10-20,11896.7998046875,11896.7998046875,11949.25,11837.25,11861.0,453600,0.002000328507897331,0.005190471472476865
2020-10-21,11937.650390625,11937.650390625,12018.650390625,11775.75,11958.5498046875,623700,0.0034337457642519276,-0.003991605472247861
2020-10-22,11896.4501953125,11896.4501953125,11939.5498046875,11823.4501953125,11890.0,544900,-0.0034512817819539743,0.005165422819717547
2020-10-23,11930.349609375,11930.349609375,11974.5498046875,11908.75,11957.900390625,502300,0.0028495402835257977,0.000590995358967561
2020-10-26,11767.75,11767.75,11942.849609375,11711.7001953125,11937.400390625,519800,-0.013629073304543216,0.0033438515752799436
2020-10-27,11889.400390625,11889.400390625,11899.0498046875,11723.0,11807.099609375,616300,0.010337608346965288,0.002792337515706622
2020-10-28,11729.599609375,11729.599609375,11929.400390625,11684.849609375,11922.599609375,704000,-0.013440608945763599,-0.008209982258092663
2020-10-29,11670.7998046875,11670.7998046875,11744.150390625,11606.4501953125,11633.2998046875,555000,-0.005012942184360991,0.0006555155390401968
2020-10-30,11642.400390625,11642.400390625,11748.9501953125,11535.4501953125,11678.4501953125,553700,-0.002433373422367602,0.004719749957598829
2020-11-02,11669.150390625,11669.150390625,11725.650390625,11557.400390625,11697.349609375,568400,0.002297636149117599,0.005595934794015767
2020-11-03,11813.5,11813.5,11836.2001953125,11723.2998046875,11734.4501953125,674300,0.01237019016319918,-0.002552197962077285
2020-11-04,11908.5,11908.5,11929.650390625,11756.400390625,11783.349609375,667300,0.008041647267956087,0.012923574810009608
2020-11-05,12120.2998046875,12120.2998046875,12131.099609375,12027.599609375,12062.400390625,632500,0.017785598915690537,0.0029991490741376747
2020-11-06,12263.5498046875,12263.5498046875,12280.400390625,12131.849609375,12156.650390625,576800,0.011819014571289532,0.0110775907548053
2020-11-09,12461.0498046875,12461.0498046875,12474.0498046875,12367.349609375,12399.400390625,553400,0.016104635537461442,0.007651890284687823
2020-11-10,12631.099609375,12631.099609375,12643.900390625,12475.25,12556.400390625,847500,0.01364650710436388,0.003918898712766072
2020-11-11,12749.150390625,12749.150390625,12769.75,12571.099609375,12680.599609375,880500,0.009346041508720315,-0.003686520164870033
2020-11-12,12690.7998046875,12690.7998046875,12741.150390625,12624.849609375,12702.150390625,622000,-0.004576821525331454,-0.0024505633887245137
2020-11-13,12719.9501953125,12719.9501953125,12735.9501953125,12607.7001953125,12659.7001953125,513900,0.002296970330761372,0.01670995573283207
2020-11-17,12874.2001953125,12874.2001953125,12934.0498046875,12797.099609375,12932.5,707700,0.012126619808373373,-0.0010952591791010269
2020-11-18,12938.25,12938.25,12948.849609375,12819.349609375,12860.099609375,731300,0.004975051165572175,-0.007632407783123685
2020-11-19,12771.7001953125,12771.7001953125,12963.0,12745.75,12839.5,768800,-0.01287266861341374,0.003265046522764825
2020-11-20,12859.0498046875,12859.0498046875,12892.4501953125,12730.25,12813.400390625,664000,0.00683930941371913,0.007873832167839545
2020-11-23,12926.4501953125,12926.4501953125,12968.849609375,12825.7001953125,12960.2998046875,633100,0.005241475198302092,0.005890976479382859
2020-11-24,13055.150390625,13055.150390625,13079.099609375,12978.0,13002.599609375,571900,0.0099563448098976,0.00573333949708843
2020-11-25,12858.400390625,12858.400390625,13145.849609375,12833.650390625,13130.0,679000,-0.015070680468092346,0.003736841537655966
2020-11-26,12987.0,12987.0,13018.0,12790.400390625,12906.4501953125,549800,0.010001213639976747,0.0019288368897742991
2020-11-27,12968.9501953125,12968.9501953125,13035.2998046875,12914.2998046875,13012.0498046875,1162400,-0.001389836350773832,0.007190250451706071
2020-12-01,13109.0498046875,13109.0498046875,13128.400390625,12962.7998046875,13062.2001953125,583600,0.010802694687318537,0.0009421419646360452
2020-12-02,13113.75,13113.75,13128.5,12983.5498046875,13121.400390625,717700,0.0003585458429504751,0.0077437654894672026
2020-12-03,13133.900390625,13133.900390625,13216.599609375,13107.900390625,13215.2998046875,713700,0.0015365849299400214,0.0033120397373387345
2020-12-04,13258.5498046875,13258.5498046875,13280.0498046875,13152.849609375,13177.400390625,640500,0.009490662358873525,0.0004751503580937566
2020-12-07,13355.75,13355.75,13366.650390625,13241.9501953125,13264.849609375,591700,0.007331133249439903,0.002852674643879949
2020-12-08,13392.9501953125,13392.9501953125,13435.4501953125,13311.0498046875,13393.849609375,543200,0.002785331809333158,0.004864455785499988
2020-12-09,13529.099609375,13529.099609375,13548.900390625,13449.599609375,13458.099609375,502600,0.010165752285866914,-0.0030009099309806775
2020-12-10,13478.2998046875,13478.2998046875,13503.5498046875,13399.2998046875,13488.5,553400,-0.0037548548058806697,0.002522573358115565
2020-12-11,13513.849609375,13513.849609375,13579.349609375,13402.849609375,13512.2998046875,787700,0.002637558535026452,0.004262337350383172
2020-12-14,13558.150390625,13558.150390625,13597.5,13472.4501953125,13571.4501953125,558400,0.0032781762806703973,-0.0008076466919906267
2020-12-15,13567.849609375,13567.849609375,13589.650390625,13447.0498046875,13547.2001953125,497600,0.0007153791977927426,0.007020272389678173
2020-12-16,13682.7001953125,13682.7001953125,13692.349609375,13606.4501953125,13663.099609375,462200,0.008464907059269056,0.002254643377011867
2020-12-17,13740.7001953125,13740.7001953125,13773.25,13673.5498046875,13713.5498046875,416000,0.004238929390550483,0.001724817147279456
2020-12-18,13760.5498046875,13760.5498046875,13772.849609375,13658.599609375,13764.400390625,519400,0.0014445849987885229,-0.0013552811716975866
2020-12-21,13328.400390625,13328.400390625,13777.5,13131.4501953125,13741.900390625,687300,-0.0314049525779333,0.003395006052776539
2020-12-22,13466.2998046875,13466.2998046875,13492.0498046875,13192.900390625,13373.650390625,696200,0.010346283876607965,0.0005346825346925765
2020-12-23,13601.099609375,13601.099609375,13619.4501953125,13432.2001953125,13473.5,458700,0.010010159185716239,0.005223899779472685
2020-12-24,13749.25,13749.25,13771.75,13626.900390625,13672.150390625,471400,0.01089253037474136,0.004793017119115506
2020-12-28,13873.2001953125,13873.2001953125,13885.2998046875,13811.5498046875,13815.150390625,403600,0.009015051389166695,0.0026777825980663916
2020-12-29,13932.599609375,13932.599609375,13967.599609375,13859.900390625,13910.349609375,439600,0.004281594241144937,0.00346674580510431
2020-12-30,13981.9501953125,13981.9501953125,13997.0,13864.9501953125,13980.900390625,380700,0.003542094606974411,-0.000854687303671442
2020-12-31,13981.75,13981.75,14024.849609375,13936.4501953125,13970.0,452400,-1.4318125132972703e-05,0.001026309966563499
2021-01-01,14018.5,14018.5,14049.849609375,13991.349609375,13996.099609375,358100,0.0026284263414808606,0.0061240224970575685
2021-01-04,14132.900390625,14132.900390625,14147.9501953125,13953.75,14104.349609375,495000,0.00816067272711063,-0.004086210077466346
2021-01-05,14199.5,14199.5,14215.599609375,14048.150390625,14075.150390625,492500,0.004712380865514287,0.0029191306251981075
2021-01-06,14146.25,14146.25,14244.150390625,14039.900390625,14240.9501953125,632300,-0.0037501320469031096,0.007599187063709545
2021-01-07,14137.349609375,14137.349609375,14256.25,14123.099609375,14253.75,559200,-0.0006291696120880319,0.008562480563522712
2021-01-08,14347.25,14347.25,14367.2998046875,14221.650390625,14258.400390625,613500,0.014847223590326086,0.008837917000644735
2021-01-11,14484.75,14484.75,14498.2001953125,14383.099609375,14474.0498046875,672900,0.009583718134137165,-0.0007559809670515394
2021-01-12,14563.4501953125,14563.4501953125,14590.650390625,14432.849609375,14473.7998046875,929600,0.005433314024232416,0.005242549557355147
2021-01-13,14564.849609375,14564.849609375,14653.349609375,14435.7001953125,14639.7998046875,874000,9.609083312889233e-05,-0.0010161316515052699
2021-01-14,14595.599609375,14595.599609375,14617.7998046875,14471.5,14550.0498046875,620200,0.002111247340323086,-8.564225064089381e-05
2021-01-15,14433.7001953125,14433.7001953125,14617.4501953125,14357.849609375,14594.349609375,789600,-0.011092344158201595,0.0013579060885140493
2021-01-18,14281.2998046875,14281.2998046875,14459.150390625,14222.7998046875,14453.2998046875,762000,-0.010558650142566628,0.0063264959893807315
2021-01-19,14521.150390625,14521.150390625,14546.0498046875,14350.849609375,14371.650390625,546100,0.016794730817062842,0.0011809955548405249
2021-01-20,14644.7001953125,14644.7001953125,14666.4501953125,14517.5498046875,14538.2998046875,623100,0.008508265623863087,0.00588950260843224
2021-01-21,14590.349609375,14590.349609375,14753.5498046875,14517.25,14730.9501953125,704600,-0.0037112802046228577,-0.0004762887069912347
2021-01-22,14371.900390625,14371.900390625,14619.900390625,14357.75,14583.400390625,776800,-0.014972171647596122,0.007368504594672753
2021-01-25,14238.900390625,14238.900390625,14491.099609375,14218.599609375,14477.7998046875,618600,-0.009254169343308138,-6.67323519676355e-05
2021-01-27,13967.5,13967.5,14237.9501953125,13929.2998046875,14237.9501953125,660700,-0.019060488041877988,-0.011247510962949736
2021-01-28,13817.5498046875,13817.5498046875,13898.25,13713.25,13810.400390625,637900,-0.010735650281904374,0.009339557773384799
2021-01-29,13634.599609375,13634.599609375,13966.849609375,13596.75,13946.599609375,753200,-0.013240422354072856,0.009094509817122898
2021-02-01,14281.2001953125,14281.2001953125,14336.349609375,13661.75,13758.599609375,870500,0.047423511101338356,0.013997381965705769
2021-02-02,14647.849609375,14647.849609375,14731.7001953125,14469.150390625,14481.099609375,915000,0.02567357148195737,0.007308293306171443
2021-02-03,14789.9501953125,14789.9501953125,14868.849609375,14574.150390625,14754.900390625,869500,0.009701122671723184,-6.0878543410192165e-05
2021-02-04,14895.650390625,14895.650390625,14913.7001953125,14714.75,14789.0498046875,884700,0.0071467580293813615,0.0038232112903133775
2021-02-05,14924.25,14924.25,15014.650390625,14864.75,14952.599609375,935600,0.0019199973566108586,0.009384043063302983
2021-02-08,15115.7998046875,15115.7998046875,15159.900390625,15041.0498046875,15064.2998046875,671200,0.01283480273296811,0.0031986786383944033
2021-02-09,15109.2998046875,15109.2998046875,15257.099609375,15064.2998046875,15164.150390625,713300,-0.0004300136336804483,0.0006452979374316214
2021-02-10,15106.5,15106.5,15168.25,14977.2001953125,15119.0498046875,624800,-0.00018530340410816137,-0.0022010392877238605
2021-02-11,15173.2998046875,15173.2998046875,15188.5,15065.400390625,15073.25,500100,0.004421924647502795,0.0008502033698045697
2021-02-12,15163.2998046875,15163.2998046875,15243.5,15081.0,15186.2001953125,571800,-0.0006590524229219685,0.007056511536289944
2021-02-15,15314.7001953125,15314.7001953125,15340.150390625,15243.400390625,15270.2998046875,456000,0.00998465984153385,0.0037055900067419767
2021-02-16,15313.4501953125,15313.4501953125,15431.75,15242.2001953125,15371.4501953125,648500,-8.162092525865194e-05,-0.0021908717016475565
2021-02-17,15208.900390625,15208.900390625,15314.2998046875,15170.75,15279.900390625,504800,-0.006827318687430917,0.0019593661554828667
2021-02-18,15118.9501953125,15118.9501953125,15250.75,15078.0498046875,15238.7001953125,770600,-0.005914312869584326,-0.002920202134053529
2021-02-19,14981.75,14981.75,15144.0498046875,14898.2001953125,15074.7998046875,712200,-0.009074717063029758,0.0011547252281942644
2021-02-22,14675.7001953125,14675.7001953125,15010.099609375,14635.0498046875,14999.0498046875,609900,-0.020428174591586412,0.00726028763666986
2021-02-23,14707.7998046875,14707.7998046875,14854.5,14651.849609375,14782.25,744100,0.0021872625461001327,0.0014516505677957259
2021-02-24,14982.0,14982.0,15008.7998046875,14504.5,14729.150390625,403800,0.01864318245786234,0.006531144665264943
2021-02-25,15097.349609375,15097.349609375,15176.5,15065.349609375,15079.849609375,803900,0.007699213013950157,-0.013826930249424163
2021-02-26,14529.150390625,14529.150390625,14919.4501953125,14467.75,14888.599609375,1103600,-0.03763569324758598,0.011931159408113512
2021-03-01,14761.5498046875,14761.5498046875,14806.7998046875,14638.5498046875,14702.5,507300,0.015995389118723446,0.0070283948076410585
2021-03-02,14919.099609375,14919.099609375,14959.099609375,14760.7998046875,14865.2998046875,621700,0.010672985341787733,0.009739246003739765
2021-03-03,15245.599609375,15245.599609375,15273.150390625,14995.7998046875,15064.400390625,544200,0.021884698711632122,-0.014354936177152555
2021-03-04,15080.75,15080.75,15202.349609375,14980.2001953125,15026.75,534900,-0.010812930524138231,-0.006816624152479189
2021-03-05,14938.099609375,14938.099609375,15092.349609375,14862.099609375,14977.9501953125,640700,-0.009459104528952489,0.004307816095771244
2021-03-08,14956.2001953125,14956.2001953125,15111.150390625,14919.900390625,15002.4501953125,0,0.0012117060677612201,0.006264973328042656
2021-03-09,15098.400390625,15098.400390625,15126.849609375,14925.4501953125,15049.900390625,675300,0.00950777560179139,0.006871588864766132
2021-03-10,15174.7998046875,15174.7998046875,15218.4501953125,15100.849609375,15202.150390625,404600,0.005060099883821945,0.009644317409201797
2021-03-12,15030.9501953125,15030.9501953125,15336.2998046875,14953.599609375,15321.150390625,493200,-0.009479506235763657,0.0011609509103385207
2021-03-15,14929.5,14929.5,15048.400390625,14745.849609375,15048.400390625,467500,-0.006749419963093084,0.004460940378110401
2021-03-16,14910.4501953125,14910.4501953125,15051.599609375,14890.650390625,14996.099609375,100,-0.001275984104457617,0.0024210945278062557
2021-03-17,14721.2998046875,14721.2998046875,14956.5498046875,14696.0498046875,14946.5498046875,100,-0.012685759862868795,0.009116056129076844
2021-03-18,14557.849609375,14557.849609375,14875.2001953125,14478.599609375,14855.5,542200,-0.011102973071742905,-0.005955496249539949
2021-03-19,14744.0,14744.0,14788.25,14350.099609375,14471.150390625,919200,0.012786942826028547,-0.0005222595844072142
2021-03-22,14736.400390625,14736.400390625,14763.900390625,14597.849609375,14736.2998046875,459000,-0.000515437423697751,0.0021816327739678787
2021-03-23,14814.75,14814.75,14878.599609375,14707.0,14768.5498046875,474200,0.00531673999743143,-0.006905267026949491
2021-03-24,14549.400390625,14549.400390625,14752.349609375,14535.0,14712.4501953125,456400,-0.017911176994211853,0.0014777241276453523
2021-03-25,14324.900390625,14324.900390625,14575.599609375,14264.400390625,14570.900390625,606800,-0.015430189146808937,0.012663223416284008
2021-03-26,14507.2998046875,14507.2998046875,14572.900390625,14414.25,14506.2998046875,481000,0.012733031929623273,0.008354428249517376
2021-03-30,14845.099609375,14845.099609375,14876.2998046875,14617.599609375,14628.5,594500,0.02328481586755049,-0.0022397963553576483
2021-03-31,14690.7001953125,14690.7001953125,14813.75,14670.25,14811.849609375,463900,-0.010400699094332388,0.007331181896072181
2021-04-01,14867.349609375,14867.349609375,14883.2001953125,14692.4501953125,14798.400390625,445000,0.012024574166918489,-0.001994263593815271
2021-04-05,14637.7998046875,14637.7998046875,14849.849609375,14459.5,14837.7001953125,509700,-0.015439860548026041,0.006776988115436033
2021-04-06,14683.5,14683.5,14779.099609375,14573.900390625,14737.0,475300,0.003122067245233451,0.002244028692920619
2021-04-07,14819.0498046875,14819.0498046875,14879.7998046875,14649.849609375,14716.4501953125,0,0.009231436965811968,0.0038194477165194307
2021-04-08,14873.7998046875,14873.7998046875,14984.150390625,14821.099609375,14875.650390625,514800,0.0036945688638336804,0.0005950453854239868
2021-04-09,14834.849609375,14834.849609375,14918.4501953125,14785.650390625,14882.650390625,504100,-0.0026187118170183377,-0.012821108656861702
2021-04-12,14310.7998046875,14310.7998046875,14652.5,14248.7001953125,14644.650390625,650200,-0.03532558930400764,0.0037804026802037427
2021-04-13,14504.7998046875,14504.7998046875,14528.900390625,14274.900390625,14364.900390625,605100,0.013556195506029933,0.0012134318414938061
2021-04-15,14581.4501953125,14581.4501953125,14597.5498046875,14353.2001953125,14522.400390625,568000,0.005284484560774683,0.0012446919764081965
2021-04-16,14617.849609375,14617.849609375,14697.7001953125,14559.0,14599.599609375,577200,0.002496282165007191,-0.021292461498603976
2021-04-19,14359.4501953125,14359.4501953125,14382.2998046875,14191.400390625,14306.599609375,512300,-0.017676978554819645,0.011647381879189123
2021-04-20,14296.400390625,14296.400390625,14526.9501953125,14207.2998046875,14526.7001953125,467400,-0.004390823034999047,-0.005403458065616151
2021-04-22,14406.150390625,14406.150390625,14424.75,14151.400390625,14219.150390625,524600,0.007676757575422188,-0.005539355003674751
2021-04-23,14341.349609375,14341.349609375,14461.150390625,14273.2998046875,14326.349609375,498100,-0.004498133053794207,0.007537685704756436
2021-04-26,14485.0,14485.0,14557.5,14421.2998046875,14449.4501953125,452700,0.010016518287169873,0.000607511542112471
2021-04-27,14653.0498046875,14653.0498046875,14667.5498046875,14484.849609375,14493.7998046875,451800,0.011601643402658013,0.003920698835959913
2021-04-28,14864.5498046875,14864.5498046875,14890.25,14694.9501953125,14710.5,457000,0.014433855260107098,0.007699539966989688
2021-04-29,14894.900390625,14894.900390625,15044.349609375,14814.4501953125,14979.0,517500,0.0020418099664161193,-0.009906127424851419
2021-04-30,14631.099609375,14631.099609375,14855.4501953125,14601.7001953125,14747.349609375,613900,-0.017710812045177438,-0.010255538455315683
2021-05-03,14634.150390625,14634.150390625,14673.849609375,14416.25,14481.0498046875,448900,0.00020851346320172048,0.003628472303319752
2021-05-04,14496.5,14496.5,14723.400390625,14461.5,14687.25,503400,-0.00940610742344028,0.007425957343151879
2021-05-05,14617.849609375,14617.849609375,14637.900390625,14506.599609375,14604.150390625,455900,0.0083709591539336,0.003454680500175167
2021-05-06,14724.7998046875,14724.7998046875,14743.900390625,14611.5,14668.349609375,467800,0.0073164109749706,0.0062513450714756225
2021-05-07,14823.150390625,14823.150390625,14863.0498046875,14765.5,14816.849609375,488000,0.006679247748155426,0.007090234302788323
2021-05-10,14942.349609375,14942.349609375,14966.900390625,14892.5,14928.25,522000,0.008041422748121585,-0.010215890944401784
2021-05-11,14850.75,14850.75,14900.0,14771.400390625,14789.7001953125,647400,-0.006130201191218876,-0.0018315704804471311
2021-05-12,14696.5,14696.5,14824.0498046875,14649.7001953125,14823.5498046875,643800,-0.0103866808073666,0.003599523058211096
2021-05-14,14677.7998046875,14677.7998046875,14749.650390625,14591.900390625,14749.400390625,620700,-0.0012724250884564858,0.005344819820164437
2021-05-17,14923.150390625,14923.150390625,14938.0,14725.349609375,14756.25,546400,0.01671576048197254,0.009652774442184375
2021-05-18,15108.099609375,15108.099609375,15137.25,15043.7001953125,15067.2001953125,583900,0.012393443335275034,-0.0032763882473533235
2021-05-19,15030.150390625,15030.150390625,15133.400390625,15008.849609375,15058.599609375,569100,-0.005159432408138875,0.0008282830461738833
2021-05-20,14906.0498046875,14906.0498046875,15069.7998046875,14884.900390625,15042.599609375,480300,-0.00825677606093067,0.0054843503859951515
2021-05-21,15175.2998046875,15175.2998046875,15190.0,14985.849609375,14987.7998046875,572900,0.01806313567497475,0.0023755579890663014
2021-05-24,15197.7001953125,15197.7001953125,15256.25,15145.4501953125,15211.349609375,579800,0.001476108604989923,0.0061884234771591995
2021-05-25,15208.4501953125,15208.4501953125,15293.849609375,15163.400390625,15291.75,441500,0.0007073438653115716,0.0031955661984532924
2021-05-26,15301.4501953125,15301.4501953125,15319.900390625,15194.9501953125,15257.0498046875,384000,0.006115021504864648,0.0014704488602585997
2021-05-27,15337.849609375,15337.849609375,15384.5498046875,15272.5,15323.9501953125,0,0.002378821196545866,0.0054343071591047565
2021-05-28,15435.650390625,15435.650390625,15469.650390625,15394.75,15421.2001953125,468100,0.006376433707514062,0.00013602338235618738
2021-05-31,15582.7998046875,15582.7998046875,15606.349609375,15374.0,15437.75,436000,0.009533088035724946,0.0030065576484790135
2021-06-01,15574.849609375,15574.849609375,15660.75,15528.2998046875,15629.650390625,409600,-0.0005101904286871628,-0.003499231220004506
2021-06-02,15576.2001953125,15576.2001953125,15597.4501953125,15459.849609375,15520.349609375,428600,8.67158252806366e-05,0.005094285408509203
2021-06-03,15690.349609375,15690.349609375,15705.099609375,15611.0,15655.5498046875,410200,0.0073284506253876724,0.0014117206548263095
2021-06-04,15670.25,15670.25,15733.599609375,15622.349609375,15712.5,414200,-0.001281017305247989,0.0035002383098545753
2021-06-07,15751.650390625,15751.650390625,15773.4501953125,15678.099609375,15725.099609375,394000,0.0051945814919991395,0.0014125503961948116
2021-06-08,15740.099609375,15740.099609375,15778.7998046875,15680.0,15773.900390625,378200,-0.0007333060957773752,0.0016645507946402294
2021-06-09,15635.349609375,15635.349609375,15800.4501953125,15566.900390625,15766.2998046875,457900,-0.006654976944212576,0.0036295958464511724
2021-06-10,15737.75,15737.75,15751.25,15648.5,15692.099609375,298300,0.0065492869160790335,0.0037298975592128247
2021-06-11,15799.349609375,15799.349609375,15835.5498046875,15749.7998046875,15796.4501953125,363000,0.003914130633349666,-0.0005031358218241522
2021-06-14,15811.849609375,15811.849609375,15823.0498046875,15606.5,15791.400390625,392900,0.0007911718082738162,0.0034847653689313862
2021-06-15,15869.25,15869.25,15901.599609375,15842.400390625,15866.9501953125,323300,0.003630213545097627,-0.0013705751689588874
2021-06-16,15767.5498046875,15767.5498046875,15880.849609375,15742.599609375,15847.5,340200,-0.006408632752808119,-0.007563001320886831
2021-06-17,15691.400390625,15691.400390625,15769.349609375,15616.75,15648.2998046875,357600,-0.0048295020472909345,0.004148744392112658
2021-06-18,15683.349609375,15683.349609375,15761.5,15450.900390625,15756.5,640800,-0.000513069646403852,-0.010042497548218399
2021-06-21,15746.5,15746.5,15765.150390625,15505.650390625,15525.849609375,351500,0.004026588209654625,0.005969580541707709
2021-06-22,15772.75,15772.75,15895.75,15752.099609375,15840.5,322200,0.0016670371193598932,0.005709201292577459
2021-06-23,15686.9501953125,15686.9501953125,15862.9501953125,15673.9501953125,15862.7998046875,287500,-0.005439749231269109,0.0032096493421676087
2021-06-24,15790.4501953125,15790.4501953125,15821.400390625,15702.7001953125,15737.2998046875,316700,0.006597840798329813,0.0030967713686222975
2021-06-25,15860.349609375,15860.349609375,15870.7998046875,15772.2998046875,15839.349609375,314600,0.0044266891189239654,0.0034677671901690577
2021-06-28,15814.7001953125,15814.7001953125,15915.650390625,15792.150390625,15915.349609375,255100,-0.0028782098242977616,-0.0004552849705385942
2021-06-29,15748.4501953125,15748.4501953125,15835.900390625,15724.0498046875,15807.5,360300,-0.0041891404314852165,0.001806539371154603
2021-06-30,15721.5,15721.5,15839.099609375,15708.75,15776.900390625,262400,-0.0017112919035373597,0.002134007867410803
2021-07-01,15680.0,15680.0,15755.5498046875,15667.0498046875,15755.0498046875,224900,-0.002639697229908089,0.0016485720264667325
2021-07-02,15722.2001953125,15722.2001953125,15738.349609375,15635.9501953125,15705.849609375,254800,0.002691338986766656,0.0045286406754778685
2021-07-05,15834.349609375,15834.349609375,15845.9501953125,15762.0498046875,15793.400390625,207000,0.007133188273225066,-0.0013009444582936514
2021-07-06,15818.25,15818.25,15914.2001953125,15801.0,15813.75,391400,-0.0010167521731027085,8.531976514469797e-05
2021-07-07,15879.650390625,15879.650390625,15893.5498046875,15779.7001953125,15819.599609375,329300,0.0038816171589777237,-0.001527111706081219
2021-07-08,15727.900390625,15727.900390625,15885.75,15682.900390625,15855.400390625,307900,-0.0095562557277451,-0.0025210224912560752
2021-07-09,15689.7998046875,15689.7998046875,15730.849609375,15632.75,15688.25,243200,-0.0024224839292732447,0.004907647067427634
2021-07-12,15692.599609375,15692.599609375,15789.2001953125,15644.75,15766.7998046875,216300,0.00017844744498685117,0.006461669395070979
2021-07-13,15812.349609375,15812.349609375,15820.7998046875,15744.599609375,15794.0,246700,0.007630985495128417,-0.0002307951792526186
2021-07-14,15853.9501953125,15853.9501953125,15877.349609375,15764.2001953125,15808.7001953125,0,0.0026308921169333477,0.0011479912001919335
2021-07-15,15924.2001953125,15924.2001953125,15952.349609375,15855.0,15872.150390625,284900,0.004431072328003882,0.002144497911584331
2021-07-16,15923.400390625,15923.400390625,15962.25,15882.599609375,15958.349609375,276300,-5.0225736783704455e-05,-0.010607055432986567
2021-07-19,15752.400390625,15752.400390625,15836.900390625,15707.5,15754.5,242100,-0.010738912280361723,-0.003075734117406914
2021-07-20,15632.099609375,15632.099609375,15728.4501953125,15578.5498046875,15703.9501953125,274300,-0.0076369809214345,0.006684962520154825
2021-07-22,15824.0498046875,15824.0498046875,15834.7998046875,15726.400390625,15736.599609375,265300,0.012279233123449584,0.002069634537569476
2021-07-23,15856.0498046875,15856.0498046875,15899.7998046875,15768.400390625,15856.7998046875,294100,0.002022238326785386,-0.0004257050200487944
2021-07-26,15824.4501953125,15824.4501953125,15893.349609375,15797.0,15849.2998046875,267100,-0.0019929055322251976,0.0022781078800562238
2021-07-27,15746.4501953125,15746.4501953125,15881.5498046875,15701.0,15860.5,311000,-0.004929081202650898,0.0009589214831096093
2021-07-28,15709.400390625,15709.400390625,15767.5,15513.4501953125,15761.5498046875,318600,-0.002352898858342667,0.003392860539687348
2021-07-29,15778.4501953125,15778.4501953125,15817.349609375,15737.7998046875,15762.7001953125,401600,0.004395444954646832,0.0014037762763976502
2021-07-30,15763.0498046875,15763.0498046875,15862.7998046875,15744.849609375,15800.599609375,400000,-0.000976039499086867,0.007095745260174091
2021-08-02,15885.150390625,15885.150390625,15892.900390625,15834.650390625,15874.900390625,244800,0.007746000136419795,0.004179967606834145
2021-08-03,16130.75,16130.75,16146.900390625,15914.349609375,15951.5498046875,341300,0.015460955882416139,0.003998574151852896
2021-08-04,16258.7998046875,16258.7998046875,16290.2001953125,16176.150390625,16195.25,427300,0.007938242467802281,0.0018544044448045582
2021-08-05,16294.599609375,16294.599609375,16349.4501953125,16210.2998046875,16288.9501953125,418200,0.0022018725316477195,0.0006014741991182682
2021-08-06,16238.2001953125,16238.2001953125,16336.75,16223.2998046875,16304.400390625,320100,-0.003461233501561467,0.0026572781184799332
2021-08-09,16258.25,16258.25,16320.75,16179.0498046875,16281.349609375,240500,0.0012347307242392969,0.0010179327226178536
2021-08-10,16280.099609375,16280.099609375,16359.25,16202.25,16274.7998046875,288000,0.0013439090538649445,0.002899257157205515
2021-08-11,16282.25,16282.25,16338.75,16162.5498046875,16327.2998046875,277900,0.00013208706805212245,0.0013143386586620398
2021-08-12,16364.400390625,16364.400390625,16375.5,16286.900390625,16303.650390625,280200,0.005045395484346349,0.001301534282747152
2021-08-13,16529.099609375,16529.099609375,16543.599609375,16376.2998046875,16385.69921875,321900,0.010064482340847336,-0.0006472959207004525
2021-08-16,16563.05078125,16563.05078125,16589.400390625,16480.75,16518.400390625,254000,0.002054024277023725,-0.001074728411154302
2021-08-17,16614.599609375,16614.599609375,16628.55078125,16495.400390625,16545.25,297400,0.0031122785775283823,0.004655520517711009
2021-08-18,16568.849609375,16568.849609375,16701.849609375,16535.849609375,16691.94921875,251800,-0.00275360231817956,-0.011246985383315922
2021-08-20,16450.5,16450.5,16509.55078125,16376.0498046875,16382.5,350800,-0.007142898400624986,0.00861675936901607
2021-08-23,16496.44921875,16496.44921875,16592.5,16395.69921875,16592.25,275600,0.0027931806783987323,0.003937281957693939
2021-08-24,16624.599609375,16624.599609375,16647.099609375,16495.30078125,16561.400390625,275400,0.007768362083601765,0.0017684871404914926
2021-08-25,16634.650390625,16634.650390625,16712.44921875,16617.5,16654.0,265900,0.0006045728309951315,-0.00040284416670255396
2021-08-26,16636.900390625,16636.900390625,16683.69921875,16603.400390625,16627.94921875,253500,0.00013525983096518424,0.000339630008735492
2021-08-27,16705.19921875,16705.19921875,16722.05078125,16565.599609375,16642.55078125,217400,0.004105261588480014,0.004229245619872701
2021-08-30,16931.05078125,16931.05078125,16951.5,16764.849609375,16775.849609375,283500,0.013519836521704187,0.0009715415163846775
2021-08-31,17132.19921875,17132.19921875,17153.5,16915.849609375,16947.5,464400,0.011880446175423387,0.003116960639037991
2021-09-01,17076.25,17076.25,17225.75,17055.05078125,17185.599609375,301900,-0.00326573477436376,0.0011214634726592898
2021-09-02,17234.150390625,17234.150390625,17245.5,17059.69921875,17095.400390625,242400,0.009246783727399066,0.0016420204932408033
2021-09-03,17323.599609375,17323.599609375,17340.099609375,17212.19921875,17262.44921875,261400,0.005190230833697296,0.00437264781616209
2021-09-06,17377.80078125,17377.80078125,17429.55078125,17345.55078125,17399.349609375,228000,0.0031287476677577253,0.0013666861704171307
2021-09-07,17362.099609375,17362.099609375,17436.5,17287.0,17401.55078125,243400,-0.0009035189246697772,0.0007862177347277566
2021-09-08,17353.5,17353.5,17383.400390625,17254.19921875,17375.75,252700,-0.0004953092983268625,-0.002342489447373697
2021-09-09,17369.25,17369.25,17379.650390625,17302.69921875,17312.849609375,241500,0.0009075978909154347,-0.00032812117679237307
2021-09-13,17355.30078125,17355.30078125,17378.349609375,17269.150390625,17363.55078125,241100,-0.000803098507419775,0.003748066884284418
2021-09-14,17380.0,17380.0,17438.55078125,17367.05078125,17420.349609375,230400,0.001423151293159064,0.00044018358026476356
2021-09-15,17519.44921875,17519.44921875,17532.69921875,17386.900390625,17387.650390625,388200,0.00802354538262362,0.001127318544858369
2021-09-16,17629.5,17629.5,17644.599609375,17510.44921875,17539.19921875,503300,0.006281634763507293,0.004546379115970334
2021-09-17,17585.150390625,17585.150390625,17792.94921875,17537.650390625,17709.650390625,508300,-0.002515647600612625,-0.008035233029643596
2021-09-20,17396.900390625,17396.900390625,17622.75,17361.80078125,17443.849609375,339100,-0.010705054879733056,0.0030809861625629154
2021-09-21,17562.0,17562.0,17578.349609375,17326.099609375,17450.5,363600,0.00949017386246398,0.0010762094650380583
2021-09-22,17546.650390625,17546.650390625,17610.44921875,17524.0,17580.900390625,295200,-0.0008740239935656202,0.007078229518743928
2021-09-23,17822.94921875,17822.94921875,17843.900390625,17646.55078125,17670.849609375,320500,0.015746528367181822,0.0041800040546389194
2021-09-24,17853.19921875,17853.19921875,17947.650390625,17819.400390625,17897.44921875,360100,0.0016972499684944076,0.004424977228564719
2021-09-27,17855.099609375,17855.099609375,17943.5,17802.900390625,17932.19921875,295700,0.00010644538279747096,0.0028759071916932832
2021-09-28,17748.599609375,17748.599609375,17912.849609375,17576.099609375,17906.44921875,398000,-0.0059646824901542495,-0.0051074672154481915
2021-09-29,17711.30078125,17711.30078125,17781.75,17608.150390625,17657.94921875,562200,-0.0021015082285871234,0.0004290825088941741
2021-09-30,17618.150390625,17618.150390625,17742.150390625,17585.349609375,17718.900390625,378600,-0.005259376020738893,-0.004895519568608897
2021-10-01,17532.05078125,17532.05078125,17557.150390625,17452.900390625,17531.900390625,305800,-0.004886983449795879,0.004762705803322165
2021-10-04,17691.25,17691.25,17750.900390625,17581.349609375,17615.55078125,295800,0.009080467581137563,-0.0016901231187733678
2021-10-05,17822.30078125,17822.30078125,17833.44921875,17640.900390625,17661.349609375,427000,0.007407660919946268,0.0021994477161579873
2021-10-06,17646.0,17646.0,17884.599609375,17613.150390625,17861.5,395800,-0.009892144870289554,0.009325103777059862
2021-10-07,17790.349609375,17790.349609375,17857.55078125,17763.80078125,17810.55078125,419900,0.008180302016037588,0.0054242891297171525
2021-10-08,17895.19921875,17895.19921875,17941.849609375,17840.349609375,17886.849609375,324100,0.005893622760496431,-0.0015450198213513566
2021-10-11,17945.94921875,17945.94921875,18041.94921875,17839.099609375,17867.55078125,375800,0.0028359561343596074,-0.0016799578073307675
2021-10-12,17991.94921875,17991.94921875,18008.650390625,17864.94921875,17915.80078125,355600,0.0025632525445875576,0.005885987634660417
2021-10-13,18161.75,18161.75,18197.80078125,18050.75,18097.849609375,506700,0.00943759784921161,0.006117230408688501
2021-10-14,18338.55078125,18338.55078125,18350.75,18248.69921875,18272.849609375,538700,0.009734787740718787,0.008809247254705221
2021-10-18,18477.05078125,18477.05078125,18543.150390625,18445.30078125,18500.099609375,469900,0.007552396132719963,0.0067813218466743486
2021-10-19,18418.75,18418.75,18604.44921875,18377.69921875,18602.349609375,368200,-0.003155307734996393,0.0011483076009501936
2021-10-20,18266.599609375,18266.599609375,18458.30078125,18209.349609375,18439.900390625,371300,-0.008260625212080042,0.006355841363896442
2021-10-21,18178.099609375,18178.099609375,18384.19921875,18048.0,18382.69921875,365900,-0.004844908296702255,0.0028935703129204793
2021-10-22,18114.900390625,18114.900390625,18314.25,18034.349609375,18230.69921875,324700,-0.003476668084567369,0.006326262187690945
2021-10-25,18125.400390625,18125.400390625,18241.400390625,17968.5,18229.5,418700,0.000579633328010587,0.001605460224208377
2021-10-26,18268.400390625,18268.400390625,18310.44921875,18099.30078125,18154.5,341400,0.007889480889700096,0.0015025518470728194
2021-10-27,18210.94921875,18210.94921875,18342.05078125,18167.900390625,18295.849609375,335200,-0.0031448386638428527,-0.0012793857061009772
2021-10-28,17857.25,17857.25,18190.69921875,17799.44921875,18187.650390625,374200,-0.0194223384240636,-0.0013551481191113046
2021-10-29,17671.650390625,17671.650390625,17915.849609375,17613.099609375,17833.05078125,336500,-0.010393515763905459,0.006309540848496553
2021-11-01,17929.650390625,17929.650390625,17954.099609375,17697.099609375,17783.150390625,281200,0.014599655057507821,0.00230065835648241
2021-11-02,17888.94921875,17888.94921875,18012.25,17847.599609375,17970.900390625,296400,-0.002270048271341696,0.0032981255231112616
2021-11-03,17829.19921875,17829.19921875,17988.75,17757.94921875,17947.94921875,331000,-0.0033400508475575075,0.00593697794282777
2021-11-04,17916.80078125,17916.80078125,17947.55078125,17900.599609375,17935.05078125,48500,0.004913376165984751,0.006887303096495767
2021-11-08,18068.55078125,18068.55078125,18087.80078125,17836.099609375,18040.19921875,338900,0.008469704042186388,0.0008743826948973688
2021-11-09,18044.25,18044.25,18112.599609375,17983.05078125,18084.349609375,270200,-0.001344921435271762,-0.003923730897654409
2021-11-10,18017.19921875,18017.19921875,18061.25,17915.0,17973.44921875,261400,-0.0014991358050348014,-0.002761250480497912
2021-11-11,17873.599609375,17873.599609375,17971.349609375,17798.19921875,17967.44921875,232100,-0.007970140510272006,0.005818637670805371
2021-11-12,18102.75,18102.75,18123.0,17905.900390625,17977.599609375,249100,0.012820606684330382,0.0021101334741959743
2021-11-15,18109.44921875,18109.44921875,18210.150390625,18071.30078125,18140.94921875,280400,0.0003700663573213969,0.0009719546015665159
2021-11-16,17999.19921875,17999.19921875,18132.650390625,17958.80078125,18127.05078125,267400,-0.006087981951756416,-0.003325126226318642
2021-11-17,17898.650390625,17898.650390625,18022.650390625,17879.25,17939.349609375,295700,-0.005586294529162039,-0.0004525262630551419
2021-11-18,17764.80078125,17764.80078125,17945.599609375,17688.5,17890.55078125,278400,-0.007478195643460861,0.0017703108037774307
2021-11-22,17416.55078125,17416.55078125,17805.25,17280.44921875,17796.25,356400,-0.019603372100156835,-0.007739809273551557
2021-11-23,17503.349609375,17503.349609375,17553.69921875,17216.099609375,17281.75,308800,0.004983697932798847,0.0026681276965401235
2021-11-24,17415.05078125,17415.05078125,17600.599609375,17354.0,17550.05078125,298100,-0.0050446817378146935,0.00012919858967186393
2021-11-25,17536.25,17536.25,17564.349609375,17351.69921875,17417.30078125,255900,0.006959452503032093,-0.011262385059519597
2021-11-26,17026.44921875,17026.44921875,17355.400390625,16985.69921875,17338.75,356300,-0.029071254187753914,0.0017238804240919947
2021-11-29,17053.94921875,17053.94921875,17160.69921875,16782.400390625,17055.80078125,348900,0.0016151341742889347,-0.00016411612871014558
2021-11-30,16983.19921875,16983.19921875,17324.650390625,16931.400390625,17051.150390625,498000,-0.004148599194972014,0.007136533600877071
2021-12-01,17166.900390625,17166.900390625,17213.05078125,17064.25,17104.400390625,295500,0.01081664117042136,0.0009494333720199144
2021-12-02,17401.650390625,17401.650390625,17420.349609375,17149.30078125,17183.19921875,279900,0.013674571102433752,0.0013360801692996471
2021-12-03,17196.69921875,17196.69921875,17489.80078125,17180.80078125,17424.900390625,292500,-0.01177768586739425,0.0007182519356117023
2021-12-06,16912.25,16912.25,17216.75,16891.69921875,17209.05078125,231700,-0.01654091957599968,0.007796101014057921
2021-12-07,17176.69921875,17176.69921875,17251.650390625,16987.75,17044.099609375,254100,0.015636548581649423,0.00806620524033863
2021-12-08,17469.75,17469.75,17484.599609375,17308.94921875,17315.25,257800,0.017060948527881648,0.0031282869316962003
2021-12-09,17516.849609375,17516.849609375,17543.25,17379.599609375,17524.400390625,237200,0.002696066593683266,-0.0023291190502180426
2021-12-10,17511.30078125,17511.30078125,17534.349609375,17405.25,17476.05078125,204500,-0.00031677089480919296,0.006155957771019738
2021-12-13,17368.25,17368.25,17639.5,17355.94921875,17619.099609375,256600,-0.008169055116863166,-0.004896911390036451
2021-12-14,17324.900390625,17324.900390625,17376.19921875,17225.80078125,17283.19921875,271000,-0.002495911181322197,-7.215048697628568e-05
2021-12-15,17221.400390625,17221.400390625,17351.19921875,17192.19921875,17323.650390625,215000,-0.005974060321640162,0.00880297803525476
2021-12-16,17248.400390625,17248.400390625,17379.349609375,17184.94921875,17373.0,219500,0.0015678167505297491,0.0016001257362974197
2021-12-17,16985.19921875,16985.19921875,17298.150390625,16966.44921875,17276.0,354600,-0.01525945397337003,-0.009475851102901833
2021-12-20,16614.19921875,16614.19921875,16840.099609375,16410.19921875,16824.25,330600,-0.021842546279377872,0.009567188269634652
2021-12-21,16770.849609375,16770.849609375,16936.400390625,16688.25,16773.150390625,241000,0.00942870544420904,0.005646772470135453
2021-12-22,16955.44921875,16955.44921875,16971.0,16819.5,16865.55078125,207900,0.011007170994593363,0.0065673024090016074
2021-12-23,17072.599609375,17072.599609375,17118.650390625,17015.55078125,17066.80078125,197000,0.006909306212627531,0.004504316412526466
2021-12-24,17003.75,17003.75,17155.599609375,16909.599609375,17149.5,182600,-0.004032754879180422,-0.003881496728662781
2021-12-27,17086.25,17086.25,17112.05078125,16833.19921875,16937.75,144800,0.004851870910828504,0.005346381410490819
2021-12-28,17233.25,17233.25,17250.25,17161.150390625,17177.599609375,176000,0.008603409174043453,-0.0007630824496249744
2021-12-29,17213.599609375,17213.599609375,17285.94921875,17176.650390625,17220.099609375,161700,-0.0011402602889762914,-0.0007058599537996813
2021-12-30,17203.94921875,17203.94921875,17264.05078125,17146.349609375,17201.44921875,320800,-0.0005606259494814747,0.0023570623659947554
2021-12-31,17354.05078125,17354.05078125,17400.80078125,17238.5,17244.5,167000,0.008724831757606522,0.0019073131565778834
2022-01-03,17625.69921875,17625.69921875,17646.650390625,17383.30078125,17387.150390625,200500,0.015653315812207858,0.0031602248049114046
2022-01-04,17805.25,17805.25,17827.599609375,17593.55078125,17681.400390625,247400,0.01018687423526421,0.0008340017340391359
2022-01-05,17925.25,17925.25,17944.69921875,17748.849609375,17820.099609375,251500,0.0067395852346920915,-0.008744647912860337
2022-01-06,17745.900390625,17745.900390625,17797.94921875,17655.55078125,17768.5,236500,-0.010005417462796928,0.0029133049105420916
2022-01-07,17812.69921875,17812.69921875,17905.0,17704.55078125,17797.599609375,239300,0.003764183651131514,0.005647743851987519
2022-01-10,18003.30078125,18003.30078125,18017.44921875,17879.150390625,17913.30078125,232400,0.010700318921871732,-0.0003083201973596017
2022-01-11,18055.75,18055.75,18081.25,17964.400390625,17997.75,220200,0.002913311252602302,0.00634979940600644
2022-01-12,18212.349609375,18212.349609375,18227.94921875,18128.80078125,18170.400390625,245000,0.008673115731830494,0.002451654596066888
2022-01-13,18257.80078125,18257.80078125,18272.25,18163.80078125,18257.0,303700,0.0024956237305924223,-0.003987379538326619
2022-01-14,18255.75,18255.75,18286.94921875,18119.650390625,18185.0,229500,-0.00011232356375068253,-0.0011010015679990826
2022-01-17,18308.099609375,18308.099609375,18321.55078125,18228.75,18235.650390625,266700,0.0028675682661627455,0.0015894391005006892
2022-01-18,18113.05078125,18113.05078125,18350.94921875,18085.900390625,18337.19921875,227500,-0.010653690567923424,0.0008915360363652702
2022-01-19,17938.400390625,17938.400390625,18129.19921875,17884.900390625,18129.19921875,276700,-0.00964224043394124,-0.0009700079296978137
2022-01-20,17757.0,17757.0,17943.69921875,17648.44921875,17921.0,258100,-0.010112406160797005,-0.008070100875711028
2022-01-21,17617.150390625,17617.150390625,17707.599609375,17485.849609375,17613.69921875,277600,-0.007875745304668613,-0.0023840404985332464
2022-01-24,17149.099609375,17149.099609375,17599.400390625,16997.849609375,17575.150390625,323800,-0.02656790518738339,-0.008603881923009982
2022-01-25,17277.94921875,17277.94921875,17309.150390625,16836.80078125,17001.55078125,326500,0.007513491221694313,-0.012498544590908489
2022-01-27,17110.150390625,17110.150390625,17182.5,16866.75,17062.0,395600,-0.00971173291462768,0.005736383864795247
2022-01-28,17101.94921875,17101.94921875,17373.5,17077.099609375,17208.30078125,355300,-0.0004793161771092791,0.011642039159004858
2022-01-31,17339.849609375,17339.849609375,17410.0,17264.150390625,17301.05078125,321700,0.0139107178709299,0.010934328361907442
2022-02-01,17576.849609375,17576.849609375,17622.400390625,17244.55078125,17529.44921875,386400,0.013667938611870323,0.007359089498382598
2022-02-02,17780.0,17780.0,17794.599609375,17674.80078125,17706.19921875,271200,0.011557838585399605,-0.0006889763779527325
2022-02-03,17560.19921875,17560.19921875,17781.150390625,17511.150390625,17767.75,226600,-0.012362248664229525,0.0017084088640615391
2022-02-04,17516.30078125,17516.30078125,17617.80078125,17462.55078125,17590.19921875,261400,-0.0024998826581151823,-0.003425380778127818
2022-02-07,17213.599609375,17213.599609375,17536.75,17119.400390625,17456.30078125,265000,-0.017281112927623465,0.0038487011144328065
2022-02-08,17266.75,17266.75,17306.44921875,17043.650390625,17279.849609375,268500,0.0030876976246183574,0.0059854697250496525
2022-02-09,17463.80078125,17463.80078125,17477.150390625,17339.0,17370.099609375,236400,0.01141215233034587,0.005170628619512785
2022-02-10,17605.849609375,17605.849609375,17639.44921875,17427.150390625,17554.099609375,273600,0.008133901085124018,-0.008795350000748825
2022-02-11,17374.75,17374.75,17454.75,17303.0,17451.0,253100,-0.01312629691281364,-0.017185836306997215
2022-02-14,16842.80078125,16842.80078125,17099.5,16809.650390625,17076.150390625,305500,-0.03061622289529342,0.005370200593400876
2022-02-15,17352.44921875,17352.44921875,17375.0,16839.25,16933.25,298700,0.03025912638397754,0.00322721013581706
2022-02-16,17322.19921875,17322.19921875,17490.599609375,17257.69921875,17408.44921875,244500,-0.0017432697608654735,0.004292270372893592
2022-02-17,17304.599609375,17304.599609375,17442.900390625,17235.849609375,17396.55078125,232100,-0.001016014719190439,-0.003961306801219644
2022-02-18,17276.30078125,17276.30078125,17380.80078125,17219.19921875,17236.05078125,189600,-0.0016353356196504576,-0.004865091336058502
2022-02-21,17206.650390625,17206.650390625,17351.05078125,17070.69921875,17192.25,215200,-0.004031556958107085,-0.0208466589215085
2022-02-22,17092.19921875,17092.19921875,17148.55078125,16843.80078125,16847.94921875,300100,-0.006651566067580439,0.00598523220685232
2022-02-23,17063.25,17063.25,17220.69921875,17027.849609375,17194.5,200200,-0.0016937094155936583,-0.03014370705316982
2022-02-24,16247.9501953125,16247.9501953125,16705.25,16203.25,16548.900390625,458000,-0.04778103847083648,0.01647593647780443
2022-02-25,16658.400390625,16658.400390625,16748.80078125,16478.30078125,16515.650390625,329800,0.025261660109649586,-0.01061331082842143
2022-02-28,16793.900390625,16793.900390625,16815.900390625,16356.2998046875,16481.599609375,404200,0.008134034290366632,-0.011956768623094582
2022-03-02,16605.94921875,16605.94921875,16678.5,16478.650390625,16593.099609375,517700,-0.011191633122935585,0.0070607225431962295
2022-03-03,16498.05078125,16498.05078125,16768.94921875,16442.94921875,16723.19921875,442100,-0.00649757722841704,-0.009613292384682781
2022-03-04,16245.349609375,16245.349609375,16456.0,16133.7998046875,16339.4501953125,456100,-0.015317032007332254,-0.0232312275904919
2022-03-07,15863.150390625,15863.150390625,15944.599609375,15711.4501953125,15867.9501953125,585400,-0.02352668473994779,-0.007274746048754666
2022-03-08,16013.4501953125,16013.4501953125,16028.75,15671.4501953125,15747.75,543600,0.009474776509483585,0.004030974206070459
2022-03-09,16345.349609375,16345.349609375,16418.05078125,15990.0,16078.0,462200,0.020726290088294297,0.025190651154003874
2022-03-10,16594.900390625,16594.900390625,16757.30078125,16447.900390625,16757.099609375,486400,0.01526738719047449,-0.003983127817527743
2022-03-11,16630.44921875,16630.44921875,16694.400390625,16470.900390625,16528.80078125,343700,0.0021421537513466316,0.0001954246669617632
2022-03-14,16871.30078125,16871.30078125,16887.94921875,16606.5,16633.69921875,314700,0.014482565042708062,0.0017396174578083734
2022-03-15,16663.0,16663.0,16927.75,16555.0,16900.650390625,381600,-0.012346456503312231,0.012821844243233516
2022-03-16,16975.349609375,16975.349609375,16987.900390625,16837.849609375,16876.650390625,260000,0.018745100484606647,0.013404777308641203
2022-03-17,17287.05078125,17287.05078125,17344.599609375,17175.75,17202.900390625,448300,0.018361988356508263,0.0024555500696534782
2022-03-21,17117.599609375,17117.599609375,17353.349609375,17096.400390625,17329.5,285500,-0.009802202470463706,0.00016361997674407824
2022-03-22,17315.5,17315.5,17334.400390625,17006.30078125,17120.400390625,338300,0.011561223252155806,0.005171712122087113
2022-03-23,17245.650390625,17245.650390625,17442.400390625,17199.599609375,17405.05078125,292100,-0.0040339354552280104,-0.008738503243514884
2022-03-24,17222.75,17222.75,17291.75,17091.150390625,17094.94921875,290300,-0.0013278937068936791,0.0038466563121453134
2022-03-25,17153.0,17153.0,17294.900390625,17076.55078125,17289.0,237100,-0.004049875890900112,0.001681898756777267
2022-03-28,17222.0,17222.0,17235.099609375,17003.900390625,17181.849609375,253200,0.004022619949862971,0.004366462591452791
2022-03-29,17325.30078125,17325.30078125,17343.650390625,17235.69921875,17297.19921875,235100,0.005998187274997013,0.008245144553542083
2022-03-30,17498.25,17498.25,17522.5,17387.19921875,17468.150390625,505000,0.009982465582194733,0.0011972179360792978
2022-03-31,17464.75,17464.75,17559.80078125,17435.19921875,17519.19921875,281100,-0.001914477162001882,-0.001594618266794523
2022-04-01,17670.44921875,17670.44921875,17703.69921875,17422.69921875,17436.900390625,291800,0.011777965258592316,0.007846455339566516
2022-04-04,18053.400390625,18053.400390625,18114.650390625,17791.400390625,17809.099609375,345500,0.021671841339984343,0.0015065981012709617
2022-04-05,17957.400390625,17957.400390625,18095.44921875,17921.55078125,18080.599609375,283500,-0.005317557796472028,-0.006384576170883616
2022-04-06,17807.650390625,17807.650390625,17901.0,17779.849609375,17842.75,328800,-0.008339180323571727,-0.004736706276500469
2022-04-07,17639.55078125,17639.55078125,17787.5,17623.69921875,17723.30078125,308800,-0.00943974110495216,0.0033220579198245392
2022-04-08,17784.349609375,17784.349609375,17842.75,17600.55078125,17698.150390625,274400,0.008208759390795572,-0.0024431154191377757
2022-04-11,17674.94921875,17674.94921875,17779.05078125,17650.94921875,17740.900390625,251700,-0.006151497975913078,-0.005097588019060351
2022-04-12,17530.30078125,17530.30078125,17595.30078125,17442.349609375,17584.849609375,266000,-0.008183810641252287,0.003970246160832636
2022-04-13,17475.650390625,17475.650390625,17663.650390625,17457.400390625,17599.900390625,245100,-0.0031174816283502382,-0.016720474794560736
2022-04-18,17173.650390625,17173.650390625,17237.75,17067.849609375,17183.44921875,376100,-0.017281188010147552,0.004966843168739743
2022-04-19,16958.650390625,16958.650390625,17275.650390625,16824.69921875,17258.94921875,401400,-0.012519178806467801,0.005106515399531553
2022-04-20,17136.55078125,17136.55078125,17186.900390625,16978.94921875,17045.25,286100,0.010490244596548015,0.0057216197924894185
2022-04-21,17392.599609375,17392.599609375,17414.69921875,17215.5,17234.599609375,285200,0.014941678252146096,-0.008615710862120207
2022-04-22,17171.94921875,17171.94921875,17315.30078125,17149.19921875,17242.75,262700,-0.012686452605167986,-0.00948631022750357
2022-04-25,16953.94921875,16953.94921875,17054.30078125,16888.69921875,17009.05078125,275700,-0.012695122564301942,0.009870948670467783
2022-04-26,17200.80078125,17200.80078125,17223.849609375,17064.44921875,17121.30078125,261100,0.014560121616207233,-0.007409606883763797
2022-04-27,17038.400390625,17038.400390625,17110.69921875,16958.44921875,17073.349609375,265100,-0.009441443610115341,0.008868180457722863
2022-04-28,17245.05078125,17245.05078125,17322.5,17071.05078125,17189.5,312900,0.012128508890934642,0.004882514978822083
2022-04-29,17102.55078125,17102.55078125,17377.650390625,17053.25,17329.25,336200,-0.008263240381694681,-0.010413742650321911
2022-05-02,17069.099609375,17069.099609375,17092.25,16917.25,16924.44921875,278200,-0.0019559171203674675,0.0016110984544783769
2022-05-04,16677.599609375,16677.599609375,17132.849609375,16623.94921875,17096.599609375,310600,-0.022936183451936376,0.010622055617969028
2022-05-05,16682.650390625,16682.650390625,16945.69921875,16651.849609375,16854.75,265800,0.00030284821366977077,-0.016010622000752317
2022-05-06,16411.25,16411.25,16484.19921875,16340.900390625,16415.55078125,300500,-0.0162684216398562,-0.011184389043339182
2022-05-09,16301.849609375,16301.849609375,16403.69921875,16142.099609375,16227.7001953125,288400,-0.006666182687180999,-0.003248049762374805
2022-05-10,16240.0498046875,16240.0498046875,16404.55078125,16197.2998046875,16248.900390625,283100,-0.003790968888092272,0.0018472849751569598
2022-05-11,16167.099609375,16167.099609375,16318.75,15992.599609375,16270.0498046875,284300,-0.0044919933245182175,-0.009030685993629772
2022-05-12,15808.0,15808.0,16041.9501953125,15735.75,16021.099609375,314900,-0.022211752141785834,0.010690789473684292
2022-05-13,15782.150390625,15782.150390625,16083.599609375,15740.849609375,15977.0,369100,-0.0016352232651188903,0.003988633816808251
2022-05-16,15842.2998046875,15842.2998046875,15977.9501953125,15739.650390625,15845.099609375,217600,0.0038112305721171857,0.004437474707220224
2022-05-17,16259.2998046875,16259.2998046875,16284.25,15900.7998046875,15912.599609375,295700,0.026321935902047233,0.0036195030932717476
2022-05-18,16240.2998046875,16240.2998046875,16399.80078125,16211.2001953125,16318.150390625,290400,-0.0011685620062508173,-0.01988260179589174
2022-05-19,15809.400390625,15809.400390625,15984.75,15775.2001953125,15917.400390625,313900,-0.026532725334179386,0.014826584707254176
2022-05-20,16266.150390625,16266.150390625,16283.0498046875,16003.849609375,16043.7998046875,252400,0.028891038794289337,0.0015246265460444608
2022-05-23,16214.7001953125,16214.7001953125,16414.69921875,16185.75,16290.9501953125,293800,-0.0031630222318707046,0.0006691217996208643
2022-05-24,16125.150390625,16125.150390625,16262.7998046875,16078.599609375,16225.5498046875,249800,-0.005522754266735541,0.004415414245773075
2022-05-25,16025.7998046875,16025.7998046875,16223.349609375,16006.9501953125,16196.349609375,243300,-0.006161219184365629,0.00494204322266234
2022-05-26,16170.150390625,16170.150390625,16204.4501953125,15903.7001953125,16105.0,314300,0.009007387318995308,0.007819916061096777
2022-05-27,16352.4501953125,16352.4501953125,16370.599609375,16221.9501953125,16296.599609375,274100,0.011273847198922216,0.010729290914629708
2022-05-30,16661.400390625,16661.400390625,16695.5,16506.150390625,16527.900390625,251400,0.018893205092962884,-0.0049786434471423835
2022-05-31,16584.55078125,16584.55078125,16690.75,16521.900390625,16578.44921875,651600,-0.004612433983534836,0.0005939026932304525
2022-06-01,16522.75,16522.75,16649.19921875,16438.849609375,16594.400390625,249600,-0.0037264067061659745,-0.002487455742839373
2022-06-02,16628.0,16628.0,16646.400390625,16443.05078125,16481.650390625,236000,0.006370004993115463,0.008037670833834554
2022-06-03,16584.30078125,16584.30078125,16793.849609375,16567.900390625,16761.650390625,245500,-0.002628050201467391,-0.0032320664709964975
2022-06-06,16569.55078125,16569.55078125,16610.94921875,16444.55078125,16530.69921875,233600,-0.0008893953501298846,-0.006032219774364966
2022-06-07,16416.349609375,16416.349609375,16487.25,16347.099609375,16469.599609375,233800,-0.009245946006475991,0.0035695882927306855
2022-06-08,16356.25,16356.25,16514.30078125,16293.349609375,16474.94921875,243500,-0.0036609606157923524,-0.005649240542606071
2022-06-09,16478.099609375,16478.099609375,16492.80078125,16243.849609375,16263.849609375,205000,0.00744972774168895,-0.011782269719503358
2022-06-10,16201.7998046875,16201.7998046875,16324.7001953125,16172.599609375,16283.9501953125,189700,-0.016767698414100085,-0.020013208650201175
2022-06-13,15774.400390625,15774.400390625,15886.150390625,15684.0,15877.5498046875,225500,-0.026379749115209128,-0.006348919017202137
2022-06-14,15732.099609375,15732.099609375,15858.0,15659.4501953125,15674.25,225400,-0.00268160945598539,-0.00018113344345349613
2022-06-15,15692.150390625,15692.150390625,15783.650390625,15678.900390625,15729.25,183000,-0.0025393443813560568,0.008928005779163417
2022-06-16,15360.599609375,15360.599609375,15863.150390625,15335.099609375,15832.25,264700,-0.021128447854290244,-0.005725637083615065
2022-06-17,15293.5,15293.5,15400.400390625,15183.400390625,15272.650390625,342600,-0.00436829362663993,0.0026808774969757643
2022-06-20,15350.150390625,15350.150390625,15382.5,15191.099609375,15334.5,260000,0.0037042135956451006,0.006892427891267872
2022-06-21,15638.7998046875,15638.7998046875,15707.25,15419.849609375,15455.9501953125,262800,0.018804337854487096,-0.005956301968555122
2022-06-22,15413.2998046875,15413.2998046875,15565.400390625,15385.9501953125,15545.650390625,220900,-0.014419265085317434,0.002481623045337056
2022-06-23,15556.650390625,15556.650390625,15628.4501953125,15367.5,15451.5498046875,259200,0.009300447519609234,0.006476329895586996
2022-06-24,15699.25,15699.25,15749.25,15619.4501953125,15657.400390625,219600,0.009166472588529428,0.014456117031864668
2022-06-27,15832.0498046875,15832.0498046875,15927.4501953125,15815.5,15926.2001953125,210900,0.008458990377725017,-0.004711936249272797
2022-06-28,15850.2001953125,15850.2001953125,15892.099609375,15710.150390625,15757.4501953125,251900,0.0011464333961117568,-0.009368966837650206
2022-06-29,15799.099609375,15799.099609375,15861.599609375,15687.7998046875,15701.7001953125,444900,-0.0032239710103227903,-0.001557026032065978
2022-06-30,15780.25,15780.25,15890.0,15728.849609375,15774.5,306000,-0.001193081241402827,-0.004850988082413132
2022-07-01,15752.0498046875,15752.0498046875,15793.9501953125,15511.0498046875,15703.7001953125,364100,-0.0017870563085186086,-0.002637739545181983
2022-07-04,15835.349609375,15835.349609375,15852.349609375,15661.7998046875,15710.5,304300,0.005288188249805481,0.004660508487056569
2022-07-05,15810.849609375,15810.849609375,16025.75,15785.4501953125,15909.150390625,254200,-0.0015471713984448465,0.00046490771331741954
2022-07-06,15989.7998046875,15989.7998046875,16011.349609375,15800.900390625,15818.2001953125,288400,0.011318189707300252,0.007751829092704776
2022-07-07,16132.900390625,16132.900390625,16150.5,16045.9501953125,16113.75,264600,0.00894949203151052,0.008724407675745116
2022-07-08,16220.599609375,16220.599609375,16275.5,16157.900390625,16273.650390625,281100,0.005436047866567373,-0.005206294513378618
2022-07-11,16216.0,16216.0,16248.5498046875,16115.5,16136.150390625,255900,-0.00028356592763323363,-0.005537728458775315
2022-07-12,16058.2998046875,16058.2998046875,16158.75,16031.150390625,16126.2001953125,208600,-0.0097249750439381,0.004352913538492764
2022-07-13,15966.650390625,15966.650390625,16140.0,15950.150390625,16128.2001953125,233300,-0.005707292501522909,0.003269265467267246
2022-07-14,15938.650390625,15938.650390625,16070.849609375,15858.2001953125,16018.849609375,228600,-0.0017536552323109689,0.004526695315742568
2022-07-15,16049.2001953125,16049.2001953125,16066.9501953125,15927.2998046875,16010.7998046875,205800,0.0069359576863876615,0.006367930742265271
2022-07-18,16278.5,16278.5,16287.9501953125,16142.2001953125,16151.400390625,227700,0.014287304158276504,-0.005617851479712499
2022-07-19,16340.5498046875,16340.5498046875,16359.5,16187.0498046875,16187.0498046875,222600,0.003811764271124396,0.013601193302488879
2022-07-20,16520.849609375,16520.849609375,16588.0,16490.94921875,16562.80078125,284400,0.01103388850696918,0.00016350078469740126
2022-07-21,16605.25,16605.25,16626.94921875,16483.900390625,16523.55078125,243600,0.005108719746296009,0.0033724273949504724
2022-07-22,16719.44921875,16719.44921875,16752.25,16610.900390625,16661.25,190900,0.006877295960614926,-0.0034031287009258504
2022-07-25,16631.0,16631.0,16706.05078125,16564.25,16662.55078125,211400,-0.005290199311757782,0.00011426797095781538
2022-07-26,16483.849609375,16483.849609375,16636.099609375,16463.30078125,16632.900390625,208200,-0.00884795806776506,-0.00051565624544192
2022-07-27,16641.80078125,16641.80078125,16653.44921875,16438.75,16475.349609375,185200,0.0095821774414373,0.007994857640340358
2022-07-28,16929.599609375,16929.599609375,16947.650390625,16746.25,16774.849609375,376300,0.017293731123692924,0.008854337614812247
2022-07-29,17158.25,17158.25,17172.80078125,17018.150390625,17079.5,436100,0.013505953826479233,0.004950925575160747
2022-08-01,17340.05078125,17340.05078125,17356.25,17154.80078125,17243.19921875,381500,0.010595531668439406,-0.0017243542710573267
2022-08-02,17345.44921875,17345.44921875,17390.150390625,17215.849609375,17310.150390625,333600,0.000311327663805816,0.00021912267604418112
2022-08-03,17388.150390625,17388.150390625,17407.5,17225.849609375,17349.25,285400,0.002461808358865669,0.004310361773176785
2022-08-04,17382.0,17382.0,17490.69921875,17161.25,17463.099609375,325000,-0.0003537116074355806,0.0023961794169256034
2022-08-05,17397.5,17397.5,17474.400390625,17348.75,17423.650390625,355300,0.0008917270739845495,0.00022991809167982602
2022-08-08,17525.099609375,17525.099609375,17548.80078125,17359.75,17401.5,257000,0.007334364671648164,0.0023395016812381986
2022-08-10,17534.75,17534.75,17566.099609375,17442.80078125,17566.099609375,312700,0.0005506610997998429,0.010088560750794784
2022-08-11,17659.0,17659.0,17719.30078125,17631.94921875,17711.650390625,311200,0.007085929368824795,3.683054674663566e-05
2022-08-12,17698.150390625,17698.150390625,17724.650390625,17597.849609375,17659.650390625,303900,0.0022170219505635025,0.005596563818186739
2022-08-16,17825.25,17825.25,17839.099609375,17764.05078125,17797.19921875,0,0.007181519343531395,0.0024067202774153973
2022-08-17,17944.25,17944.25,17965.94921875,17833.349609375,17868.150390625,262800,0.006675923198833145,-0.002541182238042783
2022-08-18,17956.5,17956.5,17968.44921875,17852.05078125,17898.650390625,263900,0.0006826699360520383,0.000559729415531951
2022-08-19,17758.44921875,17758.44921875,17992.19921875,17710.75,17966.55078125,295600,-0.011029475746944017,-0.004254246933072969
2022-08-22,17490.69921875,17490.69921875,17690.05078125,17467.349609375,17682.900390625,287600,-0.0150773300473388,-0.007624029646113306
2022-08-23,17577.5,17577.5,17625.55078125,17345.19921875,17357.349609375,285600,0.00496268217550444,-0.002961216398805311
2022-08-24,17604.94921875,17604.94921875,17623.650390625,17499.25,17525.44921875,262000,0.001561611079505143,0.004206247932321938
2022-08-25,17522.44921875,17522.44921875,17726.5,17487.44921875,17679.0,230200,-0.004686182219266755,0.00552728453031337
2022-08-26,17558.900390625,17558.900390625,17685.849609375,17519.349609375,17619.30078125,266600,0.002080255529346653,-0.021086172354943256
2022-08-29,17312.900390625,17312.900390625,17380.150390625,17166.19921875,17188.650390625,244900,-0.014009988924553851,0.005894380827158319
2022-08-30,17759.30078125,17759.30078125,17777.650390625,17401.5,17414.94921875,324700,0.02578426378902554,-0.015406099928712558
2022-09-01,17542.80078125,17542.80078125,17695.599609375,17468.44921875,17485.69921875,308500,-0.012190795272107646,0.0031693690231280325
2022-09-02,17539.44921875,17539.44921875,17643.849609375,17476.44921875,17598.400390625,256300,-0.0001910505934481499,0.0003991003316408115
2022-09-05,17665.80078125,17665.80078125,17683.150390625,17540.349609375,17546.44921875,230300,0.007203850071011875,0.001692447337668046
2022-09-06,17655.599609375,17655.599609375,17764.650390625,17587.650390625,17695.69921875,251200,-0.0005774531254664206,-0.007714222216371414
2022-09-07,17624.400390625,17624.400390625,17650.75,17484.30078125,17519.400390625,354100,-0.0017671004916441913,0.007021515470439832
2022-09-08,17798.75,17798.75,17807.650390625,17691.94921875,17748.150390625,279800,0.009892512965589573,0.00700046966079082
2022-09-09,17833.349609375,17833.349609375,17925.94921875,17786.0,17923.349609375,270300,0.0019439347917691308,0.0032242961226853772
2022-09-12,17936.349609375,17936.349609375,17980.55078125,17889.150390625,17890.849609375,228200,0.005775695663245095,0.006026845580580087
2022-09-13,18070.05078125,18070.05078125,18088.30078125,18015.44921875,18044.44921875,259900,0.007454201929980142,-0.01654120368799117
2022-09-14,18003.75,18003.75,18091.55078125,17771.150390625,17771.150390625,365900,-0.0036690976717561608,0.0023661520169409034
2022-09-15,17877.400390625,17877.400390625,18096.150390625,17861.5,18046.349609375,289600,-0.007017960667916379,-0.004508463625240933
2022-09-16,17530.849609375,17530.849609375,17820.05078125,17497.25,17796.80078125,468500,-0.019384853148544656,0.0005590591139836842
2022-09-19,17622.25,17622.25,17667.19921875,17429.69921875,17540.650390625,258300,0.0052136885924867205,0.008407007653676413
2022-09-20,17816.25,17816.25,17919.30078125,17744.400390625,17770.400390625,263100,0.011008809885230342,-0.002800835788956735
2022-09-21,17718.349609375,17718.349609375,17838.69921875,17663.599609375,17766.349609375,245500,-0.005495005437451739,-0.006134838805330167
2022-09-22,17629.80078125,17629.80078125,17722.75,17532.44921875,17609.650390625,284100,-0.004997577656902563,-0.0020392273469836963
2022-09-23,17327.349609375,17327.349609375,17642.150390625,17291.650390625,17593.849609375,390800,-0.017155677232420508,-0.009871609448709573
2022-09-26,17016.30078125,17016.30078125,17196.400390625,16978.30078125,17156.30078125,492000,-0.017951321762256445,0.0055593522112185045
2022-09-27,17007.400390625,17007.400390625,17176.44921875,16942.349609375,17110.900390625,359900,-0.0005230508522044985,-0.008046474254256752
2022-09-28,16858.599609375,16858.599609375,17037.599609375,16820.400390625,16870.55078125,323900,-0.00874917846539458,0.008007782563679067
2022-09-29,16818.099609375,16818.099609375,17026.05078125,16788.599609375,16993.599609375,340000,-0.0024023347691036756,-0.0011920983101934013
2022-09-30,17094.349609375,17094.349609375,17187.099609375,16747.69921875,16798.05078125,376100,0.01642575596626905,0.00045336618105373816
2022-10-03,16887.349609375,16887.349609375,17114.650390625,16855.55078125,17102.099609375,278400,-0.012109264448790458,0.015402038531292517
2022-10-04,17274.30078125,17274.30078125,17287.30078125,17117.30078125,17147.44921875,226000,0.02291367093271912,0.006075453940452169
2022-10-06,17331.80078125,17331.80078125,17428.80078125,17315.650390625,17379.25,265500,0.0033286441360573793,-0.002573394597764511
2022-10-07,17314.650390625,17314.650390625,17337.349609375,17216.94921875,17287.19921875,216300,-0.0009895331040011834,-0.012723374499625018
2022-10-10,17241.0,17241.0,17280.150390625,17064.69921875,17094.349609375,234000,-0.00425364584114718,0.0008729645177194545
2022-10-11,16983.55078125,16983.55078125,17261.80078125,16950.30078125,17256.05078125,282600,-0.014932383199930399,0.002472981094528759
2022-10-12,17123.599609375,17123.599609375,17142.349609375,16960.05078125,17025.55078125,256000,0.008246145339619648,-0.0021169614349165755
2022-10-13,17014.349609375,17014.349609375,17112.349609375,16956.94921875,17087.349609375,266400,-0.006380083772817624,0.018099497127137765
2022-10-14,17185.69921875,17185.69921875,17348.55078125,17169.75,17322.30078125,227000,0.010070888003887335,-0.002379794792136125
2022-10-17,17311.80078125,17311.80078125,17328.55078125,17098.55078125,17144.80078125,212200,0.007337586960815656,0.0073331030292063115
2022-10-18,17486.94921875,17486.94921875,17527.80078125,17434.05078125,17438.75,239500,0.010117285874136073,0.0046435299181821765
2022-10-19,17512.25,17512.25,17607.599609375,17472.849609375,17568.150390625,210500,0.0014468379208691928,-0.005090744514554046
2022-10-20,17563.94921875,17563.94921875,17584.150390625,17421.0,17423.099609375,249600,0.0029521745492440132,0.003353482174847322
2022-10-21,17576.30078125,17576.30078125,17670.150390625,17520.75,17622.849609375,277700,0.0007032337856462956,0.00910594499473616
2022-10-24,17730.75,17730.75,17777.55078125,17707.400390625,17736.349609375,45000,0.008787356376761757,0.004373801517138398
2022-10-25,17656.349609375,17656.349609375,17811.5,17637.0,17808.30078125,251400,-0.004196122026705051,0.006516113681217073
2022-10-27,17736.94921875,17736.94921875,17783.900390625,17654.5,17771.400390625,324600,0.004564907874966551,0.0010966469845015148
2022-10-28,17786.80078125,17786.80078125,17838.900390625,17723.69921875,17756.400390625,250000,0.002810605244745412,0.006937640951715229
2022-10-31,18012.19921875,18012.19921875,18022.80078125,17899.900390625,17910.19921875,227200,0.012672230395564199,0.0065788746038655255
2022-11-01,18145.400390625,18145.400390625,18175.80078125,18060.150390625,18130.69921875,349900,0.007395053222392978,0.0017910875098017254
2022-11-02,18082.849609375,18082.849609375,18178.75,18048.650390625,18177.900390625,270900,-0.003447197631545107,-0.006331966613306261
2022-11-03,18052.69921875,18052.69921875,18106.30078125,17959.19921875,17968.349609375,213000,-0.0016673473084335422,3.8840279035445846e-05
2022-11-04,18117.150390625,18117.150390625,18135.099609375,18017.150390625,18053.400390625,267900,0.003570168155688336,0.005221550151946142
2022-11-07,18202.80078125,18202.80078125,18255.5,18064.75,18211.75,314800,0.004727586225111935,0.004694289619321612
2022-11-09,18157.0,18157.0,18296.400390625,18117.5,18288.25,307200,-0.002516139235956394,-0.006204240272346784
2022-11-10,18028.19921875,18028.19921875,18103.099609375,17969.400390625,18044.349609375,256500,-0.007093725904609771,0.013542694290346713
2022-11-11,18349.69921875,18349.69921875,18362.30078125,18259.349609375,18272.349609375,378500,0.017833173247033374,0.0014551285858526164
2022-11-14,18329.150390625,18329.150390625,18399.44921875,18311.400390625,18376.400390625,301400,-0.0011198455015547504,0.0018331242124667302
2022-11-15,18403.400390625,18403.400390625,18427.94921875,18282.0,18362.75,250900,0.004050924260950772,-0.00027986081461461865
2022-11-16,18409.650390625,18409.650390625,18442.150390625,18344.150390625,18398.25,219300,0.0003396111515991951,-0.0027676338656027477
2022-11-17,18343.900390625,18343.900390625,18417.599609375,18312.94921875,18358.69921875,200500,-0.00357149639481924,0.0021287091236581457
2022-11-18,18307.650390625,18307.650390625,18394.599609375,18209.80078125,18382.94921875,198800,-0.00197613371355454,-0.003345595895329345
2022-11-21,18159.94921875,18159.94921875,18262.30078125,18133.349609375,18246.400390625,213800,-0.008067729540576885,0.0010573362096835126
2022-11-22,18244.19921875,18244.19921875,18261.849609375,18137.69921875,18179.150390625,177700,0.00463933015368867,0.00443976734899687
2022-11-23,18267.25,18267.25,18325.400390625,18246.0,18325.19921875,178800,0.0012634580983039712,0.003221591064610063
2022-11-24,18484.099609375,18484.099609375,18529.69921875,18294.25,18326.099609375,204000,0.011870949889830174,0.0023993383671503388
2022-11-25,18512.75,18512.75,18534.900390625,18445.099609375,18528.44921875,205900,0.0015500019600884762,-0.004440140916395441
2022-11-28,18562.75,18562.75,18614.25,18365.599609375,18430.55078125,206500,0.0027008413120686026,-0.0005549167687977086
2022-11-29,18618.05078125,18618.05078125,18678.099609375,18552.150390625,18552.44921875,195300,0.00297912654375021,0.0004108076398472438
2022-11-30,18758.349609375,18758.349609375,18816.05078125,18616.55078125,18625.69921875,345600,0.007535634625419174,0.0060559490435248
2022-12-01,18812.5,18812.5,18887.599609375,18778.19921875,18871.94921875,325000,0.002886735334004964,-0.003194663621262417
2022-12-02,18696.099609375,18696.099609375,18781.94921875,18639.19921875,18752.400390625,254400,-0.006187396179402005,0.0012543349877769394
2022-12-05,18701.05078125,18701.05078125,18728.599609375,18591.349609375,18719.55078125,288400,0.00026482378562620035,-0.005368703170715028
2022-12-06,18642.75,18642.75,18654.900390625,18577.900390625,18600.650390625,217800,-0.0031175136590962937,-0.00020921755776370787
2022-12-07,18560.5,18560.5,18668.30078125,18528.400390625,18638.849609375,200500,-0.004411902750398933,0.0005576147935131281
2022-12-08,18609.349609375,18609.349609375,18625.0,18536.94921875,18570.849609375,202800,0.002631912360927746,0.0028507595570816946
2022-12-09,18496.599609375,18496.599609375,18664.69921875,18410.099609375,18662.400390625,215800,-0.006058782405979346,-0.005106301738949326
2022-12-12,18497.150390625,18497.150390625,18521.55078125,18345.69921875,18402.150390625,193900,2.977743269738653e-05,0.0014731998942827396
2022-12-13,18608.0,18608.0,18617.25,18490.19921875,18524.400390625,187600,0.0059927938646799905,0.0033990756663799804
2022-12-14,18660.30078125,18660.30078125,18696.099609375,18632.900390625,18671.25,208000,0.002810661073194387,-0.0024597883583484803
2022-12-15,18414.900390625,18414.900390625,18652.900390625,18387.69921875,18614.400390625,183100,-0.013150934355333654,-0.005202351314307019
2022-12-16,18269.0,18269.0,18440.94921875,18255.150390625,18319.099609375,277700,-0.00792295301794177,0.0010454655085117004
2022-12-19,18420.44921875,18420.44921875,18431.650390625,18244.55078125,18288.099609375,154800,0.008289956688926514,-0.004351057704847783
2022-12-20,18385.30078125,18385.30078125,18404.900390625,18202.650390625,18340.30078125,169000,-0.0019081205394395617,0.0027113839456920363
2022-12-21,18199.099609375,18199.099609375,18473.349609375,18162.75,18435.150390625,187600,-0.01012771964355863,0.004928879658903096
2022-12-22,18127.349609375,18127.349609375,18318.75,18068.599609375,18288.80078125,195700,-0.003942502735851727,-0.008258196701440568
2022-12-23,17806.80078125,17806.80078125,18050.44921875,17779.5,17977.650390625,221500,-0.01768316025411787,0.0013253143933551481
2022-12-26,18014.599609375,18014.599609375,18084.099609375,17774.25,17830.400390625,176700,0.011669632893506865,0.00417445702406094
2022-12-27,18132.30078125,18132.30078125,18149.25,17967.44921875,18089.80078125,214300,0.006533654614990558,-0.0026224350579475697
2022-12-28,18122.5,18122.5,18173.099609375,18068.349609375,18084.75,193900,-0.0005405150382313817,-0.004237869016416096
2022-12-29,18191.0,18191.0,18229.69921875,17992.80078125,18045.69921875,281100,0.00377983170092433,0.0037435880036831293
2022-12-30,18105.30078125,18105.30078125,18265.25,18080.30078125,18259.099609375,192000,-0.00471107793689185,0.0014580502041334764
2023-01-02,18197.44921875,18197.44921875,18215.150390625,18086.5,18131.69921875,256100,0.005089583355357918,-0.0018821319179563867
2023-01-03,18232.55078125,18232.55078125,18251.94921875,18149.80078125,18163.19921875,208700,0.00192892762485819,-0.00010423065032427736
2023-01-04,18042.94921875,18042.94921875,18243.0,18020.599609375,18230.650390625,235200,-0.010399069487028845,0.003269975395080449
2023-01-05,17992.150390625,17992.150390625,18120.30078125,17892.599609375,18101.94921875,269900,-0.0028154392892826285,0.000883740424562296
2023-01-06,17859.44921875,17859.44921875,18047.400390625,17795.55078125,18008.05078125,238200,-0.007375503705446151,0.0052130142066337815
2023-01-09,18101.19921875,18101.19921875,18141.400390625,17936.150390625,17952.55078125,257200,0.013536251708490266,0.001110509986497421
2023-01-10,17914.150390625,17914.150390625,18127.599609375,17856.0,18121.30078125,283300,-0.010333504750958511,0.0005637783068006552
2023-01-11,17895.69921875,17895.69921875,17976.349609375,17824.349609375,17924.25,259900,-0.0010299775022909463,0.001405387423959903
2023-01-12,17858.19921875,17858.19921875,17945.80078125,17761.650390625,17920.849609375,227800,-0.00209547554088918,0.0005208129406595319
2023-01-13,17956.599609375,17956.599609375,17999.349609375,17774.25,17867.5,256700,0.005510095918388247,0.0042631000810440245
2023-01-16,17894.849609375,17894.849609375,18049.650390625,17853.650390625,18033.150390625,206200,-0.003438847072569362,0.0015619674087876678
2023-01-17,18053.30078125,18053.30078125,18072.05078125,17886.94921875,17922.80078125,219100,0.008854568511824201,0.001163222186039814
2023-01-18,18165.349609375,18165.349609375,18183.75,18032.44921875,18074.30078125,255800,0.006206556323560042,-0.002507456729679003
2023-01-19,18107.849609375,18107.849609375,18155.19921875,18063.75,18119.80078125,237800,-0.003165367099256078,0.0004279911843307893
2023-01-20,18027.650390625,18027.650390625,18145.44921875,18016.19921875,18115.599609375,237200,-0.004428975305189153,0.005036642388639656
2023-01-23,18118.55078125,18118.55078125,18162.599609375,18063.44921875,18118.44921875,202500,0.005042276095628795,0.0036094739744680915
2023-01-24,18118.30078125,18118.30078125,18201.25,18078.650390625,18183.94921875,216900,-1.3798013043020418e-05,-0.0013771253814718332
2023-01-25,17891.94921875,17891.94921875,18100.599609375,17846.150390625,18093.349609375,257200,-0.01249297962501228,-0.0008243931289801942
2023-01-27,17604.349609375,17604.349609375,17884.75,17493.55078125,17877.19921875,476300,-0.016074246906178757,-0.003544600738431658
2023-01-30,17648.94921875,17648.94921875,17709.150390625,17405.55078125,17541.94921875,432400,0.0025334426073457816,0.0046744992564402565
2023-01-31,17662.150390625,17662.150390625,17735.69921875,17537.55078125,17731.44921875,398300,0.0007479862801675896,0.008461552837265351
2023-02-01,17616.30078125,17616.30078125,17972.19921875,17353.400390625,17811.599609375,512900,-0.0025959245256645946,-0.005631214697502496
2023-02-02,17610.400390625,17610.400390625,17653.900390625,17445.94921875,17517.099609375,490100,-0.0003349392530399564,0.0063229459242890584
2023-02-03,17854.05078125,17854.05078125,17870.30078125,17584.19921875,17721.75,424100,0.013835596307890219,-0.001988344294241662
2023-02-06,17764.599609375,17764.599609375,17823.69921875,17698.349609375,17818.55078125,282500,-0.005010133160870178,0.001435439050736731
2023-02-07,17721.5,17721.5,17811.150390625,17652.55078125,17790.099609375,354400,-0.0024261514654264627,0.0016251886832379103
2023-02-08,17871.69921875,17871.69921875,17898.69921875,17744.150390625,17750.30078125,291000,0.008475536424681795,0.0007722142747075278
2023-02-09,17893.44921875,17893.44921875,17916.900390625,17779.80078125,17885.5,260900,0.0012170079483646568,-0.0025650972564811303
2023-02-10,17856.5,17856.5,17876.94921875,17801.0,17847.55078125,232000,-0.0020649578680046465,0.00014558336600112298
2023-02-13,17770.900390625,17770.900390625,17880.69921875,17719.75,17859.099609375,231300,-0.00479375070002519,0.00390803038807408
2023-02-14,17929.849609375,17929.849609375,17954.55078125,17800.05078125,17840.349609375,244500,0.0089443537049958,-0.0018544494641279385
2023-02-15,18015.849609375,18015.849609375,18034.099609375,17853.80078125,17896.599609375,229300,0.004796470794436125,0.004379498737819398
2023-02-16,18035.849609375,18035.849609375,18134.75,18000.650390625,18094.75,230200,0.0011101336008929596,-0.003382152841210906
2023-02-17,17944.19921875,17944.19921875,18034.25,17884.599609375,17974.849609375,208100,-0.005081567689351307,0.001189886616823177
2023-02-20,17844.599609375,17844.599609375,18004.349609375,17818.400390625,17965.55078125,174600,-0.005550518480140765,0.0034296747035358344
2023-02-21,17826.69921875,17826.69921875,17924.900390625,17800.30078125,17905.80078125,198200,-0.001003126492992057,-0.0040024015943430635
2023-02-22,17554.30078125,17554.30078125,17772.5,17529.44921875,17755.349609375,204000,-0.015280363131582653,0.001159237820325787
2023-02-23,17511.25,17511.25,17620.05078125,17455.400390625,17574.650390625,240800,-0.002452434977984641,0.0045741799914340575
2023-02-24,17465.80078125,17465.80078125,17599.75,17421.80078125,17591.349609375,209400,-0.002595429723749043,-0.0021299436734063537
2023-02-27,17392.69921875,17392.69921875,17451.599609375,17299.0,17428.599609375,246400,-0.004185411445805309,-0.0005432865037885426
2023-02-28,17303.94921875,17303.94921875,17440.44921875,17255.19921875,17383.25,420900,-0.0051027157362857345,0.003244946567697804
2023-03-01,17450.900390625,17450.900390625,17467.75,17345.25,17360.099609375,272900,0.008492348770636093,-0.0016847492087453952
2023-03-02,17321.900390625,17321.900390625,17445.80078125,17306.0,17421.5,310700,-0.007392168719804415,0.007467402909498766
2023-03-03,17594.349609375,17594.349609375,17644.75,17427.69921875,17451.25,356200,0.015728598629827895,0.004887932882394086
2023-03-06,17711.44921875,17711.44921875,17799.94921875,17671.94921875,17680.349609375,362800,0.006655523618366965,-0.0025802077619724306
2023-03-08,17754.400390625,17754.400390625,17766.5,17602.25,17665.75,267000,0.0024250512391459367,0.000994141747209909
2023-03-09,17589.599609375,17589.599609375,17772.349609375,17573.599609375,17772.05078125,262400,-0.009282249899975281,-0.008288922508917773
2023-03-10,17412.900390625,17412.900390625,17451.5,17324.349609375,17443.80078125,235900,-0.010045664635585094,0.0005168581797461158
2023-03-13,17154.30078125,17154.30078125,17529.900390625,17113.44921875,17421.900390625,254900,-0.014851035931626178,0.00036434011969932456
2023-03-14,17043.30078125,17043.30078125,17224.650390625,16987.099609375,17160.55078125,290600,-0.006470680525861194,0.007225621320694042
2023-03-15,16972.150390625,16972.150390625,17211.349609375,16938.900390625,17166.44921875,248200,-0.004174683738684903,0.0013257011917846562
2023-03-16,16985.599609375,16985.599609375,17062.44921875,16850.150390625,16994.650390625,349800,0.0007924286811309411,0.007429892071949329
2023-03-17,17100.05078125,17100.05078125,17145.80078125,16958.150390625,17111.80078125,408100,0.006738129621978839,-0.0019562030723135893
2023-03-20,16988.400390625,16988.400390625,17066.599609375,16828.349609375,17066.599609375,241800,-0.0065292432199922645,0.004238185958916674
2023-03-21,17107.5,17107.5,17127.69921875,17016.0,17060.400390625,246700,0.007010642946744028,0.0040888042525208945
2023-03-22,17151.900390625,17151.900390625,17207.25,17107.849609375,17177.44921875,0,0.0025953757489405316,-0.0031774904680410554
2023-03-23,17076.900390625,17076.900390625,17205.400390625,17045.30078125,17097.400390625,219200,-0.004372693304643627,-4.1059668848597575e-05
2023-03-24,16945.05078125,16945.05078125,17109.44921875,16917.349609375,17076.19921875,228000,-0.007720933328590696,0.0023163105562027386
2023-03-27,16985.69921875,16985.69921875,17091.0,16918.55078125,16984.30078125,218400,0.0023988383407489433,0.0027111501656149617
2023-03-28,16951.69921875,16951.69921875,17061.75,16913.75,17031.75,238800,-0.002001683861354908,0.0015102652642444703
2023-03-29,17080.69921875,17080.69921875,17126.150390625,16940.599609375,16977.30078125,345900,0.007609856589321451,0.00759046154753884
2023-03-31,17359.75,17359.75,17381.599609375,17204.650390625,17210.349609375,263900,0.016337198944623932,0.00392858300090726
2023-04-03,17398.05078125,17398.05078125,17428.05078125,17312.75,17427.94921875,230200,0.002206297973761151,0.0013938343039057166
2023-04-05,17557.05078125,17557.05078125,17570.55078125,17402.69921875,17422.30078125,248300,0.009138954817361267,-0.0013214731884114705
2023-04-06,17599.150390625,17599.150390625,17638.69921875,17502.849609375,17533.849609375,242700,0.002397874785437182,0.0020313480597928812
2023-04-10,17624.05078125,17624.05078125,17694.099609375,17597.94921875,17634.900390625,254800,0.0014148632219350699,0.004581807043242847
2023-04-11,17722.30078125,17722.30078125,17748.75,17655.150390625,17704.80078125,304300,0.005574768321964241,0.0021018715605714
2023-04-12,17812.400390625,17812.400390625,17825.75,17717.25,17759.55078125,232800,0.005083967961446945,-0.0002862954606435153
2023-04-13,17828.0,17828.0,17842.150390625,17729.650390625,17807.30078125,285800,0.0008757724412713497,0.0019632039488444164
2023-04-17,17706.849609375,17706.849609375,17863.0,17574.05078125,17863.0,357400,-0.006795512150830185,0.0033744003771492004
2023-04-18,17660.150390625,17660.150390625,17766.599609375,17610.19921875,17766.599609375,258900,-0.0026373533282438855,-0.0003850919216186188
2023-04-19,17618.75,17618.75,17666.150390625,17579.849609375,17653.349609375,281500,-0.002344283016240789,0.0011266184817311231
2023-04-20,17624.44921875,17624.44921875,17684.44921875,17584.349609375,17638.599609375,215100,0.0003234746363958152,0.0008681565625165977
2023-04-21,17624.05078125,17624.05078125,17663.19921875,17553.94921875,17639.75,230200,-2.260708945023282e-05,0.004737843815613374
2023-04-24,17743.400390625,17743.400390625,17754.5,17612.5,17707.55078125,255700,0.006771973756565242,0.0010229375556778386
2023-04-25,17769.25,17769.25,17807.44921875,17716.849609375,17761.55078125,297400,0.0014568576938982503,-0.00010969617457123881
2023-04-26,17813.599609375,17813.599609375,17827.75,17711.19921875,17767.30078125,233000,0.0024958627615121465,-2.8068442704642926e-05
2023-04-27,17915.05078125,17915.05078125,17931.599609375,17797.900390625,17813.099609375,241400,0.005695152810193838,0.001973179412474657
2023-04-28,18065.0,18065.0,18089.150390625,17885.30078125,17950.400390625,290300,0.008370013603697934,0.0033103117215609323
2023-05-02,18147.650390625,18147.650390625,18180.25,18101.75,18124.80078125,265200,0.004575166931912511,-0.0018652337160124377
2023-05-03,18089.849609375,18089.849609375,18116.349609375,18042.400390625,18113.80078125,226200,-0.00318502836487633,-0.0004892030373991885
2023-05-04,18255.80078125,18255.80078125,18267.44921875,18066.69921875,18081.0,226600,0.009173717607303677,-0.007586629677852841
2023-05-05,18069.0,18069.0,18216.94921875,18055.44921875,18117.30078125,239700,-0.010232406865540389,0.0028556981224749922
2023-05-08,18264.400390625,18264.400390625,18286.94921875,18100.30078125,18120.599609375,228400,0.010814123118324304,0.0021353014150971017
2023-05-09,18265.94921875,18265.94921875,18344.19921875,18229.650390625,18303.400390625,245400,8.480038171931881e-05,0.00260870048713846
2023-05-10,18315.099609375,18315.099609375,18326.75,18211.94921875,18313.599609375,220500,0.0026908205008338015,0.002331473635728498
2023-05-11,18297.0,18297.0,18389.69921875,18270.400390625,18357.80078125,248900,-0.0009882342854272697,-0.0012707001147729269
2023-05-12,18314.80078125,18314.80078125,18342.75,18194.55078125,18273.75,241700,0.0009728797753729701,0.0013377158885115037
2023-05-15,18398.849609375,18398.849609375,18458.900390625,18287.900390625,18339.30078125,216100,0.004589120522186851,0.001820766010442787
2023-05-16,18286.5,18286.5,18432.349609375,18264.349609375,18432.349609375,219500,-0.006106338807060685,0.0007628151231782176
2023-05-17,18181.75,18181.75,18309.0,18115.349609375,18300.44921875,229900,-0.005728269488420423,0.005816271811019291
2023-05-18,18129.94921875,18129.94921875,18297.19921875,18104.849609375,18287.5,272100,-0.002849053652701161,0.003099907848438832
2023-05-19,18203.400390625,18203.400390625,18218.099609375,18060.400390625,18186.150390625,260900,0.0040513721791914925,-0.00012639293761762538
2023-05-22,18314.400390625,18314.400390625,18335.25,18178.849609375,18201.099609375,262600,0.006097761825706316,0.0026481893463914385
2023-05-23,18348.0,18348.0,18419.75,18324.19921875,18362.900390625,270400,0.001834600568861644,-0.0028994560033791528
2023-05-24,18285.400390625,18285.400390625,18392.599609375,18262.94921875,18294.80078125,232600,-0.0034117947119577385,-0.0009023592400229097
2023-05-25,18321.150390625,18321.150390625,18338.099609375,18202.400390625,18268.900390625,235900,0.001955111686716471,0.0025762147978520833
2023-05-26,18499.349609375,18499.349609375,18508.55078125,18333.150390625,18368.349609375,198700,0.009726420827874671,0.006475945575367126
2023-05-29,18598.650390625,18598.650390625,18641.19921875,18581.25,18619.150390625,265300,0.005367798508963517,0.0004301387375953425
2023-05-30,18633.849609375,18633.849609375,18662.44921875,18575.5,18606.650390625,234400,0.0018925684396833287,-0.002127868983393011
2023-05-31,18534.400390625,18534.400390625,18603.900390625,18483.849609375,18594.19921875,696500,-0.0053370195013254795,0.002427917766509635
2023-06-01,18487.75,18487.75,18580.30078125,18464.55078125,18579.400390625,265600,-0.0025169624936233204,0.003413049688307135
2023-06-02,18534.099609375,18534.099609375,18573.69921875,18478.400390625,18550.849609375,270900,0.002507044360454902,0.004203084706936311
2023-06-05,18593.849609375,18593.849609375,18640.150390625,18582.80078125,18612.0,256100,0.003223787573137793,0.0003738425350872099
2023-06-06,18599.0,18599.0,18622.75,18531.599609375,18600.80078125,220800,0.00027699431442118616,0.003580816676971965
2023-06-07,18726.400390625,18726.400390625,18738.94921875,18636.0,18665.599609375,260100,0.006849851638528914,-5.611229216939684e-05
2023-06-08,18634.55078125,18634.55078125,18777.900390625,18615.599609375,18725.349609375,286500,-0.0049048192636628185,0.001145700243897485
2023-06-09,18563.400390625,18563.400390625,18676.650390625,18555.400390625,18655.900390625,221800,-0.00381819725413457,0.0017049888468163577
2023-06-12,18601.5,18601.5,18633.599609375,18559.75,18595.05078125,179500,0.0020524046550352004,0.0016289428943903062
2023-06-13,18716.150390625,18716.150390625,18728.900390625,18631.80078125,18631.80078125,233200,0.0061635024393194016,0.0015200358063083286
2023-06-14,18755.900390625,18755.900390625,18769.69921875,18690.0,18744.599609375,261400,0.0021238341844009856,0.000988959620102925
2023-06-15,18688.099609375,18688.099609375,18794.099609375,18669.05078125,18774.44921875,263000,-0.0036149041015322014,0.0018836143112883619
2023-06-16,18826.0,18826.0,18864.69921875,18710.5,18723.30078125,272800,0.0073790483520230765,0.0025125242351002885
2023-06-19,18755.44921875,18755.44921875,18881.44921875,18719.150390625,18873.30078125,219800,-0.0037475183921172883,-0.00016526447001341538
2023-06-20,18816.69921875,18816.69921875,18839.69921875,18660.650390625,18752.349609375,211600,0.003265717567498605,0.0017378803527037245
2023-06-21,18856.849609375,18856.849609375,18875.900390625,18794.849609375,18849.400390625,217500,0.0021337637466720683,-0.00017235116508451664
2023-06-22,18771.25,18771.25,18886.599609375,18759.5,18853.599609375,252700,-0.004539443817404343,-0.0015662457548112352
2023-06-23,18665.5,18665.5,18756.400390625,18647.099609375,18741.849609375,210600,-0.005633615236065759,0.000902714064718424
2023-06-26,18691.19921875,18691.19921875,18722.05078125,18646.69921875,18682.349609375,171300,0.0013768299134766515,0.0030683725441473797
2023-06-27,18817.400390625,18817.400390625,18829.25,18714.25,18748.55078125,222500,0.00675190341711196,0.004822664029894952
2023-06-28,18972.099609375,18972.099609375,19011.25,18861.349609375,18908.150390625,398800,0.00822107281232487,0.0055212655508216635
2023-06-30,19189.05078125,19189.05078125,19201.69921875,19024.599609375,19076.849609375,247900,0.01143527476356887,0.0029938541205036806
2023-07-03,19322.55078125,19322.55078125,19345.099609375,19234.400390625,19246.5,226100,0.00695709243369369,0.004349779129914744
2023-07-04,19389.0,19389.0,19434.150390625,19300.0,19406.599609375,226900,0.003438946519135566,0.0008741667311362722
2023-07-05,19398.5,19398.5,19421.599609375,19339.599609375,19405.94921875,224400,0.0004899685388621844,-0.0006598851070959144
2023-07-06,19497.30078125,19497.30078125,19512.19921875,19373.0,19385.69921875,268300,0.00509321758125636,-0.0038210417347432912
2023-07-07,19331.80078125,19331.80078125,19523.599609375,19303.599609375,19422.80078125,237100,-0.00848835445771845,0.0035459101250145952
2023-07-10,19355.900390625,19355.900390625,19435.849609375,19327.099609375,19400.349609375,268200,0.0012466303397029588,0.00367842452756606
2023-07-11,19439.400390625,19439.400390625,19515.099609375,19406.44921875,19427.099609375,251300,0.004313930032438185,0.0029861429343776003
2023-07-12,19384.30078125,19384.30078125,19507.69921875,19361.75,19497.44921875,327900,-0.002834429471475497,0.005721043990777774
2023-07-13,19413.75,19413.75,19567.0,19385.80078125,19495.19921875,310400,0.0015192303855748879,0.004105297469576996
2023-07-14,19564.5,19564.5,19595.349609375,19433.5,19493.44921875,291200,0.007765114931427508,0.0024355537133584626
2023-07-17,19711.44921875,19711.44921875,19731.849609375,19562.94921875,19612.150390625,268700,0.007511013251041421,0.0038582034433904955
2023-07-18,19749.25,19749.25,19819.44921875,19690.19921875,19787.5,286400,0.001917706853032497,0.0027190510399128787
2023-07-19,19833.150390625,19833.150390625,19851.69921875,19727.44921875,19802.94921875,259700,0.004248282371482448,-7.316900474296784e-05
2023-07-20,19979.150390625,19979.150390625,19991.849609375,19758.400390625,19831.69921875,274700,0.007361412439498949,-0.008944382938268158
2023-07-21,19745.0,19745.0,19887.400390625,19700.0,19800.44921875,312500,-0.011719737128305097,0.00017468821220556485
2023-07-24,19672.349609375,19672.349609375,19782.75,19658.30078125,19748.44921875,265600,-0.0036794322929856182,0.002897467823204769
2023-07-25,19680.599609375,19680.599609375,19729.349609375,19615.94921875,19729.349609375,369700,0.0004193703428323481,0.002680304515461529
2023-07-26,19778.30078125,19778.30078125,19825.599609375,19716.69921875,19733.349609375,244700,0.004964339187534694,0.003670669698977669
2023-07-27,19659.900390625,19659.900390625,19867.55078125,19603.55078125,19850.900390625,334900,-0.0059863783008722304,-7.64961276567e-06
2023-07-28,19646.05078125,19646.05078125,19695.900390625,19563.099609375,19659.75,258700,-0.0007044597937843067,0.0010332268989334814
2023-07-31,19753.80078125,19753.80078125,19772.75,19597.599609375,19666.349609375,295100,0.005484562836559181,0.0015287801615708752
2023-08-01,19733.55078125,19733.55078125,19795.599609375,19704.599609375,19784.0,298000,-0.0010251191770254131,-0.003960280209644562
2023-08-02,19526.55078125,19526.55078125,19678.25,19423.55078125,19655.400390625,290700,-0.010489749274959825,-0.003216173811419032
2023-08-03,19381.650390625,19381.650390625,19537.650390625,19296.44921875,19463.75,315700,-0.007420685416911321,0.004186970097461495
2023-08-04,19517.0,19517.0,19538.849609375,19436.44921875,19462.80078125,280800,0.006983389270114548,0.0030665373456473244
2023-08-07,19597.30078125,19597.30078125,19620.44921875,19524.80078125,19576.849609375,216600,0.004114401867602702,0.0015256405886572288
2023-08-08,19570.849609375,19570.849609375,19634.400390625,19533.099609375,19627.19921875,260300,-0.0013497354646058168,0.00040627627485267936
2023-08-09,19632.55078125,19632.55078125,19645.5,19467.5,19578.80078125,266500,0.003152707884763739,-0.0013752670399704847
2023-08-10,19543.099609375,19543.099609375,19623.599609375,19495.400390625,19605.55078125,312200,-0.004556268458015711,0.00057055384498228
2023-08-11,19428.30078125,19428.30078125,19557.75,19412.75,19554.25,235500,-0.005874136161590715,-0.00228283281175079
2023-08-14,19434.55078125,19434.55078125,19465.849609375,19257.900390625,19383.94921875,243900,0.00032169565781225984,-0.0033728992240583677
2023-08-16,19465.0,19465.0,19482.75,19317.19921875,19369.0,0,0.0015667570139761278,-0.0007423179424608239
2023-08-17,19365.25,19365.25,19461.55078125,19326.25,19450.55078125,268700,-0.005124582584125403,-0.0032790694672157894
2023-08-18,19310.150390625,19310.150390625,19373.80078125,19253.599609375,19301.75,256100,-0.0028452826260957353,0.000543755475104879
2023-08-21,19393.599609375,19393.599609375,19425.94921875,19296.30078125,19320.650390625,262600,0.0043215209131937105,0.0012117399798561301
2023-08-22,19396.44921875,19396.44921875,19443.5,19381.30078125,19417.099609375,208700,0.00014693555773015454,0.0022040116475894322
2023-08-23,19444.0,19444.0,19472.05078125,19366.599609375,19439.19921875,225200,0.0024515199000461063,0.004687841525663483
2023-08-24,19386.69921875,19386.69921875,19584.44921875,19369.0,19535.150390625,268300,-0.002946964680621278,-0.004606190415263334
2023-08-25,19265.80078125,19265.80078125,19339.55078125,19229.69921875,19297.400390625,466500,-0.006236153774081932,0.0016894614708502509
2023-08-28,19306.05078125,19306.05078125,19366.849609375,19249.69921875,19298.349609375,248200,0.002089194238900971,0.0035635888926499604
2023-08-29,19342.650390625,19342.650390625,19377.900390625,19309.099609375,19374.849609375,307400,0.0018957584743610756,0.004694228882356599
2023-08-30,19347.44921875,19347.44921875,19452.80078125,19334.75,19433.44921875,233000,0.0002480956863764039,0.0014524686010166654
2023-08-31,19253.80078125,19253.80078125,19388.19921875,19223.650390625,19375.55078125,562600,-0.004840350603388277,0.00022590912954889575
2023-09-01,19435.30078125,19435.30078125,19458.55078125,19255.69921875,19258.150390625,333000,0.009426710188917609,0.0046178858259082745
2023-09-04,19528.80078125,19528.80078125,19545.150390625,19432.849609375,19525.05078125,296800,0.004810833701642592,0.0018357302005671539
2023-09-05,19574.900390625,19574.900390625,19587.05078125,19525.75,19564.650390625,256800,0.0023605960187407238,0.0003217808519739851
2023-09-06,19611.05078125,19611.05078125,19636.44921875,19491.5,19581.19921875,287600,0.0018467726478093027,-0.0006323164813206716
2023-09-07,19727.05078125,19727.05078125,19737.0,19550.05078125,19598.650390625,304900,0.005915032360780392,0.0024205341451943863
2023-09-08,19819.94921875,19819.94921875,19867.150390625,19727.05078125,19774.80078125,288100,0.004709190366575022,0.0035343572517194666
2023-09-11,19996.349609375,19996.349609375,20008.150390625,19865.349609375,19890.0,248800,0.008900143420050854,0.005691077795351607
2023-09-12,19993.19921875,19993.19921875,20110.349609375,19914.650390625,20110.150390625,328100,-0.0001575482868895195,-0.0001850238528374737
2023-09-13,20070.0,20070.0,20096.900390625,19944.099609375,19989.5,251400,0.003841345269944396,0.0028873551943198184
2023-09-14,20103.099609375,20103.099609375,20167.650390625,20043.44921875,20127.94921875,275100,0.001649208239910216,0.002653800180650867
2023-09-15,20192.349609375,20192.349609375,20222.44921875,20129.69921875,20156.44921875,438200,0.004439613877174287,-0.0018026822697294609
2023-09-18,20133.30078125,20133.30078125,20195.349609375,20115.69921875,20155.94921875,264900,-0.002924316846098174,-0.0075770378095214586
2023-09-20,19901.400390625,19901.400390625,20050.650390625,19878.849609375,19980.75,378100,-0.011518249945432046,-0.003057554150996511
2023-09-21,19742.349609375,19742.349609375,19848.75,19709.94921875,19840.55078125,275100,-0.007991939166498319,0.00012663133058965492
2023-09-22,19674.25,19674.25,19798.650390625,19657.5,19744.849609375,246400,-0.003449417659114995,0.00020073033279532915
2023-09-25,19674.55078125,19674.55078125,19734.150390625,19601.55078125,19678.19921875,188400,1.5288066889551644e-05,0.00041932342403794287
2023-09-26,19664.69921875,19664.69921875,19699.349609375,19637.44921875,19682.80078125,204900,-0.0005007261720755274,-0.0014059934094307058
2023-09-27,19716.44921875,19716.44921875,19730.69921875,19554.0,19637.05078125,203600,0.002631619198663282,0.00230018914647534
2023-09-28,19523.55078125,19523.55078125,19766.650390625,19492.099609375,19761.80078125,352800,-0.009783629666773708,0.0029527639795607907
2023-09-29,19638.30078125,19638.30078125,19726.25,19551.05078125,19581.19921875,243500,0.005877516917168757,-0.0008096622412556709
2023-10-03,19528.75,19528.75,19623.19921875,19479.650390625,19622.400390625,221700,-0.005578424654468894,-0.0042219404083723155
2023-10-04,19436.099609375,19436.099609375,19457.80078125,19333.599609375,19446.30078125,277100,-0.004744307271330683,0.004411893421179869
2023-10-05,19545.75,19545.75,19576.94921875,19487.30078125,19521.849609375,234900,0.005641584105285702,0.0038601342363429048
2023-10-06,19653.5,19653.5,19675.75,19589.400390625,19621.19921875,159100,0.0055127073660514725,-0.005803077378075172
2023-10-09,19512.349609375,19512.349609375,19588.94921875,19480.5,19539.44921875,165100,-0.00718194675884698,0.002729040892871959
2023-10-10,19689.849609375,19689.849609375,19717.80078125,19565.44921875,19565.599609375,216600,0.00909680297624016,0.003918282371657478
2023-10-11,19811.349609375,19811.349609375,19839.19921875,19756.94921875,19767.0,213700,0.006170692128707245,0.0005728842102523668
2023-10-12,19794.0,19794.0,19843.30078125,19772.650390625,19822.69921875,217900,-0.0008757409120068171,-0.007045024691825774
2023-10-13,19751.05078125,19751.05078125,19805.400390625,19635.30078125,19654.55078125,255000,-0.0021698099802970328,-0.0006987365585177097
2023-10-16,19731.75,19731.75,19781.30078125,19691.849609375,19737.25,181000,-0.0009772027556287366,0.005648217656822219
2023-10-17,19811.5,19811.5,19849.75,19775.650390625,19843.19921875,185800,0.004041709427698992,0.0004517183832621896
2023-10-18,19671.099609375,19671.099609375,19840.94921875,19659.94921875,19820.44921875,198900,-0.007086812741337156,-0.006400272131457108
2023-10-19,19624.69921875,19624.69921875,19681.80078125,19512.349609375,19545.19921875,230300,-0.0023588102112444,-0.004206374182088357
2023-10-20,19542.650390625,19542.650390625,19593.80078125,19518.69921875,19542.150390625,198300,-0.004180896084593599,-0.0010771712551383983
2023-10-23,19281.75,19281.75,19556.849609375,19257.849609375,19521.599609375,176000,-0.013350307425555652,0.00024371329106531725
2023-10-25,19122.150390625,19122.150390625,19347.30078125,19074.150390625,19286.44921875,225300,-0.008277236732921023,-0.0049628513889069525
2023-10-26,18857.25,18857.25,19041.69921875,18837.849609375,19027.25,300400,-0.013853064912347501,0.003791645123228493
2023-10-27,19047.25,19047.25,19076.150390625,18926.650390625,18928.75,205200,0.010075700327460302,0.00032290176403426685
2023-10-30,19140.900390625,19140.900390625,19158.5,18940.0,19053.400390625,180100,0.004916740769664862,0.004809012441759686
2023-10-31,19079.599609375,19079.599609375,19233.69921875,19056.44921875,19232.94921875,206000,-0.0032026069828995363,-0.0008149452002839119
2023-11-01,18989.150390625,18989.150390625,19096.05078125,18973.69921875,19064.05078125,194100,-0.004740624572936891,0.006890756388953534
2023-11-02,19133.25,19133.25,19175.25,19064.150390625,19120.0,245600,0.007588523257266999,0.005631557628735351
2023-11-03,19230.599609375,19230.599609375,19276.25,19210.900390625,19241.0,189500,0.005087980838331285,0.005993052860599146
2023-11-06,19411.75,19411.75,19423.0,19309.69921875,19345.849609375,180700,0.00941990339899168,-0.00039662672092932727
2023-11-07,19406.69921875,19406.69921875,19423.5,19329.099609375,19404.05078125,198700,-0.000260191958478706,0.0022105969769219413
2023-11-08,19443.5,19443.5,19464.400390625,19401.5,19449.599609375,195000,0.0018962926582819506,0.0007149119564378026
2023-11-09,19395.30078125,19395.30078125,19463.900390625,19378.349609375,19457.400390625,208400,-0.002478937369815082,-0.0022402937889473007
2023-11-10,19425.349609375,19425.349609375,19451.30078125,19329.44921875,19351.849609375,152200,0.001549283945833313,0.003160838381789821
2023-11-13,19443.55078125,19443.55078125,19494.400390625,19414.75,19486.75,189300,0.0009369804014345284,0.010689899788028256
2023-11-15,19675.44921875,19675.44921875,19693.19921875,19579.650390625,19651.400390625,291500,0.011926753508604282,-3.811857059332624e-05
2023-11-16,19765.19921875,19765.19921875,19875.25,19627.0,19674.69921875,282700,0.004561522280999375,-0.0045761855344315094
2023-11-17,19731.80078125,19731.80078125,19806.0,19667.44921875,19674.75,236800,-0.0016897597201204206,-3.2961544271126186e-05
2023-11-20,19694.0,19694.0,19756.44921875,19670.5,19731.150390625,173800,-0.0019157289123818977,0.003904762395907424
2023-11-21,19783.400390625,19783.400390625,19829.099609375,19754.05078125,19770.900390625,195000,0.0045394734754240496,3.0308711503668206e-05
2023-11-22,19811.849609375,19811.849609375,19825.55078125,19703.849609375,19784.0,184500,0.0014380348265852216,0.0008378626782601373
2023-11-23,19802.0,19802.0,19875.150390625,19786.75,19828.44921875,170000,-0.0004971574875239915,0.00038377988965754284
2023-11-24,19794.69921875,19794.69921875,19832.849609375,19768.849609375,19809.599609375,145900,-0.00036868908443588033,0.002523462030061374
2023-11-28,19889.69921875,19889.69921875,19916.849609375,19800.0,19844.650390625,229600,0.004799264638990497,0.00436666042783207
2023-11-29,20096.599609375,20096.599609375,20104.650390625,19956.30078125,19976.55078125,236200,0.010402389113554511,0.0005921594128515117
2023-11-30,20133.150390625,20133.150390625,20158.69921875,20015.849609375,20108.5,486600,0.0018187545137213768,0.0030273065847847835
2023-12-01,20267.900390625,20267.900390625,20291.55078125,20183.69921875,20194.099609375,265800,0.0066929416105065975,0.01648166912639426
2023-12-04,20686.80078125,20686.80078125,20702.650390625,20507.75,20601.94921875,381100,0.020668169003769332,0.005902295413685588
2023-12-05,20855.099609375,20855.099609375,20864.05078125,20711.150390625,20808.900390625,421000,0.008135565760247543,0.004586426937131627
2023-12-06,20937.69921875,20937.69921875,20961.94921875,20852.150390625,20950.75,359200,0.003960643244200535,-0.0002530759502101798
2023-12-07,20901.150390625,20901.150390625,20941.25,20850.80078125,20932.400390625,275000,-0.0017455990623970186,0.0015764308726651244
2023-12-08,20969.400390625,20969.400390625,21006.099609375,20862.69921875,20934.099609375,292400,0.003265370504707432,-0.00019550436820470196
2023-12-11,20997.099609375,20997.099609375,21026.099609375,20923.69921875,20965.30078125,212900,0.001320935183362959,0.0010216254756167942
2023-12-12,20906.400390625,20906.400390625,21037.900390625,20867.150390625,21018.55078125,244900,-0.004319607014175553,0.0011168641630661114
2023-12-13,20926.349609375,20926.349609375,20950.0,20769.5,20929.75,260300,0.0009542158562574343,0.008795168994383262
2023-12-14,21182.69921875,21182.69921875,21210.900390625,21074.44921875,21110.400390625,334400,0.012250087289956912,0.004945073284488677
2023-12-15,21456.650390625,21456.650390625,21492.30078125,21235.30078125,21287.44921875,508800,0.012932779200891975,-0.001018314088043648
2023-12-18,21418.650390625,21418.650390625,21482.80078125,21365.349609375,21434.80078125,249700,-0.0017710126840955187,0.0027546086669318903
2023-12-19,21453.099609375,21453.099609375,21505.05078125,21337.75,21477.650390625,249800,0.0016083748565725031,0.004213861505844907
2023-12-20,21150.150390625,21150.150390625,21593.0,21087.349609375,21543.5,363900,-0.01412146609423337,-0.005494106175552682
2023-12-21,21255.05078125,21255.05078125,21288.349609375,20976.80078125,21033.94921875,277500,0.004959794076523361,0.0019194886215463391
2023-12-22,21349.400390625,21349.400390625,21390.5,21232.44921875,21295.849609375,284700,0.004438926556610712,0.0007400127327199524
2023-12-26,21441.349609375,21441.349609375,21477.150390625,21329.44921875,21365.19921875,219500,0.004306875934107168,0.002625803985089714
2023-12-27,21654.75,21654.75,21675.75,21495.80078125,21497.650390625,256500,0.0099527499207277,0.0027822994954918023
2023-12-28,21778.69921875,21778.69921875,21801.44921875,21678.0,21715.0,393100,0.005723881307796219,-0.0018848154204572642
2023-12-29,21731.400390625,21731.400390625,21770.30078125,21676.900390625,21737.650390625,270900,-0.0021717930740454694,-0.00016797769860121825
2024-01-01,21741.900390625,21741.900390625,21834.349609375,21680.849609375,21727.75,154000,0.00048317180721269004,0.00043460868554401344
2024-01-02,21665.80078125,21665.80078125,21755.599609375,21555.650390625,21751.349609375,263700,-0.003500136051024061,-0.0002169858350709042
2024-01-03,21517.349609375,21517.349609375,21677.0,21500.349609375,21661.099609375,311900,-0.00685186637566948,0.004110690836963693
2024-01-04,21658.599609375,21658.599609375,21685.650390625,21564.55078125,21605.80078125,339200,0.006564470186349425,0.0021769824215500666
2024-01-05,21710.80078125,21710.80078125,21749.599609375,21629.19921875,21705.75,309300,0.002410182228605562,0.0016949548980607076
2024-01-08,21513.0,21513.0,21763.94921875,21492.900390625,21747.599609375,231500,-0.00911070868564301,0.006535564978152664
2024-01-09,21544.849609375,21544.849609375,21724.44921875,21517.849609375,21653.599609375,228600,0.0014804820050666745,-0.000721695830182778
2024-01-10,21618.69921875,21618.69921875,21641.849609375,21448.650390625,21529.30078125,217000,0.0034277152411805734,0.003205594404583456
2024-01-11,21647.19921875,21647.19921875,21726.5,21593.75,21688.0,212500,0.0013183031833516878,0.005836854977089079
2024-01-12,21894.55078125,21894.55078125,21928.25,21715.150390625,21773.55078125,294700,0.011426492637705898,0.007243793716508629
2024-01-15,22097.44921875,22097.44921875,22115.55078125,21963.55078125,22053.150390625,345500,0.009267074694848665,-0.0007670215047091977
2024-01-16,22032.30078125,22032.30078125,22124.150390625,21969.80078125,22080.5,292400,-0.0029482333845447517,-0.01747664872012311
2024-01-17,21571.94921875,21571.94921875,21851.5,21550.44921875,21647.25,456000,-0.020894393512082443,-0.007312737407284775
2024-01-18,21462.25,21462.25,21539.400390625,21285.55078125,21414.19921875,387300,-0.0050852715087356115,0.007126429836107562
2024-01-19,21622.400390625,21622.400390625,21670.599609375,21575.0,21615.19921875,343100,0.00746195718645537,0.004361163720096872
2024-01-23,21238.80078125,21238.80078125,21750.25,21192.599609375,21716.69921875,449700,-0.01774084294273448,-0.0025213655799849466
2024-01-24,21453.94921875,21453.94921875,21482.349609375,21137.19921875,21185.25,407500,0.010129971071150878,3.0315659758972657e-05
2024-01-25,21352.599609375,21352.599609375,21459.0,21247.05078125,21454.599609375,418100,-0.004724053755400193,0.003770032758196651
2024-01-29,21737.599609375,21737.599609375,21763.25,21429.599609375,21433.099609375,376700,0.018030591452244726,0.0017550415552114451
2024-01-30,21522.099609375,21522.099609375,21813.05078125,21501.80078125,21775.75,375100,-0.009913698102483215,-0.00161924765740884
2024-01-31,21725.69921875,21725.69921875,21741.349609375,21448.849609375,21487.25,410600,0.009460025419002926,0.0025293166089483954
2024-02-01,21697.44921875,21697.44921875,21832.94921875,21658.75,21780.650390625,332500,-0.0013003033741542103,0.005314024708045428
2024-02-02,21853.80078125,21853.80078125,22126.80078125,21805.55078125,21812.75,442800,0.007205988175093214,0.0030772679166042316
2024-02-05,21771.69921875,21771.69921875,21964.30078125,21726.94921875,21921.05078125,440800,-0.0037568550808078083,0.0024573185336826953
2024-02-06,21929.400390625,21929.400390625,21951.400390625,21737.55078125,21825.19921875,371000,0.007243402101531293,0.005273759818551271
2024-02-07,21930.5,21930.5,22053.30078125,21860.150390625,22045.05078125,346300,5.014315737827957e-05,0.003609146650783046
2024-02-08,21717.94921875,21717.94921875,22011.05078125,21665.30078125,22009.650390625,491100,-0.009692017110872975,0.0004167419841918374
2024-02-09,21782.5,21782.5,21804.44921875,21629.900390625,21727.0,349200,0.0029722318898448563,0.000840159818661812
2024-02-12,21616.05078125,21616.05078125,21831.69921875,21574.75,21800.80078125,287400,-0.0076414194307357075,0.002232137613307872
2024-02-13,21743.25,21743.25,21766.80078125,21543.349609375,21664.30078125,365800,0.005884480011507653,-0.007593143130626756
2024-02-14,21840.05078125,21840.05078125,21870.849609375,21530.19921875,21578.150390625,359100,0.004451992284961959,0.003044864715108231
2024-02-15,21910.75,21910.75,21953.849609375,21794.80078125,21906.55078125,345400,0.0032371361888359207,0.004999864507148288
2024-02-16,22040.69921875,22040.69921875,22068.650390625,21968.94921875,22020.30078125,343900,0.005930843022260657,0.002847005867518959
2024-02-19,22122.25,22122.25,22186.650390625,22021.05078125,22103.44921875,0,0.0037000088082788096,-0.0010419727310738702
2024-02-20,22196.94921875,22196.94921875,22215.599609375,22045.849609375,22099.19921875,295700,0.0033766555730090353,0.002338176751837562
2024-02-21,22055.05078125,22055.05078125,22249.400390625,21997.94921875,22248.849609375,364500,-0.006392700010330099,0.0012015388340220756
2024-02-22,22217.44921875,22217.44921875,22252.5,21875.25,22081.55078125,343500,0.0073633218581414805,0.0032654865342856
2024-02-23,22212.69921875,22212.69921875,22297.5,22186.099609375,22290.0,226000,-0.0002137959201901074,-0.001958339217202454
2024-02-26,22122.05078125,22122.05078125,22202.150390625,22075.150390625,22169.19921875,207800,-0.004080928508836235,-0.0014398105679693796
2024-02-27,22198.349609375,22198.349609375,22218.25,22085.650390625,22090.19921875,252200,0.003448994348646428,0.0007095122059590508
2024-02-28,21951.150390625,21951.150390625,22229.150390625,21915.849609375,22214.099609375,203000,-0.011135927809948543,-0.0007266667847081187
2024-02-29,21982.80078125,21982.80078125,22060.55078125,21860.650390625,21935.19921875,360200,0.0014418556686905948,0.0029796021285817265
2024-03-01,22338.75,22338.75,22353.30078125,22047.75,22048.30078125,351500,0.016192168700068565,0.0028985507246377384
2024-03-04,22405.599609375,22405.599609375,22440.900390625,22358.30078125,22403.5,298800,0.0029925402887358565,-0.001533081460610708
2024-03-05,22356.30078125,22356.30078125,22416.900390625,22269.150390625,22371.25,296200,-0.00220029050703785,-0.001288262379890437
2024-03-06,22474.05078125,22474.05078125,22497.19921875,22224.349609375,22327.5,312300,0.005266971542034149,0.0013904925420062941
2024-03-07,22493.55078125,22493.55078125,22525.650390625,22430.0,22505.30078125,379900,0.0008676673462120199,0.0010647149035252212
2024-03-11,22332.650390625,22332.650390625,22526.599609375,22307.25,22517.5,277900,-0.007153178801771132,8.054700599946507e-05
2024-03-12,22335.69921875,22335.69921875,22452.55078125,22256.0,22334.44921875,299200,0.0001365188668460693,0.004320437836080382
2024-03-13,21997.69921875,21997.69921875,22446.75,21905.650390625,22432.19921875,493300,-0.015132725270416536,-0.0006886373592692729
2024-03-14,22146.650390625,22146.650390625,22204.599609375,21917.5,21982.55078125,426700,0.006771215952804832,-0.0036935960882205077
2024-03-15,22023.349609375,22023.349609375,22120.900390625,21931.69921875,22064.849609375,661500,-0.005567468627318717,-0.001509761257472153
2024-03-18,22055.69921875,22055.69921875,22123.69921875,21916.55078125,21990.099609375,356300,0.0014688778023679294,-0.004953368239041134
2024-03-19,21817.44921875,21817.44921875,21978.30078125,21793.099609375,21946.44921875,344200,-0.010802196640288697,0.0012123860864663438
2024-03-20,21839.099609375,21839.099609375,21930.900390625,21710.19921875,21843.900390625,312400,0.0009923428906801757,0.0069050823498815195
2024-03-21,22011.94921875,22011.94921875,22080.94921875,21941.30078125,21989.900390625,353200,0.0079146856998078,-0.0036230321634609375
2024-03-22,22096.75,22096.75,22180.69921875,21883.30078125,21932.19921875,388700,0.0038524885010076115,-0.006736267069818003
2024-03-26,22004.69921875,22004.69921875,22073.19921875,21947.55078125,21947.900390625,328400,-0.00416580634029895,0.002238158291117953
2024-03-27,22123.650390625,22123.650390625,22193.599609375,22052.849609375,22053.94921875,409100,0.005405716783151604,0.0018057245547022927
2024-03-28,22326.900390625,22326.900390625,22516.0,22163.599609375,22163.599609375,410500,0.009187001078543977,0.00573745603437148
2024-04-01,22462.0,22462.0,22529.94921875,22427.75,22455.0,0,0.006050979178091831,-0.00014242804514286167
2024-04-02,22453.30078125,22453.30078125,22497.599609375,22388.150390625,22458.80078125,289500,-0.0003872860275131451,-0.0030107627897832945
2024-04-03,22434.650390625,22434.650390625,22521.099609375,22346.5,22385.69921875,309600,-0.0008306302403686683,0.007018126692796445
2024-04-04,22514.650390625,22514.650390625,22619.0,22303.80078125,22592.099609375,401000,0.003565912488363576,-0.0012547385595542693
2024-04-05,22513.69921875,22513.69921875,22537.599609375,22427.599609375,22486.400390625,242200,-4.224679746289706e-05,0.002871602307414456
2024-04-08,22666.30078125,22666.30078125,22697.30078125,22550.349609375,22578.349609375,227600,0.006778164752814453,0.004358842189490675
2024-04-09,22642.75,22642.75,22768.400390625,22612.25,22765.099609375,232400,-0.0010390218270411866,0.003422729129633151
2024-04-10,22753.80078125,22753.80078125,22775.69921875,22673.69921875,22720.25,276800,0.0049044741142307835,-0.003357697967012019
2024-04-12,22519.400390625,22519.400390625,22726.44921875,22503.75,22677.400390625,357200,-0.010301592814249916,-0.008008632834206386
2024-04-15,22272.5,22272.5,22427.44921875,22259.55078125,22339.05078125,355500,-0.010963897188301042,-0.006609011954203603
2024-04-16,22147.900390625,22147.900390625,22213.75,22079.44921875,22125.30078125,317300,-0.005594325260972033,0.0029099471107103536
2024-04-18,21995.849609375,21995.849609375,22326.5,21961.69921875,22212.349609375,456900,-0.0068652458503182245,-0.0061079527165769365
2024-04-19,22147.0,22147.0,22179.55078125,21777.650390625,21861.5,362500,0.0068717686886063944,0.008574542404163
2024-04-22,22336.400390625,22336.400390625,22375.650390625,22198.150390625,22336.900390625,279300,0.008551965982977361,0.004953814790651823
2024-04-23,22368.0,22368.0,22447.55078125,22349.44921875,22447.05078125,231500,0.0014147135985376202,0.0023940799915056488
2024-04-24,22402.400390625,22402.400390625,22476.44921875,22384.0,22421.55078125,235900,0.0015379287654238016,-0.003816555302519342
2024-04-25,22570.349609375,22570.349609375,22625.94921875,22305.25,22316.900390625,475000,0.0074969296067168845,0.002217545679009447
2024-04-26,22419.94921875,22419.94921875,22620.400390625,22385.55078125,22620.400390625,329900,-0.006663626980883297,0.0024800039445895816
2024-04-29,22643.400390625,22643.400390625,22655.80078125,22441.900390625,22475.55078125,292000,0.00996662256880243,0.001600907963231979
2024-04-30,22604.849609375,22604.849609375,22783.349609375,22568.400390625,22679.650390625,361900,-0.00170251731563964,-0.001636816906079086
2024-05-02,22648.19921875,22648.19921875,22710.5,22567.849609375,22567.849609375,445900,0.0019177127972140884,0.005216767544467205
2024-05-03,22475.849609375,22475.849609375,22794.69921875,22348.05078125,22766.349609375,438100,-0.007609859296553445,0.0038152061652980684
2024-05-06,22442.69921875,22442.69921875,22588.80078125,22409.44921875,22561.599609375,320300,-0.0014749338156797576,0.0020964849544786723
2024-05-07,22302.5,22302.5,22499.05078125,22232.05078125,22489.75,297800,-0.006246985595782073,-0.0031969860441654063
2024-05-08,22302.5,22302.5,22368.650390625,22185.19921875,22231.19921875,277400,0.0,-0.0034838793296715354
2024-05-09,21957.5,21957.5,22307.75,21932.400390625,22224.80078125,331300,-0.01546911781190452,0.0015233618922918524
2024-05-10,22055.19921875,22055.19921875,22131.30078125,21950.30078125,21990.94921875,265800,0.0044494691449390444,-0.0012355363345271098
2024-05-13,22104.05078125,22104.05078125,22131.650390625,21821.05078125,22027.94921875,278200,0.0022149680905385605,0.00040036142979316125
2024-05-14,22217.849609375,22217.849609375,22270.05078125,22081.25,22112.900390625,230200,0.005148324587705533,0.001699084324707556
2024-05-15,22200.55078125,22200.55078125,22297.55078125,22151.75,22255.599609375,231900,-0.0007786004689536163,0.005344391617536193
2024-05-16,22403.849609375,22403.849609375,22432.25,22054.55078125,22319.19921875,368900,0.009157377676264788,0.0005088585588535199
2024-05-17,22466.099609375,22466.099609375,22502.150390625,22345.650390625,22415.25,242700,0.0027785403439750667,-0.0027396312308397563
2024-05-21,22529.05078125,22529.05078125,22591.099609375,22404.55078125,22404.55078125,347600,0.002802051667603722,0.0021105562141381373
2024-05-22,22597.80078125,22597.80078125,22629.5,22483.150390625,22576.599609375,290300,0.0030516154749500313,0.0007212572711290388
2024-05-23,22967.650390625,22967.650390625,22993.599609375,22577.44921875,22614.099609375,369800,0.01636661960848307,-0.0016066245348310693
2024-05-24,22957.099609375,22957.099609375,23026.400390625,22908.0,22930.75,261900,-0.0004593757337192361,0.003565328842393356
2024-05-27,22932.44921875,22932.44921875,23110.80078125,22871.19921875,23038.94921875,260000,-0.0010737589261899938,0.0019492541528642882
2024-05-28,22888.150390625,22888.150390625,22998.55078125,22858.5,22977.150390625,217900,-0.0019317094176221072,-0.005478834614629391
2024-05-29,22704.69921875,22704.69921875,22825.5,22685.44921875,22762.75,269900,-0.008015115627261094,-0.0038428168177602195
2024-05-30,22488.650390625,22488.650390625,22705.75,22417.0,22617.44921875,373400,-0.009515599658179275,0.0035328584583769196
2024-05-31,22530.69921875,22530.69921875,22653.75,22465.099609375,22568.099609375,572100,0.0018697799732139142,0.035826725306565166
2024-06-03,23263.900390625,23263.900390625,23338.69921875,23062.30078125,23337.900390625,569400,0.03254231769535276,-0.0036279552958803363
2024-06-04,21884.5,21884.5,23179.5,21281.44921875,23179.5,1006100,-0.05929359941641077,0.011142571654595645
2024-06-05,22620.349609375,22620.349609375,22670.400390625,21791.94921875,22128.349609375,638500,0.033624236760035675,0.007880072725583442
2024-06-06,22821.400390625,22821.400390625,22910.150390625,22642.599609375,22798.599609375,480400,0.008888049244237806,1.968410098895923e-05
2024-06-07,23290.150390625,23290.150390625,23320.19921875,22789.05078125,22821.849609375,473600,0.020539931466807104,0.0012451615602995236
2024-06-10,23259.19921875,23259.19921875,23411.900390625,23227.150390625,23319.150390625,304400,-0.0013289382574128705,0.0010555299440493382
2024-06-11,23264.849609375,23264.849609375,23389.44921875,23206.650390625,23283.75,305200,0.0002429314342191624,0.0034214538546994966
2024-06-12,23322.94921875,23322.94921875,23441.94921875,23295.94921875,23344.44921875,295600,0.002497312914139238,0.006774443425575871
2024-06-13,23398.900390625,23398.900390625,23481.05078125,23353.900390625,23480.94921875,268300,0.0032564994745150067,0.002822732137936823
2024-06-14,23465.599609375,23465.599609375,23490.400390625,23334.25,23464.94921875,223100,0.0028505279152657437,0.00448320834013427
2024-06-18,23557.900390625,23557.900390625,23579.05078125,23499.69921875,23570.80078125,272200,0.003933450786960613,0.0030541439413944715
2024-06-19,23516.0,23516.0,23664.0,23412.900390625,23629.849609375,328800,-0.0017786131162043084,0.002983091963981943
2024-06-20,23567.0,23567.0,23624.0,23442.599609375,23586.150390625,280300,0.0021687361796223215,0.0039950095737684155
2024-06-21,23501.099609375,23501.099609375,23667.099609375,23398.19921875,23661.150390625,609900,-0.00279629951309035,-0.005055032747387278
2024-06-24,23537.849609375,23537.849609375,23558.099609375,23350.0,23382.30078125,239400,0.00156375661610908,0.0016675270108092999
2024-06-25,23721.30078125,23721.30078125,23754.150390625,23562.05078125,23577.099609375,298100,0.007793879853915442,7.5831765786738e-05
2024-06-26,23868.80078125,23868.80078125,23889.900390625,23670.44921875,23723.099609375,287800,0.006218040121837909,0.0005341701125602949
2024-06-27,24044.5,24044.5,24087.44921875,23805.400390625,23881.55078125,515200,0.007361040898544724,0.0017218237278795456
2024-06-28,24010.599609375,24010.599609375,24174.0,23985.80078125,24085.900390625,354800,-0.0014099020825968367,-0.0007351082818485288
2024-07-01,24141.94921875,24141.94921875,24164.0,23992.69921875,23992.94921875,0,0.005470484349075377,0.0035954338427066634
2024-07-02,24123.849609375,24123.849609375,24236.349609375,24056.400390625,24228.75,0,-0.0007497161563467802,0.006959933565484855
2024-07-03,24286.5,24286.5,24309.150390625,24207.099609375,24291.75,0,0.006742306607722792,0.003436033135692629
2024-07-04,24302.150390625,24302.150390625,24401.0,24281.0,24369.94921875,251200,0.0006444070008029268,-0.0036540297801900268
2024-07-05,24323.849609375,24323.849609375,24363.0,24168.849609375,24213.349609375,298400,0.0008928929498506211,0.00023021065599926338
2024-07-08,24320.55078125,24320.55078125,24344.599609375,24240.55078125,24329.44921875,266300,-0.00013562113637344275,0.0012519954430256774
2024-07-09,24433.19921875,24433.19921875,24443.599609375,24331.900390625,24351.0,250500,0.004631820986013446,0.0010907450304153965
2024-07-10,24324.44921875,24324.44921875,24461.05078125,24141.80078125,24459.849609375,292300,-0.004450911197766749,0.0029641601275980367
2024-07-11,24315.94921875,24315.94921875,24402.650390625,24193.75,24396.55078125,306400,-0.0003494426502141934,0.0029610195083185076
2024-07-12,24502.150390625,24502.150390625,24592.19921875,24331.150390625,24387.94921875,325800,0.007657573644356042,0.003487417120037639
2024-07-15,24586.69921875,24586.69921875,24635.05078125,24522.75,24587.599609375,305400,0.003450669707641296,0.0011876816654075029
2024-07-16,24613.0,24613.0,24661.25,24587.650390625,24615.900390625,283200,0.0010697158254551198,-0.0028114906248730698
2024-07-18,24800.849609375,24800.849609375,24837.75,24504.44921875,24543.80078125,350900,0.007632129743428306,0.002135054754534904
2024-07-19,24530.900390625,24530.900390625,24854.80078125,24508.150390625,24853.80078125,343800,-0.010884676251089243,-0.0034711481955037593
2024-07-22,24509.25,24509.25,24595.19921875,24362.30078125,24445.75,324200,-0.0008825762723847497,0.002433790941175351
2024-07-23,24479.05078125,24479.05078125,24582.55078125,24074.19921875,24568.900390625,436400,-0.0012321559717249908,-0.0013930917013383892
2024-07-24,24413.5,24413.5,24504.25,24307.25,24444.94921875,366600,-0.002677831825905974,-0.007477452280500563
2024-07-25,24406.099609375,24406.099609375,24426.150390625,24210.80078125,24230.94921875,391800,-0.0003031269840456652,0.0007067905267981178
2024-07-26,24834.849609375,24834.849609375,24861.150390625,24410.900390625,24423.349609375,383800,0.01756732976027453,0.004366894649285857
2024-07-29,24836.099609375,24836.099609375,24999.75,24774.599609375,24943.30078125,355000,5.03324972633834e-05,0.0001329025612681889
2024-07-30,24857.30078125,24857.30078125,24971.75,24798.650390625,24839.400390625,385000,0.0008536433743000504,0.0011826882475580724
2024-07-31,24951.150390625,24951.150390625,24984.599609375,24856.5,24886.69921875,333600,0.00377553501085659,0.003198202362444391
2024-08-01,25010.900390625,25010.900390625,25078.30078125,24956.400390625,25030.94921875,431300,0.0023946791656728195,-0.008872147230180372
2024-08-02,24717.69921875,24717.69921875,24851.900390625,24686.849609375,24789.0,345000,-0.011722935491954689,-0.01678350422924113
2024-08-05,24055.599609375,24055.599609375,24350.05078125,23893.69921875,24302.849609375,487000,-0.02678645789462286,0.005580821188413854
2024-08-06,23992.55078125,23992.55078125,24382.599609375,23960.400390625,24189.849609375,312300,-0.0026209626510589334,0.012372573974376522
2024-08-07,24297.5,24297.5,24337.69921875,24184.900390625,24289.400390625,317600,0.012710162480444431,-0.002014578403127909
2024-08-08,24117.0,24117.0,24340.5,24079.69921875,24248.55078125,311900,-0.007428747813561065,0.01118918644006306
2024-08-09,24367.5,24367.5,24419.75,24311.19921875,24386.849609375,215100,0.010386864037815746,-0.0019472337642351123
2024-08-12,24347.0,24347.0,24472.80078125,24212.099609375,24320.05078125,279900,-0.0008412844977941925,-0.00019100466689936368
2024-08-13,24139.0,24139.0,24359.94921875,24116.5,24342.349609375,239700,-0.008543146999630324,0.001880790033762736
2024-08-14,24143.75,24143.75,24196.5,24099.69921875,24184.400390625,303300,0.00019677699987563635,0.007915075718353703
2024-08-16,24541.150390625,24541.150390625,24563.900390625,24204.5,24334.849609375,271600,0.016459762490292462,0.003879166919019683
2024-08-19,24572.650390625,24572.650390625,24638.80078125,24522.94921875,24636.349609375,243600,0.0012835584110202358,0.0031030433749665853
2024-08-20,24698.849609375,24698.849609375,24734.30078125,24607.19921875,24648.900390625,238300,0.005135759339910173,-0.0007408777499521291
2024-08-21,24770.19921875,24770.19921875,24787.94921875,24654.5,24680.55078125,257100,0.0028887826964991703,0.003762633116186187
2024-08-22,24811.5,24811.5,24867.349609375,24784.44921875,24863.400390625,220300,0.001667357653657442,0.00136631766015749
2024-08-23,24823.150390625,24823.150390625,24858.400390625,24771.650390625,24845.400390625,206800,0.00046955607782672715,0.003341607227313359
2024-08-26,25010.599609375,25010.599609375,25043.80078125,24874.69921875,24906.099609375,210300,0.007551387144671073,0.0005678061340710361
2024-08-27,25017.75,25017.75,25073.099609375,24973.650390625,25024.80078125,223300,0.0002858944102370753,0.0005216608707816484
2024-08-28,25052.349609375,25052.349609375,25129.599609375,24964.650390625,25030.80078125,220400,0.0013830024432652799,-0.0006805281097713722
2024-08-29,25151.94921875,25151.94921875,25192.900390625,24998.5,25035.30078125,354000,0.00397565940632294,0.003886378711639882
2024-08-30,25235.900390625,25235.900390625,25268.349609375,25199.400390625,25249.69921875,638200,0.003337760073577778,0.0038714378024053975
2024-09-02,25278.69921875,25278.69921875,25333.650390625,25235.5,25333.599609375,222800,0.001695950113232314,0.0013727435725514603
2024-09-03,25279.849609375,25279.849609375,25321.69921875,25235.80078125,25313.400390625,212100,4.550829989491412e-05,-0.007511927228972759
2024-09-04,25198.69921875,25198.69921875,25216.0,25083.80078125,25089.94921875,253800,-0.0032100820170585243,0.002055692668907927
2024-09-05,25145.099609375,25145.099609375,25275.44921875,25127.75,25250.5,222200,-0.0021270784221717465,-0.0020441514022014884
2024-09-06,24852.150390625,24852.150390625,25168.75,24801.30078125,25093.69921875,311700,-0.011650350298901935,-0.0011568415428084844
2024-09-09,24936.400390625,24936.400390625,24957.5,24753.150390625,24823.400390625,254400,0.003390048695012693,0.002526427191299252
2024-09-10,25041.099609375,25041.099609375,25130.5,24896.80078125,24999.400390625,251300,0.0041986500501236534,-0.00028351827538519725
2024-09-11,24918.44921875,24918.44921875,25113.69921875,24885.150390625,25034.0,279200,-0.004897963449619458,0.005666531277104925
2024-09-12,25388.900390625,25388.900390625,25433.349609375,24941.44921875,25059.650390625,380100,0.01887963282727112,0.0016364957712127204
2024-09-13,25356.5,25356.5,25430.5,25292.44921875,25430.44921875,250800,-0.0012761636040355961,0.001977812025516057
2024-09-16,25383.75,25383.75,25445.69921875,25336.19921875,25406.650390625,168700,0.0010746751326089488,0.001305969000837237
2024-09-17,25418.55078125,25418.55078125,25441.650390625,25352.25,25416.900390625,216000,0.0013709866056039743,-0.0006353781049119878
2024-09-18,25377.55078125,25377.55078125,25482.19921875,25285.55078125,25402.400390625,215700,-0.0016129951842196455,0.004314837193859722
2024-09-19,25415.80078125,25415.80078125,25611.94921875,25376.05078125,25487.05078125,314500,0.0015072376499098983,0.0043338566605881645
2024-09-20,25790.94921875,25790.94921875,25849.25,25426.599609375,25525.94921875,533100,0.014760441377741573,0.003163961194599052
2024-09-23,25939.05078125,25939.05078125,25956.0,25847.349609375,25872.55078125,209200,0.005742385099666292,-0.0006785738864709678
2024-09-24,25940.400390625,25940.400390625,26011.55078125,25886.849609375,25921.44921875,384100,5.2030021699067674e-05,-0.0015786638316422907
2024-09-25,26004.150390625,26004.150390625,26032.80078125,25871.349609375,25899.44921875,278500,0.0024575565157058943,4.806924976286098e-05
2024-09-26,26216.05078125,26216.05078125,26250.900390625,25998.400390625,26005.400390625,370900,0.008148714241454025,0.0012282253730233617
2024-09-27,26178.94921875,26178.94921875,26277.349609375,26151.400390625,26248.25,490300,-0.0014152231703233875,-0.004494009156629453
2024-09-30,25810.849609375,25810.849609375,26134.69921875,25794.099609375,26061.30078125,343100,-0.014060900852023384,-0.0008678672327339099
2024-10-01,25796.900390625,25796.900390625,25907.599609375,25739.19921875,25788.44921875,247400,-0.0005404401234794243,-0.013336903893113927
2024-10-03,25250.099609375,25250.099609375,25639.44921875,25230.30078125,25452.849609375,423400,-0.021196375260987388,-0.002700948503374545
2024-10-04,25014.599609375,25014.599609375,25485.05078125,24966.80078125,25181.900390625,374900,-0.009326695880144675,0.0027783774709690956
2024-10-07,24795.75,24795.75,25143.0,24694.349609375,25084.099609375,374300,-0.008748875168602677,0.0014699784741336597
2024-10-08,25013.150390625,25013.150390625,25044.0,24756.80078125,24832.19921875,333200,0.00876764730346924,0.0021049084102870985
2024-10-09,24981.94921875,24981.94921875,25234.05078125,24947.69921875,25065.80078125,290600,-0.0012473907279866303,0.00340652211542114
2024-10-10,24998.44921875,24998.44921875,25134.05078125,24979.400390625,25067.05078125,261400,0.0006604768849507447,-0.0005259701265843963
2024-10-11,24964.25,24964.25,25028.650390625,24920.05078125,24985.30078125,210500,-0.0013680536120755926,0.0023713597945060894
2024-10-14,25127.94921875,25127.94921875,25159.75,25017.5,25023.44921875,206400,0.006557345754428789,0.0023221776672670558
2024-10-15,25057.349609375,25057.349609375,25212.05078125,25008.150390625,25186.30078125,257200,-0.0028096049048969007,-0.0019474856234094062
2024-10-16,24971.30078125,24971.30078125,25093.400390625,24908.44921875,25008.55078125,226800,-0.0034340754096676696,0.0022465633595316614
2024-10-17,24749.849609375,24749.849609375,25029.5,24728.900390625,25027.400390625,252800,-0.008868227322834543,-0.0034303396572090694
2024-10-18,24854.05078125,24854.05078125,24886.19921875,24567.650390625,24664.94921875,290900,0.004210173941240125,0.004107966555376263
2024-10-21,24781.099609375,24781.099609375,24978.30078125,24679.599609375,24956.150390625,242000,-0.00293518237799828,0.0007082325452321125
2024-10-22,24472.099609375,24472.099609375,24882.0,24445.80078125,24798.650390625,279500,-0.012469180337869368,-0.003839033848734741
2024-10-23,24435.5,24435.5,24604.25,24378.099609375,24378.150390625,284600,-0.001495564743491773,-0.0009331006629698102
2024-10-24,24399.400390625,24399.400390625,24480.650390625,24341.19921875,24412.69921875,216700,-0.0014773427748562273,0.0007643790554856533
2024-10-25,24180.80078125,24180.80078125,24440.25,24073.900390625,24418.05078125,372600,-0.008959220549493163,0.0029072167113468605
2024-10-28,24339.150390625,24339.150390625,24492.599609375,24134.900390625,24251.099609375,278600,0.0065485676346082045,-0.000423218603964437
2024-10-29,24466.849609375,24466.849609375,24484.5,24140.849609375,24328.849609375,332000,0.0052466588480091225,-0.0038991693719507836
2024-10-30,24340.849609375,24340.849609375,24498.19921875,24307.30078125,24371.44921875,285200,-0.005149825253829232,0.00036974880270945754
2024-10-31,24205.349609375,24205.349609375,24372.44921875,24172.599609375,24349.849609375,287000,-0.005566773640794054,0.004023920009289084
2024-11-01,24304.349609375,24304.349609375,24368.25,24280.19921875,24302.75,38800,0.004090004961616156,0.00046906791616430077
2024-11-04,23995.349609375,23995.349609375,24316.75,23816.150390625,24315.75,285500,-0.0127137736646451,-0.0032860371137994893
2024-11-05,24213.30078125,24213.30078125,24229.05078125,23842.75,23916.5,289500,0.00908305881860727,0.003942015985854974
2024-11-06,24484.05078125,24484.05078125,24537.599609375,24204.05078125,24308.75,351100,0.011181870759630508,0.00022663031434522196
2024-11-07,24199.349609375,24199.349609375,24503.349609375,24179.05078125,24489.599609375,322200,-0.011628025706147627,0.00034503445380873465
2024-11-08,24148.19921875,24148.19921875,24276.150390625,24066.650390625,24207.69921875,298700,-0.002113709312467793,-0.0025239653772061166
2024-11-11,24141.30078125,24141.30078125,24336.80078125,24004.599609375,24087.25,273400,-0.00028567088740283353,0.0035002256409326638
2024-11-12,23883.44921875,23883.44921875,24242.0,23839.150390625,24225.80078125,255800,-0.010680930776533315,-0.002554069952011462
2024-11-13,23559.05078125,23559.05078125,23873.599609375,23509.599609375,23822.44921875,304600,-0.013582562322921432,-0.0007173629694134931
2024-11-14,23532.69921875,23532.69921875,23675.900390625,23484.150390625,23542.150390625,257700,-0.0011185324376894457,0.0030851353610195087
2024-11-18,23453.80078125,23453.80078125,23606.80078125,23350.400390625,23605.30078125,263300,-0.0033527151631265184,0.0032297537062973003
2024-11-19,23518.5,23518.5,23780.650390625,23464.80078125,23529.55078125,297500,0.002758581406631766,-0.0012777507600399973
2024-11-21,23349.900390625,23349.900390625,23507.30078125,23263.150390625,23488.44921875,420300,-0.007168807933116472,0.0026509916354868768
2024-11-22,23907.25,23907.25,23956.099609375,23359.0,23411.80078125,367600,0.023869464111237804,0.014485178397766418
2024-11-25,24221.900390625,24221.900390625,24351.55078125,24135.44921875,24253.55078125,687200,0.013161295867362366,0.005012009324915967
2024-11-26,24194.5,24194.5,24343.30078125,24125.400390625,24343.30078125,230700,-0.0011312238174179257,0.00042574887887747437
2024-11-27,24274.900390625,24274.900390625,24354.55078125,24145.650390625,24204.80078125,295000,0.003323085437806128,-3.089611030038242e-05
2024-11-28,23914.150390625,23914.150390625,24345.75,23873.349609375,24274.150390625,366700,-0.014861029054492936,0.000543611200383598
2024-11-29,24131.099609375,24131.099609375,24188.44921875,23927.150390625,23927.150390625,282100,0.009072001940535257,0.00040404292211415616
2024-12-02,24276.05078125,24276.05078125,24301.69921875,24008.650390625,24140.849609375,220400,0.006006820004948565,0.003767055011296705
2024-12-03,24457.150390625,24457.150390625,24481.349609375,24280.0,24367.5,339500,0.007460011144599932,0.0012920397049656085
2024-12-04,24467.44921875,24467.44921875,24573.19921875,24366.30078125,24488.75,348000,0.00042109681465385407,0.0029304718785336803
2024-12-05,24708.400390625,24708.400390625,24857.75,24295.55078125,24539.150390625,361500,0.009847825562885104,0.0008518895514169067
2024-12-06,24677.80078125,24677.80078125,24751.05078125,24620.5,24729.44921875,226700,-0.0012384293961259507,-0.0017789425813971027
2024-12-09,24619.0,24619.0,24705.0,24580.05078125,24633.900390625,248100,-0.0023827399277279726,0.0013668463635809758
2024-12-10,24610.05078125,24610.05078125,24677.80078125,24510.650390625,24652.650390625,261000,-0.0003635086213900074,0.00042459151518547955
2024-12-11,24641.80078125,24641.80078125,24691.75,24583.849609375,24620.5,187300,0.0012901233029631864,-0.0015157805564446347
2024-12-12,24548.69921875,24548.69921875,24675.25,24527.94921875,24604.44921875,266100,-0.003778196379659149,-0.002051009258223435
2024-12-13,24768.30078125,24768.30078125,24792.30078125,24180.80078125,24498.349609375,310100,0.008945547808588916,-0.0006015911530062867
2024-12-16,24668.25,24668.25,24781.25,24601.75,24753.400390625,187600,-0.004039468921733236,-0.0033828592928156764
2024-12-17,24336.0,24336.0,24624.099609375,24303.44921875,24584.80078125,264900,-0.013468730047733413,-0.00156355938732744
2024-12-18,24198.849609375,24198.849609375,24394.44921875,24149.849609375,24297.94921875,235300,-0.005635699812006956,-0.013293988100383403
2024-12-19,23951.69921875,23951.69921875,24004.900390625,23870.30078125,23877.150390625,271100,-0.010213311567061067,0.00037575622162777655
2024-12-20,23587.5,23587.5,24065.80078125,23537.349609375,23960.69921875,442700,-0.01520556915080562,0.006388944091149984
2024-12-23,23753.44921875,23753.44921875,23869.55078125,23647.19921875,23738.19921875,189800,0.0070354729729729115,0.0006588681281978204
2024-12-24,23727.650390625,23727.650390625,23867.650390625,23685.150390625,23769.099609375,177700,-0.0010861087115143775,0.002029294507981394
2024-12-26,23750.19921875,23750.19921875,23854.5,23653.599609375,23775.80078125,177700,0.0009503186263191132,0.002155820732424818
2024-12-27,23813.400390625,23813.400390625,23938.849609375,23800.599609375,23801.400390625,176800,0.002661079652128029,-0.0006928871865983233
2024-12-30,23644.900390625,23644.900390625,23915.349609375,23599.30078125,23796.900390625,364900,-0.007075847935867907,-0.0035652838395303643
2024-12-31,23644.80078125,23644.80078125,23689.849609375,23460.44921875,23560.599609375,193600,-4.212721278373799e-06,-0.0003024085798459808
2025-01-01,23742.900390625,23742.900390625,23822.80078125,23562.80078125,23637.650390625,154900,0.004148887118253564,0.0016889094725274223
2025-01-02,24188.650390625,24188.650390625,24226.69921875,23751.55078125,23783.0,283200,0.018774033191665485,0.000320398198115468
2025-01-03,24004.75,24004.75,24196.44921875,23976.0,24196.400390625,312300,-0.007602755327609123,0.00171011075932892
2025-01-06,23616.05078125,23616.05078125,24089.94921875,23551.900390625,24045.80078125,278100,-0.016192595996625703,0.002703653119923599
2025-01-07,23707.900390625,23707.900390625,23795.19921875,23637.80078125,23679.900390625,262300,0.0038892874268343647,0.0016344762446920402
2025-01-08,23688.94921875,23688.94921875,23751.849609375,23496.150390625,23746.650390625,266400,-0.0007993610384197103,-0.0005994026420876875
2025-01-09,23526.5,23526.5,23689.5,23503.05078125,23674.75,269200,-0.006857594959147506,0.0010796502082757176
2025-01-10,23431.5,23431.5,23596.599609375,23344.349609375,23551.900390625,261000,-0.004037999702463213,-0.010076162831018087
2025-01-13,23085.94921875,23085.94921875,23340.94921875,23047.25,23195.400390625,316500,-0.014747275302477436,0.0034631962115754256
2025-01-14,23176.05078125,23176.05078125,23264.94921875,23134.150390625,23165.900390625,311200,0.003902874499386977,0.0032101430136746156
2025-01-15,23213.19921875,23213.19921875,23293.650390625,23146.44921875,23250.44921875,228000,0.0016028803979861728,0.007067133646855961
2025-01-16,23311.80078125,23311.80078125,23391.650390625,23272.05078125,23377.25,299400,0.004247650725383689,-0.0014885667649884304
2025-01-17,23203.19921875,23203.19921875,23292.099609375,23100.349609375,23277.099609375,272900,-0.004658651792672774,0.0037581529621368848
2025-01-20,23344.75,23344.75,23391.099609375,23170.650390625,23290.400390625,301500,0.006100485537167577,0.003294119261290085
2025-01-21,23024.650390625,23024.650390625,23426.30078125,22976.849609375,23421.650390625,312900,-0.013711845677293555,0.003235662593614741
2025-01-22,23155.349609375,23155.349609375,23169.55078125,22981.30078125,23099.150390625,276000,0.0056764909144164655,-0.0011681459611410094
2025-01-23,23205.349609375,23205.349609375,23270.80078125,23090.650390625,23128.30078125,275600,0.0021593282262408753,-0.0009243221546352265
2025-01-24,23092.19921875,23092.19921875,23347.30078125,23050.0,23183.900390625,264300,-0.004876047658393667,-0.006584423886380697
2025-01-27,22829.150390625,22829.150390625,23007.44921875,22786.900390625,22940.150390625,257400,-0.011391241935562957,0.0057513672597697685
2025-01-28,22957.25,22957.25,23137.94921875,22857.650390625,22960.44921875,361900,0.005611229817278129,0.0030273660826101167
2025-01-29,23163.099609375,23163.099609375,23183.349609375,22976.5,23026.75,226300,0.008966649288351114,0.00027631840008179864
2025-01-30,23249.5,23249.5,23322.05078125,23139.19921875,23169.5,361900,0.003730087599762788,0.0020323017699306334
2025-01-31,23508.400390625,23508.400390625,23546.80078125,23277.400390625,23296.75,304900,0.011135740150325812,0.0008592340786426345
2025-02-01,23482.150390625,23482.150390625,23632.44921875,23318.30078125,23528.599609375,281000,-0.0011166221250199504,-0.006932958802401523
2025-02-03,23361.05078125,23361.05078125,23381.599609375,23222.0,23319.349609375,329700,-0.005157091976693451,0.006371700090411547
2025-02-04,23739.25,23739.25,23762.75,23423.150390625,23509.900390625,376700,0.016189306820631133,0.002632770622492231
2025-02-05,23696.30078125,23696.30078125,23807.30078125,23680.44921875,23801.75,267000,-0.001809207062143936,0.0027704086855593335
2025-02-06,23603.349609375,23603.349609375,23773.55078125,23556.25,23761.94921875,307000,-0.003922602634608197,0.0019552475131185965
2025-02-07,23559.94921875,23559.94921875,23694.5,23443.19921875,23649.5,368100,-0.0018387386257991967,-0.0006854190282866712
2025-02-10,23381.599609375,23381.599609375,23568.599609375,23316.30078125,23543.80078125,234200,-0.007570033692307909,8.344903289758676e-05
2025-02-11,23071.80078125,23071.80078125,23390.05078125,22986.650390625,23383.55078125,268000,-0.013249684936046169,-0.0009102020340374661
2025-02-12,23045.25,23045.25,23144.69921875,22798.349609375,23050.80078125,279700,-0.0011507892904301098,0.0004556253457870252
2025-02-13,23031.400390625,23031.400390625,23235.5,22992.19921875,23055.75,265700,-0.0006009745771905495,0.002824354013292174
2025-02-14,22929.25,22929.25,23133.69921875,22774.849609375,23096.44921875,254500,-0.004435266153706374,-0.005205124867799893
2025-02-17,22959.5,22959.5,22974.19921875,22725.44921875,22809.900390625,207400,0.0013192755977626813,0.00018077007883454677
2025-02-18,22945.30078125,22945.30078125,22992.5,22801.5,22963.650390625,210600,-0.0006184463402948426,-0.004273240180408644
2025-02-19,22932.900390625,22932.900390625,23049.94921875,22814.849609375,22847.25,207000,-0.0005404326900405598,-0.004875126100303717
2025-02-20,22913.150390625,22913.150390625,22923.849609375,22812.75,22821.099609375,240800,-0.0008612081186238907,-0.0024418803578355464
2025-02-21,22795.900390625,22795.900390625,22921.0,22720.30078125,22857.19921875,242800,-0.005117148798882476,-0.00818352326748717
2025-02-24,22553.349609375,22553.349609375,22668.05078125,22518.80078125,22609.349609375,214300,-0.010640105330068539,-0.00163613792470374
2025-02-25,22547.55078125,22547.55078125,22625.30078125,22513.900390625,22516.44921875,250300,-0.00025711604818956513,0.0009490360042916368
2025-02-27,22545.05078125,22545.05078125,22613.30078125,22508.400390625,22568.94921875,289200,-0.00011087678764998277,-0.004952323758696364
2025-02-28,22124.69921875,22124.69921875,22450.349609375,22104.849609375,22433.400390625,551300,-0.018644959666695105,0.0031571756890056424
2025-03-03,22119.30078125,22119.30078125,22261.55078125,22004.69921875,22194.55078125,282400,-0.00024400049223838316,-0.006548650155469127
2025-03-04,22082.650390625,22082.650390625,22105.05078125,21964.599609375,21974.44921875,253300,-0.0016569416451024388,-0.00043471273625173
2025-03-05,22337.30078125,22337.30078125,22394.900390625,22067.80078125,22073.05078125,305900,0.011531695069225467,0.006224961085795844
2025-03-06,22544.69921875,22544.69921875,22556.44921875,22245.849609375,22476.349609375,372100,0.009284847776867,-0.0015989935272686662
2025-03-07,22552.5,22552.5,22633.80078125,22464.75,22508.650390625,289800,0.00034601398645017767,-0.001359068423678056
2025-03-10,22460.30078125,22460.30078125,22676.75,22429.05078125,22521.849609375,293900,-0.004088203913091726,-0.00509127476135407
2025-03-11,22497.900390625,22497.900390625,22522.099609375,22314.69921875,22345.94921875,347900,0.0016740474556060647,0.0017090136449364746
2025-03-12,22470.5,22470.5,22577.400390625,22329.55078125,22536.349609375,369700,-0.0012179087892316698,0.0031596982710664356
2025-03-13,22397.19921875,22397.19921875,22558.05078125,22377.349609375,22541.5,287500,-0.003262089461738671,-0.001966711448819214
2025-03-17,22508.75,22508.75,22577.0,22353.150390625,22353.150390625,251100,0.004980568336268254,0.006819570167157174
2025-03-18,22834.30078125,22834.30078125,22857.80078125,22599.19921875,22662.25,272600,0.01446329899483545,0.0017801481153028043
2025-03-19,22907.599609375,22907.599609375,22940.69921875,22807.94921875,22874.94921875,324000,0.0032100316461272094,0.005631318959634868
2025-03-20,23190.650390625,23190.650390625,23216.69921875,22973.94921875,23036.599609375,313700,0.012356195589090069,-0.0009659233461626338
2025-03-21,23350.400390625,23350.400390625,23402.69921875,23132.80078125,23168.25,541000,0.0068885519512889015,0.0070662599886830435
2025-03-24,23658.349609375,23658.349609375,23708.75,23433.5,23515.400390625,311900,0.013188177230298859,0.003937315669225283
2025-03-25,23668.650390625,23668.650390625,23869.599609375,23601.400390625,23751.5,338200,0.00043539728764163677,0.0013646248346206313
2025-03-26,23486.849609375,23486.849609375,23736.5,23451.69921875,23700.94921875,278600,-0.007681079328545448,-0.002252340841995437
2025-03-27,23591.94921875,23591.94921875,23646.44921875,23412.19921875,23433.94921875,510300,0.004474827877002596,0.0003582227054084175
2025-03-28,23519.349609375,23519.349609375,23649.19921875,23450.19921875,23600.400390625,295400,-0.0030773044101545244,-0.0075788660384107365
2025-04-01,23165.69921875,23165.69921875,23565.150390625,23136.400390625,23341.099609375,314300,-0.015036571865236992,0.001161216433442469
2025-04-02,23332.349609375,23332.349609375,23350.0,23158.44921875,23192.599609375,341000,0.0071938424586863725,-0.007802421580887509
2025-04-03,23250.099609375,23250.099609375,23306.5,23145.80078125,23150.30078125,283200,-0.0035251486188494496,-0.002567697332613861
2025-04-04,22904.44921875,22904.44921875,23214.69921875,22857.44921875,23190.400390625,466800,-0.014866619775066536,-0.05003607889365114
2025-04-07,22161.599609375,22161.599609375,22254.0,21743.650390625,21758.400390625,647100,-0.03243254628305536,0.012866868621900895
2025-04-08,22535.849609375,22535.849609375,22697.19921875,22270.849609375,22446.75,468300,0.016887318902814252,-0.003352384287014898
2025-04-09,22399.150390625,22399.150390625,22468.69921875,22353.25,22460.30078125,383800,-0.006065856008070525,0.0132259480754231
2025-04-11,22828.55078125,22828.55078125,22923.900390625,22695.400390625,22695.400390625,402200,0.019170387409190415,0.023645777311819494
2025-04-15,23328.55078125,23328.55078125,23368.349609375,23207.0,23368.349609375,388300,0.02190239778210845,0.0006665149614650812
2025-04-16,23437.19921875,23437.19921875,23452.19921875,23273.05078125,23344.099609375,348400,0.004657316201027051,-0.0015082693561233596
2025-04-17,23851.650390625,23851.650390625,23872.349609375,23298.55078125,23401.849609375,505300,0.017683476937954135,0.004087767445992929
2025-04-21,24125.55078125,24125.55078125,24189.55078125,23903.650390625,23949.150390625,406100,0.011483498464016417,0.00248075618739918
2025-04-22,24167.25,24167.25,24242.599609375,24072.0,24185.400390625,440900,0.0017284255654137493,0.007876345441661714
2025-04-23,24328.94921875,24328.94921875,24359.30078125,24119.94921875,24357.599609375,415000,0.006690840652122221,-0.0020982750905517156
2025-04-24,24246.69921875,24246.69921875,24347.849609375,24216.150390625,24277.900390625,358800,-0.0033807460922566923,0.0017445995790341673
2025-04-25,24039.349609375,24039.349609375,24365.44921875,23847.849609375,24289.0,387700,-0.00855166336268387,0.0012854087621800847
2025-04-28,24328.5,24328.5,24355.099609375,24054.05078125,24070.25,320500,0.012028211882747275,0.0017345590048707393
2025-04-29,24335.94921875,24335.94921875,24457.650390625,24290.75,24370.69921875,357600,0.0003061930965739812,0.00025072219066357704
2025-04-30,24334.19921875,24334.19921875,24396.150390625,24198.75,24342.05078125,424500,-7.191007773188485e-05,-0.0009163575889449271
2025-05-02,24346.69921875,24346.69921875,24589.150390625,24238.5,24311.900390625,421100,0.0005136803511647248,0.0029901704783839023
2025-05-05,24461.150390625,24461.150390625,24526.400390625,24400.650390625,24419.5,291500,0.004700890697612925,0.0016188776383214698
2025-05-06,24379.599609375,24379.599609375,24509.650390625,24331.80078125,24500.75,302400,-0.0033338898599493128,-0.0060008708292625945
2025-05-07,24414.400390625,24414.400390625,24449.599609375,24220.0,24233.30078125,330100,0.0014274549954715887,0.0007003903065980754
2025-05-08,24273.80078125,24273.80078125,24447.25,24150.19921875,24431.5,411400,-0.005758880297096702,-0.013926569814774248
2025-05-09,24008.0,24008.0,24164.25,23935.75,23935.75,335600,-0.0109501096942064,0.0171650953588387
2025-05-12,24924.69921875,24924.69921875,24944.80078125,24378.849609375,24420.099609375,368700,0.038183073090219954,-0.002433266574963344
2025-05-13,24578.349609375,24578.349609375,24973.80078125,24547.5,24864.05078125,423000,-0.01389583907654357,0.0014423739770337285
2025-05-14,24666.900390625,24666.900390625,24767.55078125,24535.55078125,24613.80078125,345500,0.0036027960647213586,0.001116833801115602
2025-05-15,25062.099609375,25062.099609375,25116.25,24494.44921875,24694.44921875,500800,0.01602143814146184,0.00010177843396030894
2025-05-16,25019.80078125,25019.80078125,25070.0,24953.05078125,25064.650390625,432700,-0.0016877607536591732,-0.0005775894061407216
2025-05-19,24945.44921875,24945.44921875,25062.94921875,24916.650390625,25005.349609375,255300,-0.0029717088137536374,0.0020344392099322928
2025-05-20,24683.900390625,24683.900390625,25010.349609375,24669.69921875,24996.19921875,414800,-0.010484831354666824,0.0024448976223352403
2025-05-21,24813.44921875,24813.44921875,24946.19921875,24685.349609375,24744.25,332700,0.00524831270888626,-0.003203907659074079
2025-05-22,24609.69921875,24609.69921875,24737.5,24462.400390625,24733.94921875,403300,-0.008211272774042211,0.001210936427345377
2025-05-23,24853.150390625,24853.150390625,24909.05078125,24614.05078125,24639.5,270500,0.009892488718005854,0.002663614781608148
2025-05-26,25001.150390625,25001.150390625,25079.19921875,24900.5,24919.349609375,302800,0.005954979456279652,-0.0017799180959563454
2025-05-27,24826.19921875,24826.19921875,25062.900390625,24704.099609375,24956.650390625,525700,-0.0069977248703164685,0.00025379564525684906
2025-05-28,24752.44921875,24752.44921875,24864.25,24737.05078125,24832.5,684400,-0.0029706520659956714,0.002935078867668972
2025-05-29,24833.599609375,24833.599609375,24892.599609375,24677.30078125,24825.099609375,345400,0.003278479228775888,-0.0008456285166195121
2025-05-30,24750.69921875,24750.69921875,24863.94921875,24717.400390625,24812.599609375,853900,-0.00333823496911434,-0.0032726348166616237
2025-06-02,24716.599609375,24716.599609375,24754.400390625,24526.150390625,24669.69921875,311100,-0.0013777230725331435,0.0028200146046206687
2025-06-03,24542.5,24542.5,24845.099609375,24502.150390625,24786.30078125,349300,-0.007043833380258491,0.0007313525007639488
2025-06-04,24620.19921875,24620.19921875,24644.25,24530.44921875,24560.44921875,280900,0.003165904807986175,0.0028838109460109784
2025-06-05,24750.900390625,24750.900390625,24899.849609375,24613.099609375,24691.19921875,388400,0.005308696762106768,-8.893300204282362e-05
2025-06-06,25003.05078125,25003.05078125,25029.5,24671.44921875,24748.69921875,335600,0.01018752395450262,0.006281186623944723
2025-06-09,25103.19921875,25103.19921875,25160.099609375,25077.150390625,25160.099609375,279200,0.004005448710087123,0.0036987939939800984
2025-06-10,25104.25,25104.25,25199.30078125,25055.44921875,25196.05078125,307300,4.18584595869298e-05,0.0011910489508748512
2025-06-11,25141.400390625,25141.400390625,25222.400390625,25081.30078125,25134.150390625,301200,0.0014798446727146697,0.0009167678715937821
2025-06-12,24888.19921875,24888.19921875,25196.19921875,24825.900390625,25164.44921875,328300,-0.010071084662786611,-0.016682573741100604
2025-06-13,24718.599609375,24718.599609375,24754.349609375,24473.0,24473.0,318700,-0.006814458847919758,0.0005562612857237248
2025-06-16,24946.5,24946.5,24967.099609375,24703.599609375,24732.349609375,305800,0.00921979376770854,0.0012566736566250736
2025-06-17,24853.400390625,24853.400390625,24982.05078125,24813.69921875,24977.849609375,242400,-0.0037319707924959866,-0.002617379522624086
2025-06-18,24812.05078125,24812.05078125,24947.55078125,24750.44921875,24788.349609375,237600,-0.0016637405234334324,-0.0003546978574077153
2025-06-19,24793.25,24793.25,24863.099609375,24733.400390625,24803.25,274600,-0.0007577278241026608,-0.00022585217246628986
2025-06-20,25112.400390625,25112.400390625,25136.19921875,24783.650390625,24787.650390625,574700,0.01287247095983779,-0.006875105045292873
2025-06-23,24971.900390625,24971.900390625,25057.0,24824.849609375,24939.75,248500,-0.0055948454872697395,0.008329362072823532
2025-06-24,25044.349609375,25044.349609375,25317.69921875,24999.69921875,25179.900390625,450200,0.0029012296868362597,0.004232491625988155
2025-06-25,25244.75,25244.75,25266.80078125,25125.05078125,25150.349609375,260600,0.008001820520425307,0.0009585842105783726
2025-06-26,25549.0,25549.0,25565.30078125,25259.900390625,25268.94921875,428900,0.012052010814129765,0.0010822494275706251
2025-06-27,25637.80078125,25637.80078125,25654.19921875,25523.55078125,25576.650390625,564000,0.003475704773181043,0.0009302517629532492
2025-06-30,25517.05078125,25517.05078125,25669.349609375,25473.30078125,25661.650390625,271000,-0.004709842354665206,0.0013441533043545562
2025-07-01,25541.80078125,25541.80078125,25593.400390625,25501.80078125,25551.349609375,260700,0.0009699396772837598,0.0018205450899191344
2025-07-02,25453.400390625,25453.400390625,25608.099609375,25378.75,25588.30078125,309800,-0.0034610085397696055,0.002031132106382172
2025-07-03,25405.30078125,25405.30078125,25587.5,25384.349609375,25505.099609375,293400,-0.00188971251922454,0.000926925775363463
2025-07-04,25461.0,25461.0,25470.25,25331.650390625,25428.849609375,193500,0.0021924250859925998,-0.00041438990023956457
2025-07-07,25461.30078125,25461.30078125,25489.80078125,25407.25,25450.44921875,196100,1.1813410706551508e-05,-0.001313804513068506
2025-07-08,25522.5,25522.5,25548.05078125,25424.150390625,25427.849609375,210400,0.0024036171315751087,-0.00030954611127431697
2025-07-09,25476.099609375,25476.099609375,25548.69921875,25424.349609375,25514.599609375,239100,-0.00181801902732881,0.0013954562038578366
2025-07-10,25355.25,25355.25,25524.05078125,25340.44921875,25511.650390625,219600,-0.004743646446198069,-0.003934096488892869
2025-07-11,25149.849609375,25149.849609375,25322.44921875,25129.0,25255.5,250000,-0.008100901810276007,-1.3901052309694961e-05
2025-07-14,25082.30078125,25082.30078125,25151.099609375,25001.94921875,25149.5,259500,-0.002685854157148504,0.00028702385848844436
2025-07-15,25195.80078125,25195.80078125,25245.19921875,25088.44921875,25089.5,241300,0.004525103218794291,3.1704811922272924e-05
2025-07-16,25212.05078125,25212.05078125,25255.30078125,25121.05078125,25196.599609375,228800,0.0006449487413033861,0.0007416778155906467
2025-07-17,25111.44921875,25111.44921875,25238.349609375,25101.0,25230.75,243400,-0.003990217351728331,-0.00011542294810429343
2025-07-18,24968.400390625,24968.400390625,25144.599609375,24918.650390625,25108.55078125,317000,-0.0056965580472427835,0.0012255334301067844
2025-07-21,25090.69921875,25090.69921875,25111.400390625,24882.30078125,24999.0,305200,0.004898144302865282,0.0030270647785790583
2025-07-22,25060.900390625,25060.900390625,25182.0,25035.55078125,25166.650390625,483700,-0.0011876443882732346,0.0031303431850895347
2025-07-23,25219.900390625,25219.900390625,25233.5,25085.5,25139.349609375,271500,0.006344544590244583,0.0009278542049158123
2025-07-24,25062.099609375,25062.099609375,25246.25,25018.69921875,25243.30078125,338700,-0.006256994627491075,-0.0020648708929654758
2025-07-25,24837.0,24837.0,25010.349609375,24806.349609375,25010.349609375,278100,-0.008981674037030651,-0.002196351461529189
2025-07-28,24680.900390625,24680.900390625,24889.19921875,24646.599609375,24782.44921875,262100,-0.006284962329387578,-0.002886847678663429
2025-07-29,24821.099609375,24821.099609375,24847.150390625,24598.599609375,24609.650390625,284700,0.005680474234370125,0.0027920109237957735
2025-07-30,24855.05078125,24855.05078125,24902.30078125,24771.94921875,24890.400390625,243900,0.001367835124523431,-0.008561671554118577
2025-07-31,24768.349609375,24768.349609375,24956.5,24635.0,24642.25,346300,-0.0034882717656889994,-0.0013504823404680844
2025-08-01,24565.349609375,24565.349609375,24784.150390625,24535.05078125,24734.900390625,263400,-0.008195943742782208,0.0012497754912179637
2025-08-04,24722.75,24722.75,24736.25,24554.0,24596.05078125,259300,0.006407415043054421,-0.0001011214367333535
2025-08-05,24649.55078125,24649.55078125,24733.099609375,24590.30078125,24720.25,251800,-0.0029608040671041946,-0.00033271080466257263
2025-08-06,24574.19921875,24574.19921875,24671.400390625,24539.19921875,24641.349609375,225100,-0.003056914228121266,-0.0044762394501982605
2025-08-07,24596.150390625,24596.150390625,24634.19921875,24344.150390625,24464.19921875,616700,0.0008932609229541644,-0.002110102182688811
2025-08-08,24363.30078125,24363.30078125,24585.5,24337.5,24544.25,312600,-0.009466912735407229,0.0003365397334136322
2025-08-11,24585.05078125,24585.05078125,24600.849609375,24347.44921875,24371.5,241100,0.009101804471857822,-0.000882697866605664
2025-08-12,24487.400390625,24487.400390625,24702.599609375,24465.650390625,24563.349609375,237000,-0.003971941790719136,0.004034680143623071
2025-08-13,24619.349609375,24619.349609375,24664.55078125,24535.25,24586.19921875,236000,0.005388453516712133,-0.0004914674663213381
2025-08-14,24631.30078125,24631.30078125,24673.650390625,24596.900390625,24607.25,270200,0.00048543816407109475,0.012459692657954102
2025-08-18,24876.94921875,24876.94921875,25022.0,24852.849609375,24938.19921875,363100,0.009973019276634965,0.0005788648157125653
2025-08-19,24980.650390625,24980.650390625,25012.650390625,24873.94921875,24891.349609375,252300,0.004168564680625764,-0.0005944444657283166
2025-08-20,25050.55078125,25050.55078125,25088.69921875,24929.69921875,24965.80078125,287100,0.0027981813736617234,0.003650587148704476
2025-08-21,25083.75,25083.75,25153.650390625,25054.900390625,25142.0,226500,0.0013252889742787488,-0.0007813667962326409
2025-08-22,24870.099609375,24870.099609375,25084.849609375,24859.150390625,25064.150390625,210200,-0.008517482060098724,0.003178547030032952
2025-08-25,24967.75,24967.75,25021.55078125,24894.349609375,24949.150390625,213000,0.003926417350905487,-0.002733526248861029
2025-08-26,24712.05078125,24712.05078125,24919.650390625,24689.599609375,24899.5,750500,-0.010241179872034878,-0.0006575739158131144
2025-08-28,24500.900390625,24500.900390625,24702.650390625,24481.599609375,24695.80078125,326600,-0.008544430103923584,-0.0013959148982167768
2025-08-29,24426.849609375,24426.849609375,24572.44921875,24404.69921875,24466.69921875,325500,-0.0030223697933294824,0.00023947457279782647
2025-09-01,24625.05078125,24625.05078125,24635.599609375,24432.69921875,24432.69921875,229300,0.008114070174605414,0.0011349913142628676
2025-09-02,24579.599609375,24579.599609375,24756.099609375,24522.349609375,24653.0,271600,-0.0018457290617897026,0.0015012608509263892
2025-09-03,24715.05078125,24715.05078125,24737.05078125,24533.19921875,24616.5,340300,0.0055107151470170646,0.010750502643173787
2025-09-04,24734.30078125,24734.30078125,24980.75,24708.19921875,24980.75,314100,0.0007788776228048189,0.003418282524852767
2025-09-05,24741.0,24741.0,24832.349609375,24621.599609375,24818.849609375,210100,0.00027084730671167456,0.002489778480053273
2025-09-08,24773.150390625,24773.150390625,24885.5,24751.55078125,24802.599609375,213200,0.0012994782193525012,0.0036712819046389455
2025-09-09,24868.599609375,24868.599609375,24891.80078125,24814.0,24864.099609375,226900,0.003852930178235292,0.004921885130148462
2025-09-10,24973.099609375,24973.099609375,25035.69921875,24915.05078125,24991.0,244100,0.0042020862308871365,-0.0011051735590178469
2025-09-11,25005.5,25005.5,25037.30078125,24940.150390625,24945.5,224600,0.0012974116602184615,0.0027573621303313978
2025-09-12,25114.0,25114.0,25139.44921875,25038.05078125,25074.44921875,225700,0.004339045410009845,0.00019512585111880476
2025-09-15,25069.19921875,25069.19921875,25138.44921875,25048.75,25118.900390625,185400,-0.0017838966811339896,0.00017552976409818122
2025-09-16,25239.099609375,25239.099609375,25261.400390625,25070.44921875,25073.599609375,240100,0.006777256391098607,0.0014857899283409193
2025-09-17,25330.25,25330.25,25346.5,25275.349609375,25276.599609375,268900,0.003611475529465391,0.004374247441300438
2025-09-18,25423.599609375,25423.599609375,25448.94921875,25329.75,25441.05078125,272200,0.0036853015416349333,-0.0005270847099109188
2025-09-19,25327.05078125,25327.05078125,25428.75,25286.30078125,25410.19921875,380400,-0.0037976065391384095,-0.0035121014540252515
2025-09-22,25202.349609375,25202.349609375,25331.69921875,25151.05078125,25238.099609375,254500,-0.004923635718664832,0.00026387978613406915
2025-09-23,25169.5,25169.5,25261.900390625,25084.650390625,25209.0,299200,-0.0013034343973540308,-0.0024136355509644103
2025-09-24,25056.900390625,25056.900390625,25149.849609375,25027.44921875,25108.75,244400,-0.00447365300760838,-0.0008939809104793195
2025-09-25,24890.849609375,24890.849609375,25092.69921875,24878.30078125,25034.5,342500,-0.006626948212322681,-0.0029046348059477145
2025-09-26,24654.69921875,24654.69921875,24868.599609375,24629.44921875,24818.55078125,291500,-0.009487437927231501,0.002995435549415948
2025-09-29,24634.900390625,24634.900390625,24791.30078125,24606.19921875,24728.55078125,394400,-0.0008030448049409777,0.0023157726323386196
2025-09-30,24611.099609375,24611.099609375,24731.80078125,24587.69921875,24691.94921875,303000,-0.0009661407544825362,0.00038402070712018066
2025-10-01,24836.30078125,24836.30078125,24867.94921875,24605.94921875,24620.55078125,308900,0.009150390492475902,-0.0030902347606428515
2025-10-03,24894.25,24894.25,24904.80078125,24747.55078125,24759.55078125,365900,0.0023332467769816567,0.0008958205710154488
2025-10-06,25077.650390625,25077.650390625,25095.94921875,24881.650390625,24916.55078125,268800,0.007367178791287232,0.0003050680787806126
2025-10-07,25108.30078125,25108.30078125,25220.900390625,25076.30078125,25085.30078125,288000,0.0012222193924698033,-0.0011371052744166832
2025-10-08,25046.150390625,25046.150390625,25192.5,25008.5,25079.75,227400,-0.0024752925801897474,0.0011239408126981765
2025-10-09,25181.80078125,25181.80078125,25199.25,25024.30078125,25074.30078125,286300,0.005416017571936882,-0.000561929257876459
2025-10-10,25285.349609375,25285.349609375,25330.75,25156.849609375,25167.650390625,232900,0.0041120501676790155,-0.004273179125233062
2025-10-13,25227.349609375,25227.349609375,25267.30078125,25152.30078125,25177.30078125,234300,-0.0022938183927065925,0.0019899502980822437
2025-10-14,25145.5,25145.5,25310.349609375,25060.55078125,25277.55078125,292100,-0.003244479132464395,0.0014495324710186441
2025-10-15,25323.55078125,25323.55078125,25365.150390625,25159.349609375,25181.94921875,289900,0.007080820872521931,0.002817519943839386
2025-10-16,25585.30078125,25585.30078125,25625.400390625,25376.849609375,25394.900390625,372800,0.010336228211479837,-0.001502861826943147
2025-10-17,25709.849609375,25709.849609375,25781.5,25508.599609375,25546.849609375,422100,0.004867983737610659,0.004463269981873186
2025-10-20,25843.150390625,25843.150390625,25926.19921875,25788.5,25824.599609375,301100,0.005184813729964155,0.0022461978221532952
2025-10-21,25868.599609375,25868.599609375,25934.349609375,25825.80078125,25901.19921875,42500,0.0009847568259027106,0.0072906772002705456
2025-10-23,25891.400390625,25891.400390625,26104.19921875,25862.44921875,26057.19921875,448400,0.0008814076368377499,0.0016877889218314124
2025-10-24,25795.150390625,25795.150390625,25944.150390625,25718.19921875,25935.099609375,284900,-0.0037174505259611745,0.0018627078112505302
2025-10-27,25966.05078125,25966.05078125,26005.94921875,25827.0,25843.19921875,266300,0.006625291500029773,-0.0010052188035790666
2025-10-28,25936.19921875,25936.19921875,26041.69921875,25810.05078125,25939.94921875,395200,-0.001149638146805021,0.0017659018140518956
2025-10-29,26053.900390625,26053.900390625,26097.849609375,25960.30078125,25982.0,321900,0.0045381040946781415,-0.0026675468531770496
2025-10-30,25877.849609375,25877.849609375,26032.05078125,25845.25,25984.400390625,257400,-0.0067571756478100875,-0.0005428900908331924
2025-10-31,25722.099609375,25722.099609375,25953.75,25711.19921875,25863.80078125,334400,-0.006018660837397216,-0.0009816461479994487
2025-11-03,25763.349609375,25763.349609375,25803.099609375,25645.5,25696.849609375,23300,0.0016036793506921665,-0.000721940650459163
2025-11-04,25597.650390625,25597.650390625,25787.400390625,25578.400390625,25744.75,305100,-0.006431586779760301,-0.0001680146882377942
2025-11-06,25509.69921875,25509.69921875,25679.150390625,25491.55078125,25593.349609375,371900,-0.0034359080045569534,-0.0029752776326038566
2025-11-07,25492.30078125,25492.30078125,25551.25,25318.44921875,25433.80078125,305600,-0.0006820322478444663,0.0004393176922750097
2025-11-10,25574.349609375,25574.349609375,25653.44921875,25503.5,25503.5,243600,0.0032185728871263475,0.0016677018683346478
2025-11-11,25694.94921875,25694.94921875,25715.80078125,25449.25,25617.0,297700,0.0047156471705849246,0.005423305619857599
2025-11-12,25875.80078125,25875.80078125,25934.55078125,25781.150390625,25834.30078125,312600,0.0070384090258497345,0.0011709329647859867
2025-11-13,25879.150390625,25879.150390625,26010.69921875,25808.400390625,25906.099609375,385200,0.00012944949620363744,-0.004298827369553115
2025-11-14,25910.05078125,25910.05078125,25940.19921875,25740.80078125,25767.900390625,518900,0.001194026471448284,0.0014723412864789953
2025-11-17,26013.44921875,26013.44921875,26024.19921875,25906.349609375,25948.19921875,281800,0.0039906690408659795,0.00032104787142106517
2025-11-18,25910.05078125,25910.05078125,26029.849609375,25876.5,26021.80078125,280000,-0.003974806902018679,0.00031064501544020295
2025-11-19,26052.650390625,26052.650390625,26074.650390625,25856.19921875,25918.099609375,250100,0.005503640675154298,0.003049563770240793
2025-11-20,26192.150390625,26192.150390625,26246.650390625,26063.19921875,26132.099609375,240400,0.005354541588221684,-0.00315360167619394
2025-11-21,26068.150390625,26068.150390625,26179.19921875,26052.19921875,26109.55078125,235600,-0.0047342428227803435,0.002096442969910628
2025-11-24,25959.5,25959.5,26142.80078125,25912.150390625,26122.80078125,464700,-0.004167936312968079,0.0015023401837477302
2025-11-25,25884.80078125,25884.80078125,26032.599609375,25857.5,25998.5,260500,-0.002877529180069005,-0.0016168392738922233
2025-11-26,26205.30078125,26205.30078125,26215.150390625,25842.94921875,25842.94921875,275300,0.012381783530362567,0.002135034404567193
2025-11-27,26215.55078125,26215.55078125,26310.44921875,26141.900390625,26261.25,240300,0.0003911422381892571,0.0008353224268575765
2025-11-28,26202.94921875,26202.94921875,26280.75,26172.400390625,26237.44921875,202500,-0.0004806903583736144,0.004688463175438695
2025-12-01,26175.75,26175.75,26325.80078125,26124.19921875,26325.80078125,213800,-0.0010380212747401751,-0.0033542794857835956
2025-12-02,26032.19921875,26032.19921875,26154.599609375,25997.849609375,26087.94921875,254800,-0.005484113396941881,-0.0010486562389756537
2025-12-03,25986.0,25986.0,26066.44921875,25891.0,26004.900390625,265700,-0.0017746951904364927,-0.0001597164097976167
2025-12-04,26033.75,26033.75,26098.25,25938.94921875,25981.849609375,248100,0.0018375278996383138,-0.0013040464301147248
2025-12-05,26186.44921875,26186.44921875,26202.599609375,25985.349609375,25999.80078125,249300,0.005865433091659877,-0.0010176422651804184
2025-12-08,25960.55078125,25960.55078125,26178.69921875,25892.25,26159.80078125,320700,-0.00862653945989178,-0.003599737642796641
2025-12-09,25839.650390625,25839.650390625,25923.650390625,25728.0,25867.099609375,276000,-0.004657081109092687,0.0009443003390576798
2025-12-10,25758.0,25758.0,25947.650390625,25734.55078125,25864.05078125,207900,-0.0031598875909956137,0.0005202418908689665
2025-12-11,25898.55078125,25898.55078125,25922.80078125,25693.25,25771.400390625,206100,0.0054565875164998,0.0028051159353903454
2025-12-12,26046.94921875,26046.94921875,26057.599609375,25938.44921875,25971.19921875,216300,0.005729990019651465,-0.004487989611307364
2025-12-15,26027.30078125,26027.30078125,26047.150390625,25904.75,25930.05078125,181600,-0.0007543469807149705,-0.002912356601519228
2025-12-16,25860.099609375,25860.099609375,25980.75,25834.349609375,25951.5,264400,-0.006424068837574293,0.0016357547685030838
2025-12-17,25818.55078125,25818.55078125,25929.150390625,25770.349609375,25902.400390625,206500,-0.001606677033445636,-0.0020857701486137747
2025-12-18,25815.55078125,25815.55078125,25902.349609375,25726.30078125,25764.69921875,197600,-0.00011619552256891819,0.0037167217373370587
2025-12-19,25966.400390625,25966.400390625,25993.349609375,25880.44921875,25911.5,382900,0.005843362036054733,0.0034448062651877276
2025-12-22,26172.400390625,26172.400390625,26180.69921875,26047.80078125,26055.849609375,253000,0.00793332910611566,0.0012531837980267468
2025-12-23,26177.150390625,26177.150390625,26233.55078125,26119.05078125,26205.19921875,216600,0.00018148889399149937,-0.0002483081581838853
2025-12-24,26142.099609375,26142.099609375,26236.400390625,26123.0,26170.650390625,188800,-0.0013389838361685946,-0.0007975491520016975
2025-12-26,26042.30078125,26042.30078125,26144.19921875,26008.599609375,26121.25,142200,-0.0038175521330050532,0.0008082553189829866
2025-12-29,25942.099609375,25942.099609375,26106.80078125,25920.30078125,26063.349609375,234300,-0.003847631310177624,-4.6226742170363266e-05
2025-12-30,25938.849609375,25938.849609375,25976.75,25878.0,25940.900390625,396900,-0.00012527898855285713,0.0012414263685527338
2025-12-31,26129.599609375,26129.599609375,26187.94921875,25969.0,25971.05078125,246300,0.0073538342244390265,0.001672477670087158
2026-01-01,26146.55078125,26146.55078125,26197.55078125,26113.400390625,26173.30078125,425600,0.0006487344669803274,0.0003269581596641036
2026-01-02,26328.55078125,26328.55078125,26340.0,26118.400390625,26155.099609375,357500,0.006960765170238581,0.00019554579903680036
2026-01-05,26250.30078125,26250.30078125,26373.19921875,26210.05078125,26333.69921875,338800,-0.0029720587604740167,-0.002308604499621114
2026-01-06,26178.69921875,26178.69921875,26273.94921875,26124.75,26189.69921875,383000,-0.0027276473171363724,-0.001359869299751293
2026-01-07,26140.75,26140.75,26187.150390625,26067.900390625,26143.099609375,338200,-0.001449622016468255,-0.0013102148943698877
2026-01-08,25876.849609375,25876.849609375,26133.19921875,25858.44921875,26106.5,328500,-0.010095364158449915,-0.0014085647712229754
2026-01-09,25683.30078125,25683.30078125,25940.599609375,25623.0,25840.400390625,348800,-0.007479613285493514,-0.000554835226257322
2026-01-12,25790.25,25790.25,25813.150390625,25473.400390625,25669.05078125,275800,0.004164153963733375,0.004152716990917016
2026-01-13,25732.30078125,25732.30078125,25899.80078125,25603.30078125,25897.349609375,339500,-0.002246942885392733,-0.003254664272423935
2026-01-14,25665.599609375,25665.599609375,25791.75,25603.94921875,25648.55078125,393100,-0.00259211846006413,0.0011864586192593674
2026-01-16,25694.349609375,25694.349609375,25873.5,25662.400390625,25696.05078125,434000,0.0011201764399650926,-0.0016054113307834017
2026-01-19,25585.5,25585.5,25653.30078125,25494.349609375,25653.099609375,443100,-0.004236324757381116,-0.00020320958159891767
2026-01-20,25232.5,25232.5,25585.0,25171.349609375,25580.30078125,409800,-0.013796877137441155,-0.003626275636579801
2026-01-21,25157.5,25157.5,25300.94921875,24919.80078125,25141.0,395600,-0.0029723570791637677,0.007419274197555392
2026-01-22,25289.900390625,25289.900390625,25435.75,25168.5,25344.150390625,486400,0.00526285960946038,0.0021628878684820663
2026-01-23,25048.650390625,25048.650390625,25347.94921875,25025.30078125,25344.599609375,393900,-0.009539381186706164,0.0005868267759248091
2026-01-27,25175.400390625,25175.400390625,25246.650390625,24932.55078125,25063.349609375,618700,0.005060152863462841,0.0033147126740862287
2026-01-28,25342.75,25342.75,25372.099609375,25187.650390625,25258.849609375,574900,0.006647346488174222,8.878278797674888e-05
2026-01-29,25418.900390625,25418.900390625,25458.150390625,25159.80078125,25345.0,582400,0.0030048195489833507,-0.006741031545101639
2026-01-30,25320.650390625,25320.650390625,25370.69921875,25213.650390625,25247.55078125,508400,-0.003865234077404689,-0.020700510553199214
2026-02-02,25088.400390625,25088.400390625,25108.099609375,24679.400390625,24796.5,449200,-0.00917235522852089,0.04861411535351445
2026-02-03,25727.55078125,25727.55078125,26341.19921875,25641.30078125,26308.05078125,637300,0.025475932330218942,-0.00204061398795341
2026-02-04,25776.0,25776.0,25818.55078125,25563.94921875,25675.05078125,429800,0.0018831648283172964,-0.0007797800036856151
2026-02-05,25642.80078125,25642.80078125,25757.650390625,25579.5,25755.900390625,343800,-0.00516756745616076,-0.0014429001073491543
2026-02-06,25693.69921875,25693.69921875,25703.94921875,25491.900390625,25605.80078125,375500,0.0019849016468285186,0.007589409307698913
2026-02-09,25867.30078125,25867.30078125,25922.25,25780.900390625,25888.69921875,359400,0.006756581098813275,0.002139752030684283
2026-02-10,25935.150390625,25935.150390625,25989.44921875,25870.44921875,25922.650390625,460900,0.0026229876069705504,0.0024021001300043032
2026-02-11,25953.849609375,25953.849609375,26009.400390625,25899.80078125,25997.44921875,331400,0.0007209990483325601,-0.0018167012344854072
2026-02-12,25807.19921875,25807.19921875,25906.69921875,25752.400390625,25906.69921875,419400,-0.00565042923620962,-0.00914662711455727
2026-02-13,25471.099609375,25471.099609375,25630.349609375,25444.30078125,25571.150390625,453500,-0.01302348257655217,-0.001864858633057076
2026-02-16,25682.75,25682.75,25697.0,25372.69921875,25423.599609375,275800,0.008309432803093486,-0.0017443919070192493
2026-02-17,25725.400390625,25725.400390625,25764.400390625,25570.30078125,25637.94921875,344100,0.00166066292063749,0.0010592643685316538
2026-02-18,25819.349609375,25819.349609375,25828.05078125,25645.150390625,25752.650390625,310200,0.003652002197183979,0.002091454696457218
2026-02-19,25454.349609375,25454.349609375,25885.30078125,25388.75,25873.349609375,298200,-0.014136684522350174,-0.0018778255527454046
2026-02-20,25571.25,25571.25,25663.55078125,25379.75,25406.55078125,296600,0.004592550680687868,0.00419026800117317
2026-02-23,25713.0,25713.0,25771.44921875,25609.349609375,25678.400390625,313700,0.00554333479982394,-0.0027689969567923356
2026-02-24,25424.650390625,25424.650390625,25641.80078125,25327.599609375,25641.80078125,439100,-0.011214156627970318,0.003459210545621927
2026-02-25,25482.5,25482.5,25652.599609375,25428.19921875,25512.599609375,414200,0.002275335490801167,0.0028961358285097827
2026-02-26,25496.55078125,25496.55078125,25572.94921875,25400.94921875,25556.30078125,405200,0.0005513894339252978,-0.0014394563480323308
2026-02-27,25178.650390625,25178.650390625,25476.400390625,25141.30078125,25459.849609375,438900,-0.012468368500212268,-0.020628603303471493
2026-03-02,24865.69921875,24865.69921875,24989.349609375,24603.5,24659.25,519200,-0.012429227421638323,-0.019178967512821665
2026-03-04,24480.5,24480.5,24602.44921875,24305.400390625,24388.80078125,599000,-0.015491187895474101,0.005532943312023919
2026-03-05,24765.900390625,24765.900390625,24854.19921875,24529.400390625,24615.94921875,504300,0.011658274570576665,-0.004421401938669245
2026-03-06,24450.44921875,24450.44921875,24700.900390625,24415.75,24656.400390625,433400,-0.012737318930444053,-0.023819539358540087
2026-03-09,24028.05078125,24028.05078125,24078.150390625,23697.80078125,23868.05078125,526900,-0.017275692308183932,0.010518955628195714
2026-03-10,24261.599609375,24261.599609375,24303.80078125,24079.94921875,24280.80078125,444300,0.009719840791548862,-0.0012262175816513121
2026-03-11,23866.849609375,23866.849609375,24299.0,23834.30078125,24231.849609375,407400,-0.01627056774308744,-0.008044631073745978
2026-03-12,23639.150390625,23639.150390625,23833.150390625,23556.30078125,23674.849609375,501000,-0.009540396930332928,-0.007472789322202411
2026-03-13,23151.099609375,23151.099609375,23492.400390625,23112.0,23462.5,519800,-0.02064586811222946,-0.0015118072398525584
2026-03-16,23408.80078125,23408.80078125,23502.0,22955.25,23116.099609375,540300,0.011131271353117311,0.003605414830459841
2026-03-17,23581.150390625,23581.150390625,23656.80078125,23346.599609375,23493.19921875,458800,0.007362598835607637,0.002194549423703007
2026-03-18,23777.80078125,23777.80078125,23862.25,23618.44921875,23632.900390625,382900,0.008339304375208911,-0.024394635424290323
2026-03-19,23002.150390625,23002.150390625,23378.69921875,22930.349609375,23197.75,550100,-0.03262077926216955,0.004695213193807168
2026-03-20,23114.5,23114.5,23345.150390625,23067.599609375,23110.150390625,663300,0.004884308965338757,-0.012552743543014167
2026-03-23,22512.650390625,22512.650390625,22851.69921875,22471.25,22824.349609375,550300,-0.026037751600726855,0.016248590093920212
2026-03-24,22912.400390625,22912.400390625,23057.30078125,22624.19921875,22878.44921875,538100,0.017756683156527453,0.0066339622828079925
2026-03-25,23306.44921875,23306.44921875,23465.349609375,23063.19921875,23064.400390625,505400,0.01719805962740728,-0.0057022172812615235
2026-03-27,22819.599609375,22819.599609375,23186.099609375,22804.55078125,23173.55078125,612600,-0.02088905112938999,-0.011829708819215967
2026-03-30,22331.400390625,22331.400390625,22714.099609375,22283.849609375,22549.650390625,698600,-0.02139385559374285,0.02541710772483774
2026-04-01,22679.400390625,22679.400390625,22941.30078125,22618.599609375,22899.0,518000,0.015583438293735208,-0.013051491437240936
2026-04-02,22713.099609375,22713.099609375,22782.30078125,22182.55078125,22383.400390625,495100,0.0014858954897207788,0.002958696656587545
2026-04-06,22968.25,22968.25,22998.349609375,22542.94921875,22780.30078125,426400,0.01123362266767347,-0.005640428907295991
2026-04-07,23123.650390625,23123.650390625,23153.849609375,22719.30078125,22838.69921875,477000,0.0067658785769486585,0.03163427865595869
2026-04-08,23997.349609375,23997.349609375,24025.150390625,23828.5,23855.150390625,639300,0.03778379295615997,-0.003679524179224569
2026-04-09,23775.099609375,23775.099609375,23990.75,23682.80078125,23909.05078125,466600,-0.009261439434677166,0.004435361937807247
2026-04-10,24050.599609375,24050.599609375,24074.05078125,23856.349609375,23880.55078125,481300,0.011587753764504383,-0.019167921277950195
2026-04-13,23842.650390625,23842.650390625,23907.400390625,23555.599609375,23589.599609375,488800,-0.008646321593950623,0.013469575964225822
2026-04-15,24231.30078125,24231.30078125,24280.900390625,24145.80078125,24163.80078125,460300,0.016300637062472756,0.006351224760458907
2026-04-16,24196.75,24196.75,24400.94921875,24102.80078125,24385.19921875,508000,-0.0014258739785333319,-0.0012749484693191926
2026-04-17,24353.55078125,24353.55078125,24371.900390625,24096.05078125,24165.900390625,498600,0.006480241406387144,0.0015582622464735962
2026-04-20,24364.849609375,24364.849609375,24480.650390625,24241.25,24391.5,415900,0.00046394992773279853,0.0003981626002431682
2026-04-21,24576.599609375,24576.599609375,24601.69921875,24354.900390625,24374.55078125,425800,0.008690798564113589,-0.0043028735333939805
2026-04-22,24378.099609375,24378.099609375,24515.94921875,24352.900390625,24470.849609375,440500,-0.00807678861823835,-0.0072093396456716086
2026-04-23,24173.05078125,24173.05078125,24310.19921875,24134.80078125,24202.349609375,467500,-0.008411190019346093,-0.0029992076985265737
2026-04-24,23897.94921875,23897.94921875,24206.0,23813.650390625,24100.55078125,438400,-0.011380506539678703,0.001987618249800871
2026-04-27,24092.69921875,24092.69921875,24130.69921875,23936.19921875,23945.44921875,430300,0.008149234824183171,-0.0017764231286999665
2026-04-28,23995.69921875,23995.69921875,24181.80078125,23957.05078125,24049.900390625,554100,-0.004026115924964935,0.004217471262347061
2026-04-29,24177.650390625,24177.650390625,24334.69921875,24059.94921875,24096.900390625,531100,0.007582657634449097,-0.007473892994377507
2026-04-30,23997.55078125,23997.55078125,24087.44921875,23796.849609375,23996.94921875,505500,-0.007449012061355398,0.002750280668290861
2026-05-04,24119.30078125,24119.30078125,24290.19921875,24004.75,24063.55078125,419100,0.005073434414612388,-0.0027654687206708495
2026-05-05,24032.80078125,24032.80078125,24081.69921875,23882.05078125,24052.599609375,363300,-0.0035863394542201554,0.005750441657129679
2026-05-06,24330.94921875,24330.94921875,24356.5,23997.900390625,24171.0,429200,0.01240589643353629,0.0027763315209232697
2026-05-07,24326.650390625,24326.650390625,24482.099609375,24284.0,24398.5,440600,-0.00017668148029703623,-0.0038229677537454654
2026-05-08,24176.150390625,24176.150390625,24253.80078125,24126.650390625,24233.650390625,335900,-0.006186630612244115,-0.008522894584983343
2026-05-11,23815.849609375,23815.849609375,23997.44921875,23799.099609375,23970.099609375,390100,-0.014903149402549887,-0.003915459726588688
2026-05-12,23379.55078125,23379.55078125,23757.55078125,23348.400390625,23722.599609375,447500,-0.018319683541890175,-0.0007314752391955892
2026-05-13,23412.599609375,23412.599609375,23582.94921875,23262.55078125,23362.44921875,415400,0.0014135784059419176,0.005025088738026762
2026-05-14,23689.599609375,23689.599609375,23777.19921875,23426.55078125,23530.25,428700,0.011831236369372666,0.001764520377687484
2026-05-15,23643.5,23643.5,23839.30078125,23610.30078125,23731.400390625,408900,-0.0019459851637491088,-0.006822204041279867
2026-05-18,23649.94921875,23649.94921875,23695.650390625,23317.099609375,23482.19921875,392000,0.0002727692071817778,0.0010719499761082663
2026-05-19,23618.0,23618.0,23782.30078125,23587.19921875,23675.30078125,442000,-0.0013509212410769411,-0.006806249470742709
2026-05-20,23659.0,23659.0,23690.900390625,23397.30078125,23457.25,344100,0.0017359640951817301,0.0072298398600956215
2026-05-21,23654.69921875,23654.69921875,23859.900390625,23596.599609375,23830.05078125,348200,-0.00018178203854768427,0.0006975358193064274
2026-05-22,23719.30078125,23719.30078125,23835.650390625,23671.0,23671.19921875,336100,0.002731024474358801,0.009315165771018874
2026-05-25,24031.69921875,24031.69921875,24054.44921875,23922.849609375,23940.25,351200,0.01317064277657587,-0.001148466828074568
2026-05-26,23913.69921875,23913.69921875,24089.80078125,23885.44921875,24004.099609375,387900,-0.004910181295375682,-0.0013945817863616483
2026-05-27,23907.150390625,23907.150390625,23983.19921875,23858.25,23880.349609375,531600,-0.00027385257567613674,-0.0002091424497818739
2026-05-29,23547.75,23547.75,24002.80078125,23484.75,23902.150390625,1198000,-0.015033175629577955,0.0045333418267137215
2026-06-01,23382.599609375,23382.599609375,23733.69921875,23357.94921875,23654.5,421700,-0.007013425513053284,-0.0065625388670845775
2026-06-02,23483.55078125,23483.55078125,23556.94921875,23229.150390625,23229.150390625,511900,0.00431736306319519,-0.0028786772123905457
2026-06-03,23405.599609375,23405.599609375,23459.650390625,23151.5,23415.94921875,450100,-0.0033193946094914883,-0.005261578112943255
2026-06-04,23416.55078125,23416.55078125,23465.30078125,23247.30078125,23282.44921875,412500,0.00046788683297016576,0.0026647151445533535
2026-06-05,23366.69921875,23366.69921875,23516.349609375,23282.650390625,23478.94921875,366200,-0.0021289028843615165,-0.01223964058092153
2026-06-08,23123.0,23123.0,23267.30078125,23070.150390625,23080.69921875,375700,-0.010429338627102713,0.005883785894996274
2026-06-09,23242.099609375,23242.099609375,23279.400390625,23104.44921875,23259.05078125,402600,0.005150698844224255,-0.0003506735949841966
2026-06-10,23214.94921875,23214.94921875,23425.349609375,23184.599609375,23233.94921875,380000,-0.0011681556778996294,-0.00476196726011846
2026-06-11,23161.599609375,23161.599609375,23327.44921875,23072.05078125,23104.400390625,363000,-0.0022980713363744965,0.010834794492061928
2026-06-12,23622.900390625,23622.900390625,23645.349609375,23313.900390625,23412.55078125,351900,0.019916620139797336,0.015321963550828155
2026-06-15,23853.900390625,23853.900390625,24011.400390625,23817.80078125,23984.849609375,398900,0.009778646829145199,0.0029345305737720206
2026-06-16,23989.150390625,23989.150390625,24002.599609375,23888.19921875,23923.900390625,327300,0.005669932287180934,0.0023072767677772
2026-06-17,24085.69921875,24085.69921875,24108.19921875,23969.69921875,24044.5,352700,0.004024687267071059,-0.000494004238446033
2026-06-18,24168.0,24168.0,24189.25,24036.94921875,24073.80078125,340000,0.0034169978003351087,-0.007315490783267098
2026-06-19,24013.099609375,24013.099609375,24047.19921875,23901.900390625,23991.19921875,447900,-0.006409317718677587,0.0038937080810466096
2026-06-22,24102.900390625,24102.900390625,24168.05078125,24073.150390625,24106.599609375,252800,0.0037396580495980825,-0.0013110293310298893
2026-06-23,23824.099609375,23824.099609375,24135.5,23784.94921875,24071.30078125,340100,-0.011567105067506356,-0.0011878236151205979
2026-06-24,24021.650390625,24021.650390625,24090.05078125,23789.25,23795.80078125,395600,0.008292056551520766,0.004337721058111255
2026-06-25,24056.0,24056.0,24261.599609375,24039.0,24125.849609375,448800,0.0014299437722400388,0.00023902560691713148
2026-06-29,23946.25,23946.25,24120.0,23924.55078125,24061.75,588500,-0.004562271366810755,0.003583057107062748
2026-06-30,23865.75,23865.75,24035.55078125,23829.19921875,24032.05078125,449000,-0.0033616954637991636,0.001336659883934166
2026-07-01,24005.849609375,24005.849609375,24049.900390625,23895.099609375,23897.650390625,352100,0.0058703208311072785,0.0023473282675650076
2026-07-02,24175.69921875,24175.69921875,24194.55078125,24058.80078125,24062.19921875,372900,0.007075342557701703,0.00827075031277369
2026-07-03,24270.849609375,24270.849609375,24378.150390625,24252.349609375,24375.650390625,326600,0.003935786500487426,0.0014832608078991782
2026-07-06,24430.349609375,24430.349609375,24458.650390625,24287.099609375,24306.849609375,329400,0.006571669412775316,0.0013957888413480557
2026-07-07,24398.69921875,24398.69921875,24530.900390625,24348.94921875,24464.44921875,412600,-0.0012955357222089736,-0.005703108852338601
2026-07-08,23882.05078125,23882.05078125,24300.0,23805.19921875,24259.55078125,420500,-0.02117524515827318,0.00196375252400105
2026-07-09,23962.80078125,23962.80078125,24134.69921875,23925.69921875,23928.94921875,384800,0.0033812004144717633,0.006756240181518436
2026-07-10,24206.900390625,24206.900390625,24228.44921875,24120.349609375,24124.69921875,313100,0.01018660596494203,-0.006919514572170105
2026-07-13,24211.0,24211.0,24259.80078125,24000.19921875,24039.400390625,322700,0.0001693570555851842,-0.005906406179009505
2026-07-14,24052.05078125,24052.05078125,24157.099609375,24023.69921875,24068.0,355800,-0.006565165369047166,0.00140523685204208
2026-07-15,24078.5,24078.5,24220.349609375,24010.55078125,24085.849609375,306900,0.0010996658451518648,0.002641344326889117
2026-07-16,24072.75,24072.75,24186.5,24050.0,24142.099609375,264300,-0.00023880225097083763,0.002278493706576956
2026-07-17,24334.30078125,24334.30078125,24367.30078125,24099.05078125,24127.599609375,387800,0.010865014643113069,-0.005927846511667445
2026-07-20,24238.5,24238.5,24266.099609375,24135.849609375,24190.05078125,353100,-0.003936861885253551,-0.0009261801988571516
2026-07-21,24187.69921875,24187.69921875,24262.19921875,24135.650390625,24216.05078125,315600,-0.002095871495760848,-0.0015400389951568672
2026-07-22,23996.25,23996.25,24166.30078125,23961.400390625,24150.44921875,304700,-0.0079151479856997,-0.0038109795801427593
2026-07-23,23869.599609375,23869.599609375,23990.75,23807.19921875,23904.80078125,344000,-0.0052779242850445884,-0.00851501505371588
2026-07-24,23767.44921875,23767.44921875,23823.599609375,23606.30078125,23666.349609375,333900,-0.004279518395644999,0.006771916093883057
2026-07-27,23995.94921875,23995.94921875,24011.599609375,23891.55078125,23928.400390625,319400,0.009613989195766948,-0.0010293078437880743
2026-07-28,23985.349609375,23985.349609375,24041.150390625,23954.599609375,23971.25,437800,-0.0004417249460887396,0.007975734536520118
2026-07-29,24250.19921875,24250.19921875,24283.55078125,24136.75,24176.650390625,424200,0.011042140877174367,-2.673947105136243e-05
2026-07-30,24317.150390625,24317.150390625,24342.94921875,24187.099609375,24249.55078125,400600,0.0027608503860552247,0.0018217113195171386
2026-07-31,24383.599609375,24383.599609375,24429.400390625,24299.69921875,24361.44921875,411700,0.0027326071386892803,0.007755196624139815
2026-08-03,24774.30078125,24774.30078125,24774.30078125,24515.150390625,24572.69921875,342300,0.01602311299947612,-0.0028416701341691386
2026-08-04,24614.900390625,24614.900390625,24703.900390625,24427.94921875,24703.900390625,296500,-0.006434102501316152,0.0022059332868833437
2026-08-05,24624.650390625,24624.650390625,24677.599609375,24497.94921875,24669.19921875,355500,0.00039610154196334513,0.0006639529542813438
2026-08-06,24636.0,24636.0,24677.05078125,24604.150390625,24641.0,344000,0.0004609043862535689,-0.003941370732870597
2026-08-07,24570.650390625,24570.650390625,24630.400390625,24522.75,24538.900390625,254800,-0.0026526063230638552,0.0004313931135924154
2026-08-10,24583.80078125,24583.80078125,24620.94921875,24511.099609375,24581.25,269500,0.0005352072662276885,-0.00035393924448157144
2026-08-11,24471.69921875,24471.69921875,24576.849609375,24429.25,24575.099609375,271800,-0.00455997685213505,3.064764703486489e-05
2026-08-12,24435.94921875,24435.94921875,24473.30078125,24265.94921875,24472.44921875,317600,-0.0014608711753293369,-0.00017800042617799328
2026-08-13,24395.849609375,24395.849609375,24431.599609375,24311.400390625,24431.599609375,295800,-0.0016410088683697088,-0.001391598132206573
2026-08-14,24366.0,24366.0,24405.19921875,24296.80078125,24361.900390625,267700,-0.001223552770366676,-0.0009255019802183462
2026-08-17,24287.650390625,24287.650390625,24360.099609375,24226.94921875,24343.44921875,225400,-0.003215530221415075,-0.0026268815724812544
2026-08-18,24154.900390625,24154.900390625,24269.650390625,24154.900390625,24223.849609375,227000,-0.00546574073098649,-0.00011797230909327272
2026-08-19,24078.30078125,24078.30078125,24172.849609375,24025.650390625,24152.05078125,238700,-0.003171182995427735,0.006111246754363364
2026-08-20,24231.849609375,24231.849609375,24265.150390625,24184.55078125,24225.44921875,253900,0.006377062464663963,0.0021542380262546956
2026-08-21,24252.0,24252.0,24284.05078125,24206.80078125,24284.05078125,259300,0.000831566345525836,0.0013628064180273292
2026-08-24,24219.05078125,24219.05078125,24313.0,24144.30078125,24285.05078125,236300,-0.0013586186190829297,-0.0017878810214776442
2026-08-25,24334.55078125,24334.55078125,24334.55078125,24115.44921875,24175.75,239500,0.004768973030496282,0.0003040301654428923
2026-08-26,24207.75,24207.75,24378.599609375,24207.75,24341.94921875,244800,-0.00521073030646213,0.002885423443938384
2026-08-27,24090.849609375,24090.849609375,24297.44921875,24090.849609375,24277.599609375,323400,-0.00482904816122931,0.001317927782324535
2026-08-28,24175.650390625,24175.650390625,24188.30078125,24076.849609375,24122.599609375,296100,0.0035200411203846205,-0.0024032283903944185
2026-08-31,24080.400390625,24080.400390625,24128.69921875,23993.599609375,24117.55078125,710900,-0.003939914685270995,-0.00011833729210375399
2026-09-01,24055.80078125,24055.80078125,24143.150390625,23952.55078125,24077.55078125,334200,-0.0010215614763854353,-0.008222581449218391
2026-09-02,23914.44921875,23914.44921875,23914.44921875,23786.80078125,23858.0,318900,-0.005875986577431824,0.003491612925566878
2026-09-03,23873.44921875,23873.44921875,24025.400390625,23873.44921875,23997.94921875,239100,-0.0017144446700387839,0.0015687373672668148
2026-09-04,23897.69921875,23897.69921875,24005.75,23895.849609375,23910.900390625,231400,0.0010157727849795517,-0.0006087961854329693
2026-09-07,23779.150390625,23779.150390625,23890.0,23737.900390625,23883.150390625,205900,-0.004960679563327464,-0.0015160668340872263
2026-09-08,23635.099609375,23635.099609375,23758.94921875,23623.099609375,23743.099609375,230100,-0.00605786072604142,-0.004783090826499303
2026-09-09,23431.5,23431.5,23571.55078125,23431.5,23522.05078125,352900,-0.008614290302979777,0.0006444149702324875
2026-09-10,23477.80078125,23477.80078125,23494.94921875,23380.099609375,23446.599609375,253200,0.0019760058574995742,-0.008838136158209275
2026-09-11,23398.099609375,23398.099609375,23448.099609375,23231.400390625,23270.30078125,293000,-0.0033947460674703667,0.007609625748351778
2026-09-15,23118.599609375,23118.599609375,23592.849609375,23118.599609375,23576.150390625,338800,-0.011945414570677881,0.00359018285719781
2026-09-16,23217.599609375,23217.599609375,23284.75,23116.099609375,23201.599609375,261600,0.004282266299549198,-0.0009626149882425716
2026-09-17,23270.599609375,23270.599609375,23363.55078125,23193.650390625,23195.25,259700,0.0022827510548764085,0.0027545319179991257
2026-09-18,23346.400390625,23346.400390625,23389.150390625,23286.599609375,23334.69921875,375300,0.0032573626173113546,-0.0006939473153859677
2026-09-21,23414.30078125,23414.30078125,23466.80078125,23314.80078125,23330.19921875,0,0.002908387995104622,
